season,week,team,game_id,elo,qb_adj
1999,1,ARI,1999_01_ARI_PHI,1505.0,0.0
1999,1,ATL,1999_01_MIN_ATL,1505.0,0.0
1999,1,BUF,1999_01_BUF_IND,1505.0,0.0
1999,1,CAR,1999_01_CAR_NO,1505.0,0.0
1999,1,CHI,1999_01_KC_CHI,1505.0,0.0
1999,1,CIN,1999_01_CIN_TEN,1505.0,0.0
1999,1,CLE,1999_01_PIT_CLE,1505.0,0.0
1999,1,DAL,1999_01_DAL_WAS,1505.0,0.0
1999,1,DEN,1999_01_MIA_DEN,1505.0,0.0
1999,1,DET,1999_01_DET_SEA,1505.0,0.0
1999,1,GB,1999_01_OAK_GB,1505.0,0.0
1999,1,IND,1999_01_BUF_IND,1505.0,0.0
1999,1,JAX,1999_01_SF_JAX,1505.0,0.0
1999,1,KC,1999_01_KC_CHI,1505.0,0.0
1999,1,MIA,1999_01_MIA_DEN,1505.0,0.0
1999,1,MIN,1999_01_MIN_ATL,1505.0,0.0
1999,1,NE,1999_01_NE_NYJ,1505.0,0.0
1999,1,NO,1999_01_CAR_NO,1505.0,0.0
1999,1,NYG,1999_01_NYG_TB,1505.0,0.0
1999,1,NYJ,1999_01_NE_NYJ,1505.0,0.0
1999,1,OAK,1999_01_OAK_GB,1505.0,0.0
1999,1,PHI,1999_01_ARI_PHI,1505.0,0.0
1999,1,PIT,1999_01_PIT_CLE,1505.0,0.0
1999,1,SEA,1999_01_DET_SEA,1505.0,0.0
1999,1,SF,1999_01_SF_JAX,1505.0,0.0
1999,1,TB,1999_01_NYG_TB,1505.0,0.0
1999,1,TEN,1999_01_CIN_TEN,1505.0,0.0
1999,1,WAS,1999_01_DAL_WAS,1505.0,0.0
1999,1,BAL,,,
1999,1,HOU,,,
1999,1,LAC,,,
1999,1,LAR,,,
1999,2,PIT,1999_02_PIT_BAL,1552.7353,0.0
1999,2,JAX,1999_02_JAX_CAR,1535.4643,0.0
1999,2,MIA,1999_02_ARI_MIA,1521.6192,0.0
1999,2,DAL,1999_02_ATL_DAL,1519.9658,0.0
1999,2,IND,1999_02_IND_NE,1518.8913,0.0
1999,2,CIN,1999_02_LAC_CIN,1515.9051,0.0
1999,2,KC,1999_02_DEN_KC,1512.3045,0.0
1999,2,DET,1999_02_GB_DET,1512.2448,0.0
1999,2,GB,1999_02_GB_DET,1511.9939,0.0
1999,2,MIN,1999_02_OAK_MIN,1509.3404,0.0
1999,2,NO,1999_02_NO_SF,1508.6808,0.0
1999,2,NYJ,1999_02_NYJ_BUF,1508.2949,-155.6804
1999,2,ARI,1999_02_ARI_MIA,1507.2108,0.0
1999,2,TEN,1999_02_CLE_TEN,1507.1084,-55.6678
1999,2,WAS,1999_02_WAS_NYG,1506.2106,0.0
1999,2,ATL,1999_02_ATL_DAL,1505.8269,-119.5765
1999,2,NE,1999_02_IND_NE,1505.6602,0.0
1999,2,NYG,1999_02_WAS_NYG,1505.4614,0.0
1999,2,BAL,1999_02_PIT_BAL,1505.0,0.0
1999,2,LAC,1999_02_LAC_CIN,1505.0,0.0
1999,2,OAK,1999_02_OAK_MIN,1503.2624,0.0
1999,2,PHI,1999_02_TB_PHI,1498.3738,0.0
1999,2,DEN,1999_02_DEN_KC,1496.5804,0.0
1999,2,SEA,1999_02_SEA_CHI,1495.6924,-19.7223
1999,2,CHI,1999_02_SEA_CHI,1495.4869,0.0
1999,2,BUF,1999_02_NYJ_BUF,1491.1955,0.0
1999,2,TB,1999_02_TB_PHI,1489.5622,0.0
1999,2,CAR,1999_02_JAX_CAR,1489.3674,0.0
1999,2,SF,1999_02_NO_SF,1467.0553,0.0
1999,2,CLE,1999_02_CLE_TEN,1458.6441,18.1302
1999,2,HOU,,,
1999,2,LAR,,,
1999,3,PIT,1999_03_SEA_PIT,1558.0821,0.0
1999,3,JAX,1999_03_TEN_JAX,1543.3453,0.0
1999,3,WAS,1999_03_WAS_NYJ,1542.9338,0.0
1999,3,IND,1999_03_IND_LAC,1535.0552,0.0
1999,3,TEN,1999_03_TEN_JAX,1529.1307,-33.723
1999,3,LAC,1999_03_IND_LAC,1525.9157,0.0
1999,3,MIA,1999_02_ARI_MIA,1521.6192,0.0
1999,3,KC,1999_03_DET_KC,1520.1606,0.0
1999,3,DAL,1999_02_ATL_DAL,1519.9658,0.0
1999,3,OAK,1999_03_CHI_OAK,1516.1443,0.0
1999,3,GB,1999_03_MIN_GB,1512.2601,0.0
1999,3,DET,1999_03_DET_KC,1511.9079,0.0
1999,3,NO,1999_02_NO_SF,1508.6808,0.0
1999,3,TB,1999_03_DEN_TB,1505.0301,0.0
1999,3,SEA,1999_03_SEA_PIT,1505.0149,0.0
1999,3,LAR,1999_03_ATL_LAR,1505.0,0.0
1999,3,NYJ,1999_03_WAS_NYJ,1501.241,-158.704
1999,3,MIN,1999_03_MIN_GB,1500.8382,0.0
1999,3,ARI,1999_03_SF_ARI,1499.894,0.0
1999,3,BAL,1999_03_CLE_BAL,1499.3273,-1.9908
1999,3,BUF,1999_03_PHI_BUF,1499.0776,0.0
1999,3,NE,1999_03_NYG_NE,1498.0547,0.0
1999,3,ATL,1999_03_ATL_LAR,1492.1679,0.0
1999,3,CAR,1999_03_CIN_CAR,1491.6157,0.0
1999,3,DEN,1999_03_DEN_TB,1490.6765,0.0
1999,3,CHI,1999_03_CHI_OAK,1487.2459,0.0
1999,3,CIN,1999_03_CIN_CAR,1483.7999,0.0
1999,3,NYG,1999_03_NYG_NE,1478.5314,0.0
1999,3,PHI,1999_03_PHI_BUF,1473.7653,0.0
1999,3,SF,1999_03_SF_ARI,1468.7544,0.0
1999,3,CLE,1999_03_CLE_BAL,1442.7116,3.3653
1999,3,HOU,,,
1999,4,WAS,1999_04_CAR_WAS,1552.5996,0.0
1999,4,LAR,1999_04_LAR_CIN,1539.3336,0.0
1999,4,TEN,1999_04_TEN_SF,1537.2233,-36.8498
1999,4,IND,1999_03_IND_LAC,1535.0552,0.0
1999,4,KC,1999_04_KC_LAC,1533.9036,0.0
1999,4,JAX,1999_04_JAX_PIT,1533.0059,0.0
1999,4,SEA,1999_04_OAK_SEA,1531.1043,0.0
1999,4,OAK,1999_04_OAK_SEA,1529.4633,0.0
1999,4,DAL,1999_04_ARI_DAL,1527.4941,0.0
1999,4,PIT,1999_04_JAX_PIT,1524.527,0.0
1999,4,BUF,1999_04_BUF_MIA,1522.0358,0.0
1999,4,MIA,1999_04_BUF_MIA,1520.4384,0.0
1999,4,NO,1999_04_NO_CHI,1515.8963,0.0
1999,4,LAC,1999_04_KC_LAC,1514.0732,0.0
1999,4,CAR,1999_04_CAR_WAS,1512.4398,0.0
1999,4,GB,1999_03_MIN_GB,1512.2601,0.0
1999,4,DET,1999_03_DET_KC,1511.9079,0.0
1999,4,MIN,1999_04_TB_MIN,1511.1616,0.0
1999,4,NYJ,1999_04_NYJ_DEN,1502.2786,-165.2075
1999,4,BAL,1999_04_BAL_ATL,1499.589,-9.4136
1999,4,TB,1999_04_TB_MIN,1498.8165,0.0
1999,4,NE,1999_04_NE_CLE,1498.7438,0.0
1999,4,DEN,1999_04_NYJ_DEN,1492.239,0.0
1999,4,SF,1999_04_TEN_SF,1492.0886,-155.3934
1999,4,NYG,1999_04_PHI_NYG,1483.1598,0.0
1999,4,CHI,1999_04_NO_CHI,1479.6115,0.0
1999,4,ARI,1999_04_ARI_DAL,1477.3509,0.0
1999,4,CIN,1999_04_LAR_CIN,1464.8399,0.0
1999,4,ATL,1999_04_BAL_ATL,1464.8153,-130.7808
1999,4,PHI,1999_04_PHI_NYG,1444.6574,0.0
1999,4,CLE,1999_04_NE_CLE,1434.6899,-9.5387
1999,4,HOU,,,
1999,5,LAR,1999_05_SF_LAR,1572.4807,0.0
1999,5,IND,1999_05_MIA_IND,1553.7971,0.0
1999,5,WAS,1999_04_CAR_WAS,1552.5996,0.0
1999,5,JAX,1999_05_JAX_NYJ,1550.6589,0.0
1999,5,DAL,1999_05_DAL_PHI,1549.5872,0.0
1999,5,TEN,1999_05_BAL_TEN,1535.6511,-32.1276
1999,5,OAK,1999_05_DEN_OAK,1535.4364,0.0
1999,5,KC,1999_05_NE_KC,1534.0679,0.0
1999,5,SEA,1999_04_OAK_SEA,1531.1043,0.0
1999,5,BUF,1999_05_PIT_BUF,1530.4905,0.0
1999,5,NYJ,1999_05_JAX_NYJ,1522.1706,-164.8019
1999,5,MIN,1999_05_CHI_MIN,1522.1547,0.0
1999,5,NE,1999_05_NE_KC,1518.1898,0.0
1999,5,GB,1999_05_TB_GB,1514.89,0.0
1999,5,CAR,1999_04_CAR_WAS,1512.4398,0.0
1999,5,SF,1999_05_SF_LAR,1508.1415,-130.612
1999,5,DET,1999_05_LAC_DET,1506.8415,0.0
1999,5,MIA,1999_05_MIA_IND,1506.277,0.0
1999,5,NO,1999_05_ATL_NO,1506.1638,0.0
1999,5,BAL,1999_05_BAL_TEN,1505.0936,-13.1118
1999,5,LAC,1999_05_LAC_DET,1502.2257,49.848
1999,5,PIT,1999_05_PIT_BUF,1499.467,0.0
1999,5,TB,1999_05_TB_GB,1494.278,0.0
1999,5,CHI,1999_05_CHI_MIN,1487.054,0.0
1999,5,NYG,1999_05_NYG_ARI,1475.5943,-59.8478
1999,5,DEN,1999_05_DEN_OAK,1470.7962,0.0
1999,5,ATL,1999_05_ATL_NO,1457.1873,-127.6344
1999,5,ARI,1999_05_NYG_ARI,1454.6528,0.0
1999,5,PHI,1999_05_DAL_PHI,1445.4366,0.0
1999,5,CIN,1999_05_CIN_CLE,1433.3767,5.8302
1999,5,CLE,1999_05_CIN_CLE,1414.6124,-14.5517
1999,5,HOU,,,
1999,6,LAR,1999_06_LAR_ATL,1602.9435,0.0
1999,6,JAX,1999_06_CLE_JAX,1561.1311,0.0
1999,6,IND,1999_06_IND_NYJ,1559.8567,0.0
1999,6,WAS,1999_06_WAS_ARI,1552.6872,0.0
1999,6,DAL,1999_06_DAL_NYG,1547.3105,0.0
1999,6,BUF,1999_06_OAK_BUF,1542.7404,0.0
1999,6,TEN,1999_06_TEN_NO,1541.7826,-21.3592
1999,6,KC,1999_05_NE_KC,1534.0679,0.0
1999,6,SEA,1999_06_SEA_LAC,1529.7249,0.0
1999,6,NE,1999_06_MIA_NE,1525.6062,0.0
1999,6,CAR,1999_06_CAR_SF,1524.3166,0.0
1999,6,MIN,1999_06_MIN_DET,1523.8842,0.0
1999,6,OAK,1999_06_OAK_BUF,1520.132,0.0
1999,6,MIA,1999_06_MIA_NE,1517.9822,0.0
1999,6,NYJ,1999_06_IND_NYJ,1510.4222,-185.7748
1999,6,LAC,1999_06_SEA_LAC,1508.2603,41.962
1999,6,GB,1999_06_GB_DEN,1507.7323,0.0
1999,6,BAL,1999_05_BAL_TEN,1505.0936,-13.1118
1999,6,PIT,1999_06_PIT_CIN,1498.2078,0.0
1999,6,SF,1999_06_CAR_SF,1495.3468,-128.2747
1999,6,NO,1999_06_TEN_NO,1494.8256,10.854
1999,6,TB,1999_05_TB_GB,1494.278,0.0
1999,6,DET,1999_06_MIN_DET,1492.924,0.0
1999,6,DEN,1999_06_GB_DEN,1484.8127,0.0
1999,6,CHI,1999_06_PHI_CHI,1484.5372,52.4304
1999,6,ATL,1999_06_LAR_ATL,1471.3249,0.0
1999,6,NYG,1999_06_DAL_NYG,1464.4856,0.0
1999,6,ARI,1999_06_WAS_ARI,1458.4425,0.0
1999,6,PHI,1999_06_PHI_CHI,1444.872,0.0
1999,6,CIN,1999_06_PIT_CIN,1437.7764,5.5271
1999,6,CLE,1999_06_CLE_JAX,1403.3863,-26.4626
1999,6,HOU,,,
1999,7,LAR,1999_07_CLE_LAR,1644.1842,0.0
1999,7,WAS,1999_07_WAS_DAL,1575.818,0.0
1999,7,JAX,1999_06_CLE_JAX,1561.1311,0.0
1999,7,IND,1999_07_CIN_IND,1552.331,0.0
1999,7,TEN,1999_06_TEN_NO,1541.7826,-21.3592
1999,7,DAL,1999_07_WAS_DAL,1536.3505,0.0
1999,7,BUF,1999_07_BUF_SEA,1534.0331,0.0
1999,7,OAK,1999_07_NYJ_OAK,1531.2014,0.0
1999,7,KC,1999_07_KC_BAL,1530.732,0.0
1999,7,MIN,1999_07_SF_MIN,1526.924,-133.0177
1999,7,CAR,1999_07_DET_CAR,1523.2739,0.0
1999,7,MIA,1999_07_PHI_MIA,1523.2698,-142.5408
1999,7,DEN,1999_07_DEN_NE,1523.0762,0.0
1999,7,SEA,1999_07_BUF_SEA,1522.9807,0.0
1999,7,NYJ,1999_07_NYJ_OAK,1521.9428,-177.5003
1999,7,NE,1999_07_DEN_NE,1518.6355,0.0
1999,7,PIT,1999_07_ATL_PIT,1513.417,0.0
1999,7,LAC,1999_07_GB_LAC,1510.4423,29.9188
1999,7,NO,1999_07_NO_NYG,1509.6187,25.7213
1999,7,TB,1999_07_CHI_TB,1506.9289,0.0
1999,7,BAL,1999_07_KC_BAL,1504.9804,-22.4143
1999,7,SF,1999_07_SF_MIN,1504.7529,-120.6249
1999,7,DET,1999_07_DET_CAR,1488.3413,0.0
1999,7,GB,1999_07_GB_LAC,1478.4306,0.0
1999,7,NYG,1999_07_NO_NYG,1473.039,0.0
1999,7,CHI,1999_07_CHI_TB,1466.0328,45.3507
1999,7,PHI,1999_07_PHI_MIA,1459.4984,0.0
1999,7,ARI,1999_06_WAS_ARI,1458.4425,0.0
1999,7,ATL,1999_07_ATL_PIT,1429.3071,0.0
1999,7,CIN,1999_07_CIN_IND,1416.0994,-13.756
1999,7,CLE,1999_07_CLE_LAR,1401.8063,-14.1918
1999,7,HOU,,,
1999,8,LAR,1999_08_LAR_TEN,1676.4836,0.0
1999,8,IND,1999_08_DAL_IND,1580.2967,0.0
1999,8,JAX,1999_08_JAX_CIN,1570.9502,0.0
1999,8,WAS,1999_08_CHI_WAS,1563.468,0.0
1999,8,DAL,1999_08_DAL_IND,1561.6712,0.0
1999,8,MIN,1999_08_MIN_DEN,1559.268,-119.6063
1999,8,KC,1999_08_LAC_KC,1550.4102,0.0
1999,8,DEN,1999_08_MIN_DEN,1533.4531,0.0
1999,8,TEN,1999_08_LAR_TEN,1530.8272,0.0
1999,8,SEA,1999_08_SEA_GB,1530.6688,0.0
1999,8,OAK,1999_08_MIA_OAK,1530.2078,0.0
1999,8,BUF,1999_08_BUF_BAL,1530.1209,0.0
1999,8,MIA,1999_08_MIA_OAK,1527.5679,-135.6691
1999,8,NYJ,1999_07_NYJ_OAK,1521.9428,-177.5003
1999,8,NE,1999_08_NE_ARI,1520.6666,0.0
1999,8,PIT,1999_07_ATL_PIT,1513.417,0.0
1999,8,GB,1999_08_SEA_GB,1512.7223,0.0
1999,8,DET,1999_08_TB_DET,1510.9622,0.0
1999,8,NYG,1999_08_NYG_PHI,1510.7872,0.0
1999,8,SF,1999_07_SF_MIN,1504.7529,-120.6249
1999,8,CAR,1999_08_CAR_ATL,1503.2934,0.0
1999,8,TB,1999_08_TB_DET,1498.7762,3.9241
1999,8,BAL,1999_08_BUF_BAL,1492.5173,3.3219
1999,8,LAC,1999_08_LAC_KC,1473.8255,10.9285
1999,8,NO,1999_08_CLE_NO,1471.2949,0.0
1999,8,CHI,1999_08_CHI_WAS,1462.2178,0.0
1999,8,PHI,1999_08_NYG_PHI,1451.1015,0.0
1999,8,ARI,1999_08_NE_ARI,1434.6234,14.5117
1999,8,ATL,1999_08_CAR_ATL,1425.9811,0.0
1999,8,CIN,1999_08_JAX_CIN,1384.3789,-23.8949
1999,8,CLE,1999_08_CLE_NO,1375.5129,-10.9592
1999,8,HOU,,,
1999,9,LAR,1999_09_LAR_DET,1681.8633,0.0
1999,9,JAX,1999_09_JAX_ATL,1605.5359,0.0
1999,9,IND,1999_09_KC_IND,1594.822,0.0
1999,9,WAS,1999_09_BUF_WAS,1594.7805,0.0
1999,9,KC,1999_09_KC_IND,1579.0471,0.0
1999,9,MIN,1999_09_DAL_MIN,1566.883,-106.526
1999,9,DAL,1999_09_DAL_MIN,1553.625,0.0
1999,9,SEA,1999_09_CIN_SEA,1546.4664,0.0
1999,9,MIA,1999_09_TEN_MIA,1543.8075,-139.3991
1999,9,NYJ,1999_09_ARI_NYJ,1536.8396,-172.8942
1999,9,TEN,1999_09_TEN_MIA,1530.5319,0.0
1999,9,DEN,1999_09_DEN_LAC,1530.2198,-39.6926
1999,9,OAK,1999_08_MIA_OAK,1530.2078,0.0
1999,9,BUF,1999_09_BUF_WAS,1524.3938,0.0
1999,9,DET,1999_09_LAR_DET,1521.8944,0.0
1999,9,NE,1999_08_NE_ARI,1520.6666,0.0
1999,9,PIT,1999_09_PIT_SF,1515.1024,0.0
1999,9,NYG,1999_08_NYG_PHI,1510.7872,0.0
1999,9,CAR,1999_09_PHI_CAR,1505.334,0.0
1999,9,GB,1999_09_CHI_GB,1490.9148,0.0
1999,9,BAL,1999_09_BAL_CLE,1484.7986,-11.1739
1999,9,TB,1999_09_TB_NO,1483.6801,0.0
1999,9,SF,1999_09_PIT_SF,1482.2746,-129.4399
1999,9,NO,1999_09_TB_NO,1464.5275,-0.9088
1999,9,LAC,1999_09_DEN_LAC,1445.4369,0.0
1999,9,PHI,1999_09_PHI_CAR,1444.4491,0.0
1999,9,CHI,1999_09_CHI_GB,1436.15,11.4489
1999,9,ATL,1999_09_JAX_ATL,1426.2888,0.0
1999,9,ARI,1999_09_ARI_NYJ,1401.374,-11.0449
1999,9,CLE,1999_09_BAL_CLE,1379.2317,0.7883
1999,9,CIN,1999_09_CIN_SEA,1359.5949,0.0
1999,9,HOU,,,
1999,10,LAR,1999_10_CAR_LAR,1677.9582,0.0
1999,10,JAX,1999_10_BAL_JAX,1630.0274,0.0
1999,10,IND,1999_10_IND_NYG,1603.0535,0.0
1999,10,MIN,1999_10_MIN_CHI,1579.3201,-103.3623
1999,10,KC,1999_10_KC_TB,1578.1037,0.0
1999,10,WAS,1999_10_WAS_PHI,1577.2819,0.0
1999,10,MIA,1999_10_MIA_BUF,1563.1268,-131.7948
1999,10,SEA,1999_10_DEN_SEA,1552.9275,0.0
1999,10,BUF,1999_10_MIA_BUF,1552.7997,0.0
1999,10,DEN,1999_10_DEN_SEA,1550.4416,-48.2219
1999,10,NYJ,1999_10_NYJ_NE,1547.8651,-183.0028
1999,10,NE,1999_10_NYJ_NE,1545.609,0.0
1999,10,DAL,1999_10_GB_DAL,1537.0515,-48.9716
1999,10,DET,1999_10_DET_ARI,1534.0599,6.4473
1999,10,PIT,1999_10_CLE_PIT,1531.4972,0.0
1999,10,CAR,1999_10_CAR_LAR,1528.3353,0.0
1999,10,BAL,1999_10_BAL_JAX,1524.4476,-8.5791
1999,10,NYG,1999_10_IND_NYG,1513.9758,0.0
1999,10,TEN,1999_10_TEN_CIN,1513.7429,0.0
1999,10,TB,1999_10_KC_TB,1506.9217,0.0
1999,10,OAK,1999_10_LAC_OAK,1506.4152,0.0
1999,10,GB,1999_10_GB_DAL,1476.1774,0.0
1999,10,SF,1999_10_SF_NO,1465.644,-106.3604
1999,10,CHI,1999_10_MIN_CHI,1448.6837,-35.6157
1999,10,NO,1999_10_SF_NO,1444.772,-1.0047
1999,10,PHI,1999_10_WAS_PHI,1431.3131,93.2753
1999,10,LAC,1999_10_LAC_OAK,1429.0917,0.0
1999,10,ATL,1999_09_JAX_ATL,1426.2888,0.0
1999,10,ARI,1999_10_DET_ARI,1389.7733,-16.3208
1999,10,CIN,1999_10_TEN_CIN,1359.2899,0.0
1999,10,CLE,1999_10_CLE_PIT,1336.7375,-20.3926
1999,10,HOU,,,
1999,11,LAR,1999_11_LAR_SF,1695.9218,0.0
1999,11,JAX,1999_11_NO_JAX,1616.1736,0.0
1999,11,IND,1999_11_IND_PHI,1610.2292,0.0
1999,11,WAS,1999_11_NYG_WAS,1581.9163,0.0
1999,11,MIN,1999_10_MIN_CHI,1579.3201,-103.3623
1999,11,BUF,1999_11_BUF_NYJ,1575.3947,0.0
1999,11,NYJ,1999_11_BUF_NYJ,1573.774,-174.3477
1999,11,KC,1999_11_SEA_KC,1558.1199,0.0
1999,11,SEA,1999_11_SEA_KC,1556.804,0.0
1999,11,DAL,1999_11_DAL_ARI,1553.2615,-38.9236
1999,11,DEN,1999_11_OAK_DEN,1550.41,-30.8182
1999,11,MIA,1999_11_NE_MIA,1542.6828,-146.7973
1999,11,BAL,1999_11_BAL_CIN,1530.8121,-14.8955
1999,11,OAK,1999_11_OAK_DEN,1529.3818,0.0
1999,11,NE,1999_11_NE_MIA,1526.3567,0.0
1999,11,TB,1999_11_ATL_TB,1526.1062,0.0
1999,11,DET,1999_11_DET_GB,1525.8399,19.8543
1999,11,TEN,1999_11_PIT_TEN,1523.979,0.0
1999,11,PIT,1999_11_PIT_TEN,1515.1368,0.0
1999,11,NYG,1999_11_NYG_WAS,1512.8224,0.0
1999,11,CAR,1999_11_CAR_CLE,1511.0241,0.0
1999,11,SF,1999_11_LAR_SF,1460.7062,-112.5504
1999,11,GB,1999_11_DET_GB,1460.0026,0.0
1999,11,NO,1999_11_NO_JAX,1453.847,24.6437
1999,11,CHI,1999_11_CHI_LAC,1450.9676,-5.5423
1999,11,PHI,1999_11_IND_PHI,1424.0539,79.8611
1999,11,LAC,1999_11_CHI_LAC,1414.6866,0.0
1999,11,ARI,1999_11_DAL_ARI,1398.5721,-12.9618
1999,11,ATL,1999_11_ATL_TB,1394.8768,0.0
1999,11,CLE,1999_11_CAR_CLE,1344.7189,-20.0673
1999,11,CIN,1999_11_BAL_CIN,1342.9762,0.0
1999,11,HOU,,,
1999,12,LAR,1999_12_NO_LAR,1696.2307,0.0
1999,12,IND,1999_12_NYJ_IND,1635.6846,0.0
1999,12,JAX,1999_12_JAX_BAL,1633.484,0.0
1999,12,MIN,1999_12_LAC_MIN,1588.0746,-90.6873
1999,12,NYJ,1999_12_NYJ_IND,1586.3753,-163.5805
1999,12,WAS,1999_12_PHI_WAS,1586.2614,0.0
1999,12,SEA,1999_12_TB_SEA,1577.3556,0.0
1999,12,BUF,1999_12_NE_BUF,1562.6362,0.0
1999,12,MIA,1999_12_MIA_DAL,1560.0728,0.0
1999,12,DEN,1999_11_OAK_DEN,1550.41,-30.8182
1999,12,KC,1999_12_KC_OAK,1547.9828,0.0
1999,12,DAL,1999_12_MIA_DAL,1543.1515,0.0
1999,12,CAR,1999_12_ATL_CAR,1530.3482,0.0
1999,12,BAL,1999_12_JAX_BAL,1529.4761,-14.5842
1999,12,TEN,1999_12_TEN_CLE,1528.5111,0.0
1999,12,DET,1999_12_CHI_DET,1523.8762,19.4465
1999,12,OAK,1999_12_KC_OAK,1522.318,0.0
1999,12,TB,1999_12_TB_SEA,1516.4349,0.0
1999,12,PIT,1999_12_CIN_PIT,1512.4378,0.0
1999,12,NE,1999_12_NE_BUF,1506.0994,0.0
1999,12,NYG,1999_12_ARI_NYG,1504.3959,-56.5488
1999,12,GB,1999_12_GB_SF,1475.4217,0.0
1999,12,CHI,1999_12_CHI_DET,1458.0412,17.2766
1999,12,SF,1999_12_GB_SF,1452.8546,-123.9328
1999,12,NO,1999_12_NO_LAR,1449.0136,0.0
1999,12,LAC,1999_12_LAC_MIN,1410.9883,0.0
1999,12,ARI,1999_12_ARI_NYG,1404.6633,-22.0117
1999,12,ATL,1999_12_ATL_CAR,1396.3,0.0
1999,12,PHI,1999_12_PHI_WAS,1386.7991,64.2382
1999,12,CIN,1999_12_CIN_PIT,1347.0921,0.0
1999,12,CLE,1999_12_TEN_CLE,1329.8615,-15.2849
1999,12,HOU,,,
1999,13,LAR,1999_13_LAR_CAR,1728.7605,0.0
1999,13,JAX,1999_13_PIT_JAX,1644.6699,0.0
1999,13,IND,1999_13_IND_MIA,1632.7203,0.0
1999,13,MIN,1999_13_MIN_TB,1594.0656,-71.8064
1999,13,NYJ,1999_13_NYJ_NYG,1590.9125,-161.3169
1999,13,WAS,1999_13_WAS_DET,1582.1841,0.0
1999,13,BUF,1999_12_NE_BUF,1562.6362,0.0
1999,13,DAL,1999_13_DAL_NE,1562.3115,0.0
1999,13,DEN,1999_13_KC_DEN,1552.776,0.0
1999,13,SEA,1999_13_SEA_OAK,1550.5675,0.0
1999,13,KC,1999_13_KC_DEN,1548.1236,0.0
1999,13,TEN,1999_13_TEN_BAL,1544.5979,0.0
1999,13,CAR,1999_13_LAR_CAR,1543.4796,0.0
1999,13,MIA,1999_13_IND_MIA,1533.533,0.0
1999,13,DET,1999_13_WAS_DET,1531.7305,35.9211
1999,13,TB,1999_13_MIN_TB,1526.8572,5.1837
1999,13,BAL,1999_13_TEN_BAL,1522.0771,-9.864
1999,13,OAK,1999_13_SEA_OAK,1518.565,0.0
1999,13,NE,1999_13_DAL_NE,1503.1839,0.0
1999,13,NYG,1999_13_NYJ_NYG,1491.0832,-57.1929
1999,13,PIT,1999_13_PIT_JAX,1488.3041,4.0283
1999,13,GB,1999_13_GB_CHI,1486.5559,0.0
1999,13,CHI,1999_13_GB_CHI,1451.4117,0.0
1999,13,SF,1999_13_SF_CIN,1440.7734,-128.8199
1999,13,NO,1999_13_NO_ATL,1426.0369,0.0
1999,13,LAC,1999_13_CLE_LAC,1418.3892,0.0
1999,13,ARI,1999_13_PHI_ARI,1417.9541,0.0
1999,13,ATL,1999_13_NO_ATL,1394.6499,0.0
1999,13,PHI,1999_13_PHI_ARI,1394.4401,82.6754
1999,13,CIN,1999_13_SF_CIN,1369.2471,0.0
1999,13,CLE,1999_13_CLE_LAC,1320.5851,-9.4947
1999,13,HOU,,,
1999,14,LAR,1999_14_LAR_NO,1745.9847,0.0
1999,14,JAX,1999_14_DEN_JAX,1662.421,0.0
1999,14,IND,1999_14_NE_IND,1636.0037,0.0
1999,14,MIN,1999_14_MIN_KC,1601.6187,-75.8167
1999,14,NYJ,1999_14_MIA_NYJ,1583.0222,-128.5705
1999,14,BUF,1999_14_NYG_BUF,1570.0104,0.0
1999,14,WAS,1999_14_ARI_WAS,1568.8375,0.0
1999,14,BAL,1999_14_BAL_PIT,1559.6402,19.7787
1999,14,KC,1999_14_MIN_KC,1558.9192,0.0
1999,14,DAL,1999_14_PHI_DAL,1554.0856,0.0
1999,14,SEA,1999_14_LAC_SEA,1552.5689,0.0
1999,14,DET,1999_14_DET_TB,1541.026,38.2967
1999,14,MIA,1999_14_MIA_NYJ,1539.3695,0.0
1999,14,DEN,1999_14_DEN_JAX,1535.9975,0.0
1999,14,CAR,1999_14_CAR_GB,1532.2139,0.0
1999,14,OAK,1999_14_OAK_TEN,1526.7745,0.0
1999,14,TB,1999_14_DET_TB,1525.5863,-2.0432
1999,14,NYG,1999_14_NYG_BUF,1518.3688,-24.3718
1999,14,TEN,1999_14_OAK_TEN,1517.7565,0.0
1999,14,NE,1999_14_NE_IND,1507.249,0.0
1999,14,GB,1999_14_CAR_GB,1495.6211,0.0
1999,14,PIT,1999_14_BAL_PIT,1478.4514,2.0665
1999,14,CHI,1999_13_GB_CHI,1451.4117,0.0
1999,14,SF,1999_14_ATL_SF,1444.7881,-89.8389
1999,14,LAC,1999_14_LAC_SEA,1423.5535,0.0
1999,14,ATL,1999_14_ATL_SF,1422.9212,0.0
1999,14,ARI,1999_14_ARI_WAS,1420.6502,0.0
1999,14,NO,1999_14_LAR_NO,1393.0934,41.8294
1999,14,PHI,1999_14_PHI_DAL,1387.1856,95.1715
1999,14,CIN,1999_14_CLE_CIN,1382.382,0.0
1999,14,CLE,1999_14_CLE_CIN,1305.8177,-26.7567
1999,14,HOU,,,
1999,15,LAR,1999_15_NYG_LAR,1768.0194,0.0
1999,15,JAX,1999_15_JAX_CLE,1651.5621,0.0
1999,15,IND,1999_15_WAS_IND,1639.169,0.0
1999,15,MIN,1999_15_GB_MIN,1610.8436,-74.9391
1999,15,NYJ,1999_15_NYJ_DAL,1598.8026,-109.457
1999,15,WAS,1999_15_WAS_IND,1578.9742,0.0
1999,15,BAL,1999_15_NO_BAL,1575.8317,20.2548
1999,15,DAL,1999_15_NYJ_DAL,1557.8055,0.0
1999,15,KC,1999_15_PIT_KC,1557.0999,0.0
1999,15,BUF,1999_15_BUF_ARI,1554.4493,0.0
1999,15,DEN,1999_15_SEA_DEN,1553.4085,0.0
1999,15,CAR,1999_15_SF_CAR,1545.5479,0.0
1999,15,SEA,1999_15_SEA_DEN,1541.1814,0.0
1999,15,DET,1999_15_DET_CHI,1538.1067,29.3933
1999,15,NYG,1999_15_NYG_LAR,1536.2581,-17.3144
1999,15,TB,1999_15_TB_OAK,1528.5494,6.9712
1999,15,OAK,1999_15_TB_OAK,1526.3909,0.0
1999,15,MIA,1999_15_LAC_MIA,1525.7347,0.0
1999,15,TEN,1999_15_ATL_TEN,1518.3975,0.0
1999,15,NE,1999_15_NE_PHI,1508.6377,0.0
1999,15,GB,1999_15_GB_MIN,1499.9166,0.0
1999,15,PIT,1999_15_PIT_KC,1471.9553,6.0137
1999,15,SF,1999_15_SF_CAR,1464.9862,-86.71
1999,15,CHI,1999_15_DET_CHI,1439.1917,11.9538
1999,15,LAC,1999_15_LAC_MIA,1433.7366,0.0
1999,15,ARI,1999_15_BUF_ARI,1405.0212,0.0
1999,15,ATL,1999_15_ATL_TEN,1395.8886,-39.834
1999,15,CIN,1999_14_CLE_CIN,1382.382,0.0
1999,15,PHI,1999_15_NE_PHI,1378.2246,45.5542
1999,15,NO,1999_15_NO_BAL,1370.5979,16.2574
1999,15,CLE,1999_15_JAX_CLE,1304.3517,-28.5223
1999,15,HOU,,,
1999,16,LAR,1999_16_CHI_LAR,1782.7758,0.0
1999,16,JAX,1999_16_JAX_TEN,1654.0413,0.0
1999,16,IND,1999_16_IND_CLE,1645.5114,0.0
1999,16,MIN,1999_16_MIN_NYG,1615.4243,-61.2555
1999,16,NYJ,1999_16_NYJ_MIA,1603.2307,-96.3208
1999,16,WAS,1999_16_WAS_SF,1578.1387,0.0
1999,16,KC,1999_16_KC_SEA,1576.8505,0.0
1999,16,BAL,1999_16_CIN_BAL,1575.5725,21.1715
1999,16,BUF,1999_16_BUF_NE,1568.6509,0.0
1999,16,OAK,1999_16_OAK_LAC,1568.5584,0.0
1999,16,DAL,1999_16_DAL_NO,1561.9316,0.0
1999,16,DEN,1999_16_DEN_DET,1557.906,0.0
1999,16,CAR,1999_16_CAR_PIT,1552.3154,0.0
1999,16,SEA,1999_16_KC_SEA,1543.1254,0.0
1999,16,NYG,1999_16_MIN_NYG,1525.3621,-15.8396
1999,16,MIA,1999_16_NYJ_MIA,1523.0111,0.0
1999,16,TEN,1999_16_JAX_TEN,1522.1163,0.0
1999,16,DET,1999_16_DEN_DET,1516.5624,0.0
1999,16,GB,1999_16_GB_TB,1497.9853,0.0
1999,16,TB,1999_16_GB_TB,1491.2813,-5.1617
1999,16,NE,1999_16_BUF_NE,1484.3485,0.0
1999,16,SF,1999_16_WAS_SF,1468.3076,-77.0793
1999,16,CHI,1999_16_CHI_LAR,1465.9144,36.435
1999,16,PIT,1999_16_CAR_PIT,1460.153,-2.2388
1999,16,LAC,1999_16_OAK_LAC,1428.5641,0.0
1999,16,ARI,1999_16_ARI_ATL,1398.7432,0.0
1999,16,ATL,1999_16_ARI_ATL,1395.1821,0.0
1999,16,CIN,1999_16_CIN_BAL,1387.8244,0.0
1999,16,PHI,1999_15_NE_PHI,1378.2246,45.5542
1999,16,NO,1999_16_DAL_NO,1354.5825,-50.6273
1999,16,CLE,1999_16_IND_CLE,1306.4687,0.0
1999,16,HOU,,,
1999,17,LAR,1999_17_LAR_PHI,1796.2675,0.0
1999,17,MIN,1999_17_DET_MIN,1652.6087,-74.2947
1999,17,IND,1999_17_IND_BUF,1638.6698,0.0
1999,17,JAX,1999_17_CIN_JAX,1624.689,-110.1965
1999,17,NYJ,1999_17_SEA_NYJ,1620.7011,-85.2148
1999,17,BUF,1999_17_IND_BUF,1581.3909,-43.6613
1999,17,WAS,1999_17_MIA_WAS,1578.1843,0.0
1999,17,KC,1999_17_OAK_KC,1577.8788,0.0
1999,17,BAL,1999_17_BAL_NE,1573.9471,15.2221
1999,17,OAK,1999_17_OAK_KC,1573.129,0.0
1999,17,DEN,1999_17_LAC_DEN,1565.9145,0.0
1999,17,TEN,1999_17_TEN_PIT,1564.1825,0.0
1999,17,DAL,1999_17_NYG_DAL,1559.5368,0.0
1999,17,CAR,1999_17_NO_CAR,1556.3336,0.0
1999,17,SEA,1999_17_SEA_NYJ,1537.7846,0.0
1999,17,MIA,1999_17_MIA_WAS,1517.314,0.0
1999,17,DET,1999_17_DET_MIN,1506.8778,0.0
1999,17,TB,1999_17_TB_CHI,1501.6815,-4.0352
1999,17,NYG,1999_17_NYG_DAL,1500.0607,-17.8649
1999,17,GB,1999_17_ARI_GB,1486.4321,0.0
1999,17,SF,1999_17_SF_ATL,1475.3114,-67.8869
1999,17,NE,1999_17_BAL_NE,1466.9891,0.0
1999,17,PIT,1999_17_TEN_PIT,1456.4347,-9.2932
1999,17,CHI,1999_17_TB_CHI,1456.0243,26.1531
1999,17,LAC,1999_17_LAC_DEN,1429.8672,0.0
1999,17,ATL,1999_17_SF_ATL,1419.0413,0.0
1999,17,PHI,1999_17_LAR_PHI,1389.4304,78.4826
1999,17,CIN,1999_17_CIN_JAX,1379.9392,0.0
1999,17,ARI,1999_17_ARI_GB,1374.6782,0.0
1999,17,NO,1999_17_NO_CAR,1357.961,-32.3137
1999,17,CLE,1999_16_IND_CLE,1306.4687,0.0
1999,17,HOU,,,
2000,1,LAR,2000_01_DEN_LAR,1688.1037,0.0
2000,1,NYJ,2000_01_NYJ_GB,1613.6643,0.0
2000,1,MIN,2000_01_CHI_MIN,1592.2771,0.0
2000,1,CAR,2000_01_CAR_WAS,1582.253,0.0
2000,1,IND,2000_01_IND_KC,1579.1528,0.0
2000,1,JAX,2000_01_JAX_CLE,1575.0868,0.0
2000,1,TEN,2000_01_TEN_BUF,1566.7623,0.0
2000,1,BUF,2000_01_TEN_BUF,1561.1451,0.0
2000,1,DAL,2000_01_PHI_DAL,1557.6197,0.0
2000,1,KC,2000_01_IND_KC,1546.3276,0.0
2000,1,WAS,2000_01_CAR_WAS,1545.7575,0.0
2000,1,OAK,2000_01_LAC_OAK,1543.0304,0.0
2000,1,BAL,2000_01_BAL_PIT,1529.5444,0.0
2000,1,DEN,2000_01_DEN_LAR,1528.8006,0.0
2000,1,GB,2000_01_NYJ_GB,1518.8994,0.0
2000,1,SF,2000_01_SF_ATL,1507.5694,0.0
2000,1,SEA,2000_01_SEA_MIA,1507.2173,0.0
2000,1,NYG,2000_01_ARI_NYG,1499.3313,0.0
2000,1,TB,2000_01_TB_NE,1494.1657,0.0
2000,1,MIA,2000_01_SEA_MIA,1484.6423,0.0
2000,1,PIT,2000_01_BAL_PIT,1479.9336,0.0
2000,1,DET,2000_01_DET_NO,1471.8795,0.0
2000,1,CHI,2000_01_CHI_MIN,1471.6076,0.0
2000,1,ATL,2000_01_SF_ATL,1463.9707,0.0
2000,1,NE,2000_01_TB_NE,1461.1285,0.0
2000,1,PHI,2000_01_PHI_DAL,1447.9181,0.0
2000,1,LAC,2000_01_LAC_OAK,1439.1737,0.0
2000,1,NO,2000_01_DET_NO,1414.9352,0.0
2000,1,ARI,2000_01_ARI_NYG,1412.3253,0.0
2000,1,CLE,2000_01_JAX_CLE,1398.7074,0.0
2000,1,CIN,1999_17_CIN_JAX,1379.9392,0.0
2000,1,HOU,,,
2000,2,LAR,2000_02_LAR_SEA,1690.4369,0.0
2000,2,NYJ,2000_02_NE_NYJ,1614.1403,0.0
2000,2,IND,2000_02_OAK_IND,1600.2343,0.0
2000,2,MIN,2000_02_MIA_MIN,1594.2274,0.0
2000,2,JAX,2000_02_JAX_BAL,1592.6366,0.0
2000,2,CAR,2000_02_CAR_SF,1583.0134,0.0
2000,2,TEN,2000_02_KC_TEN,1562.9908,0.0
2000,2,BUF,2000_02_GB_BUF,1553.4175,0.0
2000,2,BAL,2000_02_JAX_BAL,1550.2388,0.0
2000,2,WAS,2000_02_WAS_DET,1546.6108,0.0
2000,2,DEN,2000_02_ATL_DEN,1535.1342,0.0
2000,2,OAK,2000_02_OAK_IND,1534.76,0.0
2000,2,DAL,2000_02_DAL_ARI,1524.4898,32.8595
2000,2,KC,2000_02_KC_TEN,1524.2531,0.0
2000,2,GB,2000_02_GB_BUF,1516.3381,0.0
2000,2,MIA,2000_02_MIA_MIN,1503.164,0.0
2000,2,SF,2000_02_CAR_SF,1502.3318,0.0
2000,2,NYG,2000_02_NYG_PHI,1498.3205,0.0
2000,2,TB,2000_02_CHI_TB,1497.3328,0.0
2000,2,CHI,2000_02_CHI_TB,1482.2913,0.0
2000,2,SEA,2000_02_LAR_SEA,1481.2868,0.0
2000,2,PIT,2000_01_BAL_PIT,1479.9336,0.0
2000,2,PHI,2000_02_NYG_PHI,1477.2992,0.0
2000,2,ATL,2000_02_ATL_DEN,1476.0397,0.0
2000,2,DET,2000_02_WAS_DET,1453.9469,51.0646
2000,2,NE,2000_02_NE_NYJ,1453.9398,0.0
2000,2,LAC,2000_02_NO_LAC,1441.6351,0.0
2000,2,NO,2000_02_NO_LAC,1423.2037,0.0
2000,2,ARI,2000_02_DAL_ARI,1414.505,0.0
2000,2,CIN,2000_02_CLE_CIN,1409.8499,0.0
2000,2,CLE,2000_02_CLE_CIN,1386.5592,0.0
2000,2,HOU,,,
2000,3,LAR,2000_03_SF_LAR,1694.1378,0.0
2000,3,NYJ,2000_03_BUF_NYJ,1605.4759,0.0
2000,3,CAR,2000_03_ATL_CAR,1604.9983,0.0
2000,3,IND,2000_02_OAK_IND,1600.2343,0.0
2000,3,JAX,2000_03_CIN_JAX,1598.6401,0.0
2000,3,MIN,2000_03_MIN_NE,1595.7913,0.0
2000,3,TEN,2000_02_KC_TEN,1562.9908,0.0
2000,3,DEN,2000_03_DEN_OAK,1561.4321,0.0
2000,3,BUF,2000_03_BUF_NYJ,1557.7884,0.0
2000,3,BAL,2000_03_BAL_MIA,1554.0131,0.0
2000,3,OAK,2000_03_DEN_OAK,1549.9134,0.0
2000,3,WAS,2000_03_DAL_WAS,1546.2722,0.0
2000,3,TB,2000_03_TB_DET,1530.9171,0.0
2000,3,DAL,2000_03_DAL_WAS,1530.6033,51.8109
2000,3,KC,2000_02_KC_TEN,1524.2531,0.0
2000,3,NYG,2000_03_NYG_CHI,1522.5591,0.0
2000,3,GB,2000_03_PHI_GB,1516.4825,0.0
2000,3,MIA,2000_03_BAL_MIA,1497.7558,0.0
2000,3,SEA,2000_03_NO_SEA,1490.1148,0.0
2000,3,SF,2000_03_SF_LAR,1486.1709,0.0
2000,3,PHI,2000_03_PHI_GB,1468.1043,0.0
2000,3,NE,2000_03_MIN_NE,1461.4024,0.0
2000,3,PIT,2000_03_PIT_CLE,1457.4409,0.0
2000,3,ATL,2000_03_ATL_CAR,1452.6682,0.0
2000,3,DET,2000_03_TB_DET,1448.1963,39.9674
2000,3,CHI,2000_03_NYG_CHI,1444.616,0.0
2000,3,LAC,2000_02_NO_LAC,1441.6351,0.0
2000,3,NO,2000_03_NO_SEA,1435.2172,0.0
2000,3,ARI,2000_02_DAL_ARI,1414.505,0.0
2000,3,CLE,2000_03_PIT_CLE,1408.056,0.0
2000,3,CIN,2000_03_CIN_JAX,1396.6212,0.0
2000,3,HOU,,,
2000,4,LAR,2000_04_LAR_ATL,1695.7339,0.0
2000,4,NYJ,2000_04_NYJ_TB,1611.2454,0.0
2000,4,CAR,2000_03_ATL_CAR,1604.9983,0.0
2000,4,MIN,2000_03_MIN_NE,1595.7913,0.0
2000,4,IND,2000_04_JAX_IND,1590.2165,0.0
2000,4,JAX,2000_04_JAX_IND,1587.7248,0.0
2000,4,DEN,2000_04_KC_DEN,1572.9031,-58.5089
2000,4,TEN,2000_04_TEN_PIT,1564.8085,-32.6176
2000,4,BUF,2000_03_BUF_NYJ,1557.7884,0.0
2000,4,TB,2000_04_NYJ_TB,1555.1388,0.0
2000,4,BAL,2000_04_CIN_BAL,1542.0758,0.0
2000,4,DAL,2000_04_SF_DAL,1539.1353,0.0
2000,4,OAK,2000_04_CLE_OAK,1539.0158,0.0
2000,4,WAS,2000_04_WAS_NYG,1537.2187,0.0
2000,4,NYG,2000_04_WAS_NYG,1530.2546,0.0
2000,4,GB,2000_04_GB_ARI,1516.1141,0.0
2000,4,KC,2000_04_KC_DEN,1515.5535,0.0
2000,4,MIA,2000_04_NE_MIA,1509.4823,0.0
2000,4,SEA,2000_04_SEA_LAC,1504.4499,0.0
2000,4,SF,2000_04_SF_DAL,1490.876,0.0
2000,4,PIT,2000_04_TEN_PIT,1463.6163,0.0
2000,4,PHI,2000_04_PHI_NO,1463.1281,0.0
2000,4,NE,2000_04_NE_MIA,1455.1029,0.0
2000,4,ATL,2000_04_LAR_ATL,1454.087,0.0
2000,4,CHI,2000_04_DET_CHI,1433.6966,0.0
2000,4,LAC,2000_04_SEA_LAC,1432.845,0.0
2000,4,DET,2000_04_DET_CHI,1427.9003,37.3068
2000,4,NO,2000_04_PHI_NO,1426.6208,0.0
2000,4,ARI,2000_04_GB_ARI,1424.7028,0.0
2000,4,CLE,2000_04_CLE_OAK,1404.2365,0.0
2000,4,CIN,2000_04_CIN_BAL,1391.1946,0.0
2000,4,HOU,,,
2000,5,LAR,2000_05_LAC_LAR,1705.8664,0.0
2000,5,IND,2000_05_IND_BUF,1630.4748,0.0
2000,5,NYJ,2000_04_NYJ_TB,1611.2454,0.0
2000,5,MIN,2000_05_MIN_DET,1604.3082,0.0
2000,5,CAR,2000_05_DAL_CAR,1590.7854,0.0
2000,5,BAL,2000_05_BAL_CLE,1577.1407,0.0
2000,5,DEN,2000_05_NE_DEN,1575.4321,0.0
2000,5,TEN,2000_05_NYG_TEN,1568.4364,0.0
2000,5,BUF,2000_05_IND_BUF,1556.2765,0.0
2000,5,JAX,2000_05_PIT_JAX,1555.7191,0.0
2000,5,GB,2000_05_CHI_GB,1548.2308,0.0
2000,5,WAS,2000_05_TB_WAS,1544.9407,0.0
2000,5,TB,2000_05_TB_WAS,1544.687,0.0
2000,5,OAK,2000_04_CLE_OAK,1539.0158,0.0
2000,5,DAL,2000_05_DAL_CAR,1523.9142,0.0
2000,5,NYG,2000_05_NYG_TEN,1522.1299,0.0
2000,5,KC,2000_05_SEA_KC,1519.0427,0.0
2000,5,MIA,2000_05_MIA_CIN,1514.5593,0.0
2000,5,SEA,2000_05_SEA_KC,1513.9245,0.0
2000,5,SF,2000_05_ARI_SF,1513.2169,0.0
2000,5,PHI,2000_05_ATL_PHI,1469.2567,0.0
2000,5,PIT,2000_05_PIT_JAX,1465.1889,-16.7006
2000,5,NE,2000_05_NE_DEN,1446.4836,0.0
2000,5,ATL,2000_05_ATL_PHI,1443.8584,0.0
2000,5,DET,2000_05_MIN_DET,1428.6698,34.0629
2000,5,CHI,2000_05_CHI_GB,1426.9561,0.0
2000,5,NO,2000_04_PHI_NO,1426.6208,0.0
2000,5,LAC,2000_05_LAC_LAR,1417.8954,100.6282
2000,5,ARI,2000_05_ARI_SF,1393.7541,0.0
2000,5,CLE,2000_05_BAL_CLE,1386.8579,0.0
2000,5,CIN,2000_05_MIA_CIN,1355.8695,0.0
2000,5,HOU,,,
2000,6,LAR,2000_05_LAC_LAR,1705.8664,0.0
2000,6,IND,2000_06_IND_NE,1638.3571,0.0
2000,6,NYJ,2000_06_PIT_NYJ,1613.2899,0.0
2000,6,MIN,2000_06_TB_MIN,1605.1063,0.0
2000,6,CAR,2000_06_SEA_CAR,1588.976,0.0
2000,6,TEN,2000_06_TEN_CIN,1586.9614,0.0
2000,6,BAL,2000_06_BAL_JAX,1581.4406,0.0
2000,6,DEN,2000_06_DEN_LAC,1562.0702,0.0
2000,6,BUF,2000_05_IND_BUF,1556.2765,0.0
2000,6,OAK,2000_06_OAK_SF,1550.9339,0.0
2000,6,GB,2000_06_GB_DET,1544.9849,0.0
2000,6,WAS,2000_06_WAS_PHI,1544.319,0.0
2000,6,TB,2000_06_TB_MIN,1542.2098,0.0
2000,6,JAX,2000_06_BAL_JAX,1531.5825,0.0
2000,6,DAL,2000_05_DAL_CAR,1523.9142,0.0
2000,6,KC,2000_05_SEA_KC,1519.0427,0.0
2000,6,MIA,2000_05_MIA_CIN,1514.5593,0.0
2000,6,NYG,2000_06_NYG_ATL,1514.4971,0.0
2000,6,SEA,2000_06_SEA_CAR,1514.2412,29.6475
2000,6,SF,2000_06_OAK_SF,1510.7288,0.0
2000,6,PHI,2000_06_WAS_PHI,1500.3876,0.0
2000,6,PIT,2000_06_PIT_NYJ,1484.623,-14.0368
2000,6,NE,2000_06_IND_NE,1467.0702,0.0
2000,6,CHI,2000_06_NO_CHI,1435.3558,0.0
2000,6,DET,2000_06_GB_DET,1430.4474,41.0996
2000,6,ATL,2000_06_NYG_ATL,1418.0274,0.0
2000,6,NO,2000_06_NO_CHI,1413.5589,0.0
2000,6,LAC,2000_06_DEN_LAC,1411.1556,115.7283
2000,6,ARI,2000_06_CLE_ARI,1397.5159,0.0
2000,6,CLE,2000_06_CLE_ARI,1380.0635,0.0
2000,6,CIN,2000_06_TEN_CIN,1344.3373,0.0
2000,6,HOU,,,
2000,7,LAR,2000_07_ATL_LAR,1727.4855,0.0
2000,7,IND,2000_07_IND_SEA,1630.1789,0.0
2000,7,CAR,2000_07_CAR_NO,1611.0029,0.0
2000,7,MIN,2000_07_MIN_CHI,1607.054,0.0
2000,7,TEN,2000_07_JAX_TEN,1590.1895,0.0
2000,7,NYJ,2000_07_NYJ_NE,1586.9911,0.0
2000,7,BAL,2000_07_BAL_WAS,1572.3021,0.0
2000,7,DEN,2000_07_CLE_DEN,1566.4093,0.0
2000,7,OAK,2000_07_OAK_KC,1557.6118,0.0
2000,7,WAS,2000_07_BAL_WAS,1554.7902,0.0
2000,7,BUF,2000_07_LAC_BUF,1550.1182,0.0
2000,7,TB,2000_06_TB_MIN,1542.2098,0.0
2000,7,GB,2000_07_SF_GB,1536.8684,0.0
2000,7,JAX,2000_07_JAX_TEN,1528.7732,0.0
2000,7,KC,2000_07_OAK_KC,1522.5038,0.0
2000,7,DAL,2000_07_DAL_NYG,1522.4643,0.0
2000,7,MIA,2000_05_MIA_CIN,1514.5593,0.0
2000,7,NYG,2000_07_DAL_NYG,1512.1364,0.0
2000,7,SF,2000_07_SF_GB,1509.8885,0.0
2000,7,PIT,2000_07_CIN_PIT,1505.0746,0.0
2000,7,SEA,2000_07_IND_SEA,1494.6794,23.7206
2000,7,PHI,2000_07_PHI_ARI,1494.0333,0.0
2000,7,NE,2000_07_NYJ_NE,1486.933,0.0
2000,7,NO,2000_07_CAR_NO,1443.6444,0.0
2000,7,DET,2000_06_GB_DET,1430.4474,41.0996
2000,7,ATL,2000_07_ATL_LAR,1411.2864,0.0
2000,7,ARI,2000_07_PHI_ARI,1410.3095,0.0
2000,7,CHI,2000_07_MIN_CHI,1403.3054,0.0
2000,7,LAC,2000_07_LAC_BUF,1395.8327,93.1078
2000,7,CLE,2000_07_CLE_DEN,1371.9715,0.0
2000,7,CIN,2000_07_CIN_PIT,1335.6408,0.0
2000,7,HOU,,,
2000,8,LAR,2000_08_LAR_KC,1736.3703,0.0
2000,8,IND,2000_08_NE_IND,1646.3931,0.0
2000,8,MIN,2000_08_BUF_MIN,1618.7728,0.0
2000,8,TEN,2000_08_TEN_BAL,1603.6768,0.0
2000,8,DEN,2000_08_DEN_CIN,1598.1359,0.0
2000,8,NYJ,2000_08_MIA_NYJ,1594.5202,0.0
2000,8,CAR,2000_08_SF_CAR,1576.7457,0.0
2000,8,OAK,2000_08_SEA_OAK,1567.5263,0.0
2000,8,WAS,2000_08_WAS_JAX,1564.0585,0.0
2000,8,BAL,2000_08_TEN_BAL,1562.8089,0.0
2000,8,TB,2000_08_DET_TB,1548.1236,0.0
2000,8,GB,2000_07_SF_GB,1536.8684,0.0
2000,8,MIA,2000_08_MIA_NYJ,1534.3014,0.0
2000,8,BUF,2000_08_BUF_MIN,1527.856,15.1408
2000,8,KC,2000_08_LAR_KC,1521.8102,0.0
2000,8,JAX,2000_08_WAS_JAX,1521.4914,0.0
2000,8,PHI,2000_08_CHI_PHI,1520.6788,0.0
2000,8,DAL,2000_08_ARI_DAL,1515.7809,0.0
2000,8,NYG,2000_07_DAL_NYG,1512.1364,0.0
2000,8,SF,2000_08_SF_CAR,1511.0785,0.0
2000,8,PIT,2000_08_CLE_PIT,1507.2834,0.0
2000,8,SEA,2000_08_SEA_OAK,1483.6648,30.8578
2000,8,NE,2000_08_NE_IND,1469.8001,0.0
2000,8,NO,2000_08_NO_ATL,1467.6087,0.0
2000,8,DET,2000_08_DET_TB,1429.8797,45.2906
2000,8,ATL,2000_08_NO_ATL,1412.3299,0.0
2000,8,LAC,2000_07_LAC_BUF,1395.8327,93.1078
2000,8,CHI,2000_08_CHI_PHI,1393.9895,0.0
2000,8,ARI,2000_08_ARI_DAL,1392.2588,0.0
2000,8,CLE,2000_08_CLE_PIT,1348.0999,-84.8429
2000,8,CIN,2000_08_DEN_CIN,1322.4098,0.0
2000,8,HOU,,,
2000,9,LAR,2000_09_LAR_SF,1718.297,-128.0452
2000,9,IND,2000_09_DET_IND,1656.9312,0.0
2000,9,MIN,2000_09_MIN_TB,1618.9594,0.0
2000,9,TEN,2000_09_TEN_WAS,1603.5669,0.0
2000,9,OAK,2000_09_OAK_LAC,1598.5398,0.0
2000,9,DEN,2000_08_DEN_CIN,1598.1359,0.0
2000,9,CAR,2000_09_CAR_ATL,1588.172,0.0
2000,9,NYJ,2000_09_NYJ_BUF,1586.6628,0.0
2000,9,WAS,2000_09_TEN_WAS,1584.3748,0.0
2000,9,BAL,2000_09_PIT_BAL,1555.2501,5.5767
2000,9,MIA,2000_09_GB_MIA,1550.9082,0.0
2000,9,KC,2000_09_KC_SEA,1550.6698,0.0
2000,9,DAL,2000_09_JAX_DAL,1549.4557,0.0
2000,9,GB,2000_09_GB_MIA,1546.7055,0.0
2000,9,BUF,2000_09_NYJ_BUF,1533.9624,29.5516
2000,9,TB,2000_09_MIN_TB,1526.1635,0.0
2000,9,NYG,2000_09_PHI_NYG,1518.2766,0.0
2000,9,PIT,2000_09_PIT_BAL,1516.1928,1.8958
2000,9,PHI,2000_09_PHI_NYG,1512.2766,0.0
2000,9,SF,2000_09_LAR_SF,1506.0937,0.0
2000,9,JAX,2000_09_JAX_DAL,1505.1888,0.0
2000,9,NO,2000_09_NO_ARI,1470.7697,0.0
2000,9,NE,2000_08_NE_IND,1469.8001,0.0
2000,9,SEA,2000_09_KC_SEA,1456.1264,0.0
2000,9,DET,2000_09_DET_IND,1445.9349,28.0601
2000,9,LAC,2000_09_OAK_LAC,1413.5899,97.2091
2000,9,ATL,2000_09_CAR_ATL,1411.2111,0.0
2000,9,CHI,2000_08_CHI_PHI,1393.9895,0.0
2000,9,ARI,2000_09_NO_ARI,1353.3246,0.0
2000,9,CIN,2000_09_CIN_CLE,1342.5376,0.0
2000,9,CLE,2000_09_CIN_CLE,1331.893,-99.0662
2000,9,HOU,,,
2000,10,LAR,2000_10_CAR_LAR,1734.6396,-126.3938
2000,10,IND,2000_10_IND_CHI,1662.2278,0.0
2000,10,TEN,2000_10_PIT_TEN,1616.6772,0.0
2000,10,NYJ,2000_10_DEN_NYJ,1597.6907,0.0
2000,10,MIN,2000_10_MIN_GB,1595.8112,0.0
2000,10,OAK,2000_10_KC_OAK,1591.1584,0.0
2000,10,DEN,2000_10_DEN_NYJ,1587.1486,0.0
2000,10,CAR,2000_10_CAR_LAR,1576.9669,0.0
2000,10,WAS,2000_10_WAS_ARI,1570.4456,-19.3431
2000,10,TB,2000_10_TB_ATL,1560.9416,0.0
2000,10,BAL,2000_10_BAL_CIN,1553.6707,-0.8008
2000,10,MIA,2000_10_MIA_DET,1553.3589,0.0
2000,10,GB,2000_10_MIN_GB,1549.3707,0.0
2000,10,DAL,2000_10_DAL_PHI,1544.0319,113.1143
2000,10,KC,2000_10_KC_OAK,1539.3423,0.0
2000,10,NYG,2000_10_NYG_CLE,1536.6865,0.0
2000,10,BUF,2000_10_BUF_NE,1524.7675,31.0449
2000,10,PIT,2000_10_PIT_TEN,1516.4102,-1.6895
2000,10,JAX,2000_09_JAX_DAL,1505.1888,0.0
2000,10,PHI,2000_10_DAL_PHI,1495.0439,0.0
2000,10,SF,2000_10_SF_NO,1491.0074,0.0
2000,10,NO,2000_10_SF_NO,1474.492,0.0
2000,10,NE,2000_10_BUF_NE,1474.4275,0.0
2000,10,SEA,2000_10_LAC_SEA,1467.1,0.0
2000,10,DET,2000_10_MIA_DET,1434.4723,24.3065
2000,10,LAC,2000_10_LAC_SEA,1416.5837,104.3172
2000,10,ATL,2000_10_TB_ATL,1409.8079,0.0
2000,10,CHI,2000_10_IND_CHI,1401.1232,-8.6313
2000,10,ARI,2000_10_WAS_ARI,1350.3088,0.0
2000,10,CIN,2000_10_BAL_CIN,1345.9192,0.0
2000,10,CLE,2000_10_NYG_CLE,1315.0438,-98.0482
2000,10,HOU,,,
2000,11,LAR,2000_11_LAR_NYG,1739.144,-105.9397
2000,11,IND,2000_11_NYJ_IND,1653.0219,0.0
2000,11,OAK,2000_11_OAK_DEN,1619.6769,0.0
2000,11,TEN,2000_11_BAL_TEN,1608.8682,0.0
2000,11,DEN,2000_11_OAK_DEN,1602.8726,0.0
2000,11,MIN,2000_11_ARI_MIN,1600.4948,0.0
2000,11,NYJ,2000_11_NYJ_IND,1593.7953,0.0
2000,11,CAR,2000_11_NO_CAR,1577.0739,0.0
2000,11,BAL,2000_11_BAL_TEN,1574.935,19.466
2000,11,WAS,2000_10_WAS_ARI,1570.4456,-19.3431
2000,11,MIA,2000_11_MIA_LAC,1569.1494,0.0
2000,11,TB,2000_11_GB_TB,1566.1002,0.0
2000,11,NYG,2000_11_LAR_NYG,1560.3036,0.0
2000,11,GB,2000_11_GB_TB,1551.5202,0.0
2000,11,DAL,2000_11_CIN_DAL,1533.4318,0.0
2000,11,KC,2000_11_KC_SF,1531.0449,0.0
2000,11,BUF,2000_11_CHI_BUF,1527.6676,27.9682
2000,11,PIT,2000_11_PHI_PIT,1520.1249,-7.7868
2000,11,JAX,2000_11_SEA_JAX,1513.9403,0.0
2000,11,PHI,2000_11_PHI_PIT,1506.1328,0.0
2000,11,NO,2000_11_NO_CAR,1495.2,0.0
2000,11,SF,2000_11_KC_SF,1481.6944,0.0
2000,11,NE,2000_11_NE_CLE,1470.1021,0.0
2000,11,SEA,2000_11_SEA_JAX,1459.873,0.0
2000,11,LAC,2000_11_MIA_LAC,1428.0249,32.7074
2000,11,DET,2000_11_ATL_DET,1416.7671,19.2822
2000,11,CHI,2000_11_CHI_BUF,1414.2048,1.4965
2000,11,ATL,2000_11_ATL_DET,1399.0017,-1.3359
2000,11,ARI,2000_11_ARI_MIN,1345.8101,0.0
2000,11,CIN,2000_11_CIN_DAL,1322.3388,0.0
2000,11,CLE,2000_11_NE_CLE,1298.891,-98.0263
2000,11,HOU,,,
2000,12,LAR,2000_12_WAS_LAR,1754.0231,-78.5796
2000,12,IND,2000_12_IND_GB,1659.9284,0.0
2000,12,OAK,2000_12_OAK_NO,1631.1044,0.0
2000,12,MIN,2000_12_CAR_MIN,1614.6301,0.0
2000,12,TEN,2000_12_CLE_TEN,1612.835,0.0
2000,12,DEN,2000_12_LAC_DEN,1594.3911,-114.8805
2000,12,NYJ,2000_12_NYJ_MIA,1587.148,0.0
2000,12,MIA,2000_12_NYJ_MIA,1578.6729,0.0
2000,12,BAL,2000_12_DAL_BAL,1577.9798,24.0673
2000,12,WAS,2000_12_WAS_LAR,1573.9099,-33.3216
2000,12,CAR,2000_12_CAR_MIN,1563.5072,0.0
2000,12,TB,2000_12_TB_CHI,1563.3764,0.0
2000,12,GB,2000_12_IND_GB,1555.4524,0.0
2000,12,NYG,2000_12_DET_NYG,1548.6354,0.0
2000,12,DAL,2000_12_DAL_BAL,1545.8285,0.0
2000,12,PIT,2000_12_JAX_PIT,1515.2079,-15.5418
2000,12,KC,2000_12_BUF_KC,1512.326,0.0
2000,12,PHI,2000_12_ARI_PHI,1511.0445,0.0
2000,12,JAX,2000_12_JAX_PIT,1507.7071,0.0
2000,12,NO,2000_12_OAK_NO,1507.0474,0.0
2000,12,BUF,2000_12_BUF_KC,1505.2562,0.0
2000,12,SF,2000_12_ATL_SF,1501.6821,0.0
2000,12,NE,2000_12_CIN_NE,1459.997,0.0
2000,12,SEA,2000_11_SEA_JAX,1459.873,0.0
2000,12,CHI,2000_12_TB_CHI,1417.3157,-42.5637
2000,12,LAC,2000_12_LAC_DEN,1416.6968,0.0
2000,12,DET,2000_12_DET_NYG,1411.6696,8.1067
2000,12,ATL,2000_12_ATL_SF,1393.9574,0.0
2000,12,ARI,2000_12_ARI_PHI,1339.103,0.0
2000,12,CLE,2000_12_CLE_TEN,1307.9814,-87.4892
2000,12,CIN,2000_12_CIN_NE,1306.5365,43.2808
2000,12,HOU,,,
2000,13,LAR,2000_13_NO_LAR,1729.373,-77.1896
2000,13,IND,2000_13_MIA_IND,1658.9802,0.0
2000,13,OAK,2000_13_ATL_OAK,1641.8817,0.0
2000,13,MIN,2000_13_MIN_DAL,1629.6194,0.0
2000,13,TEN,2000_13_TEN_JAX,1610.9209,0.0
2000,13,BAL,2000_13_CLE_BAL,1601.0611,28.1157
2000,13,NYJ,2000_13_CHI_NYJ,1599.519,0.0
2000,13,WAS,2000_13_PHI_WAS,1596.1889,-18.6224
2000,13,DEN,2000_13_DEN_SEA,1591.1171,-100.7978
2000,13,GB,2000_13_GB_CAR,1565.1481,0.0
2000,13,MIA,2000_13_MIA_IND,1555.6468,-60.1989
2000,13,TB,2000_13_BUF_TB,1554.8072,0.0
2000,13,CAR,2000_13_GB_CAR,1550.0481,0.0
2000,13,NYG,2000_13_NYG_ARI,1534.0467,0.0
2000,13,PHI,2000_13_PHI_WAS,1529.004,0.0
2000,13,DAL,2000_13_MIN_DAL,1518.7232,0.0
2000,13,KC,2000_13_KC_LAC,1514.8652,-68.5504
2000,13,JAX,2000_13_TEN_JAX,1512.4608,0.0
2000,13,BUF,2000_13_BUF_TB,1509.2823,0.0
2000,13,PIT,2000_13_PIT_CIN,1508.1631,-12.0826
2000,13,NO,2000_13_NO_LAR,1503.4221,-47.0594
2000,13,SF,2000_12_ATL_SF,1501.6821,0.0
2000,13,SEA,2000_13_DEN_SEA,1474.3255,23.4094
2000,13,NE,2000_13_NE_DET,1455.0943,0.0
2000,13,DET,2000_13_NE_DET,1431.6413,29.4238
2000,13,LAC,2000_13_KC_LAC,1428.5468,0.0
2000,13,CHI,2000_13_CHI_NYJ,1423.3273,-40.704
2000,13,ATL,2000_13_ATL_OAK,1383.0612,0.0
2000,13,ARI,2000_13_NYG_ARI,1322.684,-34.3051
2000,13,CIN,2000_13_PIT_CIN,1314.6282,0.0
2000,13,CLE,2000_13_CLE_BAL,1299.4592,-89.8467
2000,13,HOU,,,
2000,14,LAR,2000_14_LAR_CAR,1708.6691,0.0
2000,14,OAK,2000_14_OAK_PIT,1660.6299,0.0
2000,14,MIN,2000_14_DET_MIN,1647.7096,0.0
2000,14,IND,2000_14_IND_NYJ,1644.4489,0.0
2000,14,DEN,2000_14_DEN_NO,1607.4324,-105.8768
2000,14,TEN,2000_14_TEN_PHI,1607.2984,0.0
2000,14,BAL,2000_13_CLE_BAL,1601.0611,28.1157
2000,14,WAS,2000_14_NYG_WAS,1594.1152,0.0
2000,14,NYJ,2000_14_IND_NYJ,1579.2109,0.0
2000,14,MIA,2000_14_MIA_BUF,1570.8381,0.0
2000,14,CAR,2000_14_LAR_CAR,1561.9041,0.0
2000,14,TB,2000_14_DAL_TB,1558.8898,0.0
2000,14,NYG,2000_14_NYG_WAS,1550.4516,0.0
2000,14,GB,2000_14_GB_CHI,1549.086,0.0
2000,14,PHI,2000_14_TEN_PHI,1543.439,0.0
2000,14,PIT,2000_14_OAK_PIT,1530.3567,4.1438
2000,14,NO,2000_14_DEN_NO,1524.9221,-34.6381
2000,14,JAX,2000_14_CLE_JAX,1516.2512,0.0
2000,14,DAL,2000_14_DAL_TB,1502.6151,0.0
2000,14,BUF,2000_14_MIA_BUF,1502.1465,0.0
2000,14,KC,2000_14_KC_NE,1501.1733,0.0
2000,14,SF,2000_14_SF_LAC,1500.8725,0.0
2000,14,DET,2000_14_DET_MIN,1456.8836,44.5347
2000,14,SEA,2000_14_SEA_ATL,1455.9912,0.0
2000,14,LAC,2000_14_SF_LAC,1432.9025,0.0
2000,14,NE,2000_14_KC_NE,1432.0652,0.0
2000,14,CHI,2000_14_GB_CHI,1432.006,-42.3019
2000,14,ATL,2000_14_SEA_ATL,1372.0474,-18.5858
2000,14,ARI,2000_14_ARI_CIN,1306.0467,0.0
2000,14,CIN,2000_14_ARI_CIN,1304.7169,61.9502
2000,14,CLE,2000_14_CLE_JAX,1280.3379,-52.8147
2000,14,HOU,,,
2000,15,LAR,2000_15_MIN_LAR,1690.6499,0.0
2000,15,OAK,2000_15_NYJ_OAK,1661.9921,0.0
2000,15,MIN,2000_15_MIN_LAR,1642.7039,0.0
2000,15,IND,2000_15_BUF_IND,1636.2082,0.0
2000,15,DEN,2000_15_SEA_DEN,1620.8915,-96.5045
2000,15,BAL,2000_15_LAC_BAL,1620.0241,33.6425
2000,15,TEN,2000_15_CIN_TEN,1614.2215,0.0
2000,15,MIA,2000_15_TB_MIA,1608.5285,0.0
2000,15,NYJ,2000_15_NYJ_OAK,1586.5505,0.0
2000,15,WAS,2000_15_WAS_DAL,1583.6045,11.6617
2000,15,TB,2000_15_TB_MIA,1576.1309,0.0
2000,15,GB,2000_15_DET_GB,1570.0698,0.0
2000,15,CAR,2000_15_CAR_KC,1570.0187,0.0
2000,15,NYG,2000_15_PIT_NYG,1552.8122,0.0
2000,15,JAX,2000_15_ARI_JAX,1547.1597,0.0
2000,15,PHI,2000_15_PHI_CLE,1540.3178,0.0
2000,15,PIT,2000_15_PIT_NYG,1533.1264,19.25
2000,15,SF,2000_15_NO_SF,1525.0362,0.0
2000,15,NO,2000_15_NO_SF,1520.8254,-16.3788
2000,15,KC,2000_15_CAR_KC,1502.9906,0.0
2000,15,DAL,2000_15_WAS_DAL,1485.8387,0.0
2000,15,SEA,2000_15_SEA_DEN,1475.9858,0.0
2000,15,DET,2000_15_DET_GB,1458.4769,36.6877
2000,15,BUF,2000_15_BUF_IND,1458.4005,0.0
2000,15,NE,2000_15_NE_CHI,1436.5669,0.0
2000,15,LAC,2000_15_LAC_BAL,1406.5453,0.0
2000,15,CHI,2000_15_NE_CHI,1406.3882,-45.7052
2000,15,ATL,2000_14_SEA_ATL,1372.0474,-18.5858
2000,15,ARI,2000_15_ARI_JAX,1305.7607,-31.8111
2000,15,CIN,2000_15_CIN_TEN,1303.5307,54.2893
2000,15,CLE,2000_15_PHI_CLE,1233.4506,-91.4085
2000,15,HOU,,,
2000,16,LAR,2000_16_LAR_TB,1704.1937,0.0
2000,16,OAK,2000_16_OAK_SEA,1663.513,0.0
2000,16,IND,2000_16_IND_MIA,1650.8477,0.0
2000,16,TEN,2000_16_TEN_CLE,1646.7398,0.0
2000,16,MIN,2000_16_GB_MIN,1638.8953,0.0
2000,16,BAL,2000_16_BAL_ARI,1626.3908,26.9388
2000,16,DEN,2000_16_DEN_KC,1620.8038,-99.216
2000,16,MIA,2000_16_IND_MIA,1599.4133,0.0
2000,16,TB,2000_16_LAR_TB,1582.1885,0.0
2000,16,NYJ,2000_16_DET_NYJ,1578.6418,0.0
2000,16,NYG,2000_16_NYG_DAL,1575.2249,0.0
2000,16,JAX,2000_16_JAX_CIN,1572.8754,0.0
2000,16,GB,2000_16_GB_MIN,1566.636,0.0
2000,16,WAS,2000_16_WAS_PIT,1563.5896,-1.2437
2000,16,CAR,2000_16_LAC_CAR,1562.5708,0.0
2000,16,PHI,2000_15_PHI_CLE,1540.3178,0.0
2000,16,NO,2000_16_ATL_NO,1531.8742,-8.3314
2000,16,SF,2000_16_CHI_SF,1528.7821,0.0
2000,16,PIT,2000_16_WAS_PIT,1523.0774,20.7234
2000,16,KC,2000_16_DEN_KC,1513.9392,0.0
2000,16,DAL,2000_16_NYG_DAL,1503.3748,-60.6594
2000,16,SEA,2000_16_OAK_SEA,1477.0203,0.0
2000,16,DET,2000_16_DET_NYJ,1458.3965,30.0164
2000,16,BUF,2000_16_NE_BUF,1436.6959,0.0
2000,16,NE,2000_16_NE_BUF,1426.643,0.0
2000,16,CHI,2000_16_CHI_SF,1421.1296,0.0
2000,16,LAC,2000_16_LAC_CAR,1399.2457,0.0
2000,16,ATL,2000_16_ATL_NO,1348.6502,-24.3973
2000,16,ARI,2000_16_BAL_ARI,1283.929,0.0
2000,16,CIN,2000_16_JAX_CIN,1271.2774,47.9518
2000,16,CLE,2000_16_TEN_CLE,1238.9149,-75.5056
2000,16,HOU,,,
2000,17,LAR,2000_17_LAR_NO,1706.9197,0.0
2000,17,OAK,2000_17_CAR_OAK,1658.8934,0.0
2000,17,TEN,2000_17_DAL_TEN,1655.0337,0.0
2000,17,IND,2000_17_MIN_IND,1652.9911,0.0
2000,17,MIN,2000_17_MIN_IND,1634.4685,0.0
2000,17,DEN,2000_17_SF_DEN,1614.9324,0.0
2000,17,BAL,2000_17_NYJ_BAL,1614.4879,5.2421
2000,17,MIA,2000_17_MIA_NE,1599.4387,0.0
2000,17,TB,2000_17_TB_GB,1592.0027,0.0
2000,17,GB,2000_17_TB_GB,1580.3263,0.0
2000,17,JAX,2000_17_JAX_NYG,1565.8964,0.0
2000,17,NYJ,2000_17_NYJ_BAL,1565.5884,0.0
2000,17,NYG,2000_17_JAX_NYG,1564.943,0.0
2000,17,CAR,2000_17_CAR_OAK,1551.4668,0.0
2000,17,PIT,2000_17_PIT_LAC,1546.1622,22.1945
2000,17,NO,2000_17_LAR_NO,1541.2923,0.3091
2000,17,PHI,2000_17_CIN_PHI,1539.4329,0.0
2000,17,SF,2000_17_SF_DEN,1538.6769,0.0
2000,17,WAS,2000_17_ARI_WAS,1536.6618,0.0
2000,17,KC,2000_17_KC_ATL,1523.8671,0.0
2000,17,DAL,2000_17_DAL_TEN,1507.6362,-69.0612
2000,17,SEA,2000_17_BUF_SEA,1482.2806,0.0
2000,17,DET,2000_17_CHI_DET,1458.7067,13.3722
2000,17,NE,2000_17_MIA_NE,1449.3106,0.0
2000,17,BUF,2000_17_BUF_SEA,1408.0194,66.4977
2000,17,CHI,2000_17_CHI_DET,1403.7745,-16.5838
2000,17,LAC,2000_17_PIT_LAC,1402.3035,0.0
2000,17,ATL,2000_17_KC_ATL,1336.9318,0.0
2000,17,ARI,2000_17_ARI_WAS,1286.7968,0.0
2000,17,CIN,2000_17_CIN_PHI,1273.5149,43.7663
2000,17,CLE,2000_16_TEN_CLE,1238.9149,-75.5056
2000,17,HOU,,,
2001,1,LAR,2001_01_LAR_PHI,1633.6045,0.0
2001,1,IND,2001_01_IND_NYJ,1622.3802,0.0
2001,1,OAK,2001_01_OAK_KC,1617.3816,0.0
2001,1,DEN,2001_01_NYG_DEN,1601.1069,0.0
2001,1,TEN,2001_01_MIA_TEN,1599.5813,0.0
2001,1,MIN,2001_01_CAR_MIN,1592.3723,0.0
2001,1,BAL,2001_01_CHI_BAL,1575.1314,0.0
2001,1,GB,2001_01_DET_GB,1553.3379,0.0
2001,1,NYJ,2001_01_IND_NYJ,1549.9544,0.0
2001,1,TB,2001_01_TB_DAL,1549.8957,0.0
2001,1,JAX,2001_01_PIT_JAX,1549.6209,0.0
2001,1,SF,2001_01_ATL_SF,1539.6035,0.0
2001,1,PHI,2001_01_LAR_PHI,1537.7801,0.0
2001,1,MIA,2001_01_MIA_TEN,1536.0366,0.0
2001,1,NYG,2001_01_NYG_DEN,1531.9331,0.0
2001,1,PIT,2001_01_PIT_JAX,1531.4645,0.0
2001,1,NO,2001_01_NO_BUF,1527.0421,0.0
2001,1,WAS,2001_01_WAS_LAC,1515.6045,0.0
2001,1,CAR,2001_01_CAR_MIN,1514.8642,0.0
2001,1,KC,2001_01_OAK_KC,1504.87,0.0
2001,1,DAL,2001_01_TB_DAL,1493.6276,0.0
2001,1,NE,2001_01_NE_CIN,1472.8494,0.0
2001,1,LAC,2001_01_WAS_LAC,1463.1753,0.0
2001,1,SEA,2001_01_SEA_CLE,1462.3174,0.0
2001,1,DET,2001_01_DET_GB,1460.2035,0.0
2001,1,CHI,2001_01_CHI_BAL,1457.9951,0.0
2001,1,BUF,2001_01_NO_BUF,1438.5944,0.0
2001,1,ATL,2001_01_ATL_SF,1408.916,0.0
2001,1,CIN,2001_01_NE_CIN,1373.4978,0.0
2001,1,CLE,2001_01_SEA_CLE,1355.6294,0.0
2001,1,ARI,2000_17_ARI_WAS,1286.7968,0.0
2001,1,HOU,,,
2001,2,IND,2001_02_BUF_IND,1645.6757,0.0
2001,2,LAR,2001_02_LAR_SF,1631.2081,0.0
2001,2,OAK,2001_02_OAK_MIA,1622.3907,0.0
2001,2,DEN,2001_02_DEN_ARI,1616.2808,0.0
2001,2,TEN,2001_02_TEN_JAX,1589.8746,-32.8151
2001,2,BAL,2001_02_BAL_CIN,1585.178,0.0
2001,2,GB,2001_02_WAS_GB,1582.9674,0.0
2001,2,MIN,2001_02_MIN_CHI,1572.1051,0.0
2001,2,MIA,2001_02_OAK_MIA,1552.4424,0.0
2001,2,TB,2001_01_TB_DAL,1549.8957,0.0
2001,2,PHI,2001_02_PHI_SEA,1541.0119,0.0
2001,2,SF,2001_02_LAR_SF,1533.806,0.0
2001,2,CAR,2001_02_CAR_ATL,1531.8627,0.0
2001,2,PIT,2001_01_PIT_JAX,1531.4645,0.0
2001,2,NYJ,2001_02_NYJ_NE,1529.8416,0.0
2001,2,NYG,2001_02_NYG_KC,1529.8104,0.0
2001,2,NO,2001_01_NO_BUF,1527.0421,0.0
2001,2,KC,2001_02_NYG_KC,1502.6175,0.0
2001,2,JAX,2001_02_TEN_JAX,1499.1363,0.0
2001,2,DAL,2001_02_LAC_DAL,1489.3401,-109.2363
2001,2,LAC,2001_02_LAC_DAL,1489.0311,0.0
2001,2,WAS,2001_02_WAS_GB,1483.5414,0.0
2001,2,NE,2001_02_NYJ_NE,1463.7464,0.0
2001,2,SEA,2001_02_PHI_SEA,1459.7642,0.0
2001,2,CHI,2001_02_MIN_CHI,1449.1197,0.0
2001,2,DET,2001_02_DET_CLE,1437.3901,37.0752
2001,2,ATL,2001_02_CAR_ATL,1415.7966,0.0
2001,2,BUF,2001_02_BUF_IND,1413.3805,0.0
2001,2,CIN,2001_02_BAL_CIN,1388.0381,0.0
2001,2,ARI,2001_02_DEN_ARI,1379.6653,0.0
2001,2,CLE,2001_02_DET_CLE,1352.626,0.0
2001,2,HOU,,,
2001,3,IND,2001_03_IND_NE,1660.4933,0.0
2001,3,LAR,2001_03_MIA_LAR,1635.9659,0.0
2001,3,DEN,2001_03_BAL_DEN,1630.478,0.0
2001,3,OAK,2001_03_SEA_OAK,1615.9151,0.0
2001,3,GB,2001_03_GB_CAR,1613.7839,0.0
2001,3,TEN,2001_02_TEN_JAX,1589.8746,-32.8151
2001,3,BAL,2001_03_BAL_DEN,1573.8338,0.0
2001,3,PHI,2001_03_DAL_PHI,1564.7626,0.0
2001,3,MIN,2001_03_TB_MIN,1561.9277,0.0
2001,3,PIT,2001_03_PIT_BUF,1556.9699,0.0
2001,3,MIA,2001_03_MIA_LAR,1555.1955,0.0
2001,3,TB,2001_03_TB_MIN,1555.1271,0.0
2001,3,NO,2001_03_NO_NYG,1547.4421,0.0
2001,3,NYG,2001_03_NO_NYG,1536.3308,0.0
2001,3,CAR,2001_03_GB_CAR,1533.8143,0.0
2001,3,NYJ,2001_03_SF_NYJ,1530.5841,0.0
2001,3,SF,2001_03_SF_NYJ,1527.7023,0.0
2001,3,LAC,2001_03_CIN_LAC,1506.4537,0.0
2001,3,KC,2001_03_KC_WAS,1487.8914,0.0
2001,3,JAX,2001_03_CLE_JAX,1486.9694,0.0
2001,3,DAL,2001_03_DAL_PHI,1482.4583,-102.55
2001,3,NE,2001_03_IND_NE,1455.4719,-54.1052
2001,3,CHI,2001_02_MIN_CHI,1449.1197,0.0
2001,3,WAS,2001_03_KC_WAS,1446.1511,-19.3993
2001,3,DET,2001_02_DET_CLE,1437.3901,37.0752
2001,3,SEA,2001_03_SEA_OAK,1435.0263,0.0
2001,3,ATL,2001_03_ATL_ARI,1429.3066,0.0
2001,3,BUF,2001_03_PIT_BUF,1410.3766,0.0
2001,3,CIN,2001_03_CIN_LAC,1394.2509,0.0
2001,3,ARI,2001_03_ATL_ARI,1372.8919,0.0
2001,3,CLE,2001_03_CLE_JAX,1360.0624,0.0
2001,3,HOU,,,
2001,4,LAR,2001_04_LAR_DET,1672.7123,0.0
2001,4,IND,2001_03_IND_NE,1660.4933,0.0
2001,4,GB,2001_04_GB_TB,1637.2097,0.0
2001,4,OAK,2001_04_DAL_OAK,1629.1302,0.0
2001,4,DEN,2001_04_KC_DEN,1610.9495,0.0
2001,4,TEN,2001_04_TEN_BAL,1592.809,0.0
2001,4,BAL,2001_04_TEN_BAL,1590.9409,0.0
2001,4,PHI,2001_04_ARI_PHI,1571.8471,0.0
2001,4,PIT,2001_04_CIN_PIT,1571.4874,0.0
2001,4,MIN,2001_04_MIN_NO,1568.9923,0.0
2001,4,TB,2001_04_GB_TB,1549.5868,0.0
2001,4,NYG,2001_04_WAS_NYG,1543.854,0.0
2001,4,NO,2001_04_MIN_NO,1540.7999,0.0
2001,4,SF,2001_04_CAR_SF,1531.7228,0.0
2001,4,NYJ,2001_04_NYJ_BUF,1529.1301,0.0
2001,4,MIA,2001_04_NE_MIA,1528.4622,0.0
2001,4,KC,2001_04_KC_DEN,1525.7002,0.0
2001,4,LAC,2001_04_LAC_CLE,1513.7338,0.0
2001,4,CAR,2001_04_CAR_SF,1507.7927,0.0
2001,4,NE,2001_04_NE_MIA,1493.1722,-49.3651
2001,4,DAL,2001_04_DAL_OAK,1476.4241,0.0
2001,4,ATL,2001_04_CHI_ATL,1455.593,0.0
2001,4,CHI,2001_04_CHI_ATL,1455.3429,13.6054
2001,4,JAX,2001_04_JAX_SEA,1433.5873,0.0
2001,4,DET,2001_04_LAR_DET,1425.7237,4.3991
2001,4,SEA,2001_04_JAX_SEA,1424.8953,56.4594
2001,4,WAS,2001_04_WAS_NYG,1413.8127,-25.1582
2001,4,CLE,2001_04_LAC_CLE,1399.504,0.0
2001,4,BUF,2001_04_NYJ_BUF,1392.9074,0.0
2001,4,CIN,2001_04_CIN_PIT,1386.5577,0.0
2001,4,ARI,2001_04_ARI_PHI,1357.7036,0.0
2001,4,HOU,,,
2001,5,LAR,2001_05_NYG_LAR,1704.2544,0.0
2001,5,OAK,2001_05_OAK_IND,1636.6725,0.0
2001,5,GB,2001_05_BAL_GB,1628.9992,0.0
2001,5,IND,2001_05_OAK_IND,1624.3873,0.0
2001,5,DEN,2001_05_DEN_SEA,1618.1518,0.0
2001,5,BAL,2001_05_BAL_GB,1614.6011,0.0
2001,5,PIT,2001_05_PIT_KC,1576.701,0.0
2001,5,PHI,2001_04_ARI_PHI,1571.8471,0.0
2001,5,TEN,2001_05_TB_TEN,1568.5628,0.0
2001,5,MIN,2001_05_DET_MIN,1556.6525,0.0
2001,5,TB,2001_05_TB_TEN,1552.9115,0.0
2001,5,NYG,2001_05_NYG_LAR,1551.8028,0.0
2001,5,NO,2001_05_NO_CAR,1550.292,0.0
2001,5,MIA,2001_05_MIA_NYJ,1538.6167,0.0
2001,5,SF,2001_05_SF_ATL,1536.5837,0.0
2001,5,NYJ,2001_05_MIA_NYJ,1527.6794,0.0
2001,5,KC,2001_05_PIT_KC,1512.3255,0.0
2001,5,LAC,2001_05_LAC_NE,1510.2981,0.0
2001,5,CAR,2001_05_NO_CAR,1501.3664,0.0
2001,5,NE,2001_05_LAC_NE,1482.9488,-58.7114
2001,5,CHI,2001_05_ARI_CHI,1480.0222,10.4881
2001,5,DAL,2001_05_WAS_DAL,1476.2899,-94.2199
2001,5,JAX,2001_04_JAX_SEA,1433.5873,0.0
2001,5,SEA,2001_05_DEN_SEA,1427.9263,61.8819
2001,5,ATL,2001_05_SF_ATL,1427.3535,0.0
2001,5,CLE,2001_05_CLE_CIN,1408.8555,0.0
2001,5,WAS,2001_05_WAS_DAL,1398.5666,-46.3644
2001,5,BUF,2001_04_NYJ_BUF,1392.9074,0.0
2001,5,DET,2001_05_DET_MIN,1387.9749,0.0
2001,5,CIN,2001_05_CLE_CIN,1383.2064,0.0
2001,5,ARI,2001_05_ARI_CHI,1371.2287,0.0
2001,5,HOU,,,
2001,6,LAR,2001_06_LAR_NYJ,1705.4012,0.0
2001,6,GB,2001_06_GB_MIN,1640.7284,0.0
2001,6,OAK,2001_05_OAK_IND,1636.6725,0.0
2001,6,BAL,2001_06_BAL_CLE,1616.911,0.0
2001,6,IND,2001_06_NE_IND,1613.3037,0.0
2001,6,DEN,2001_06_DEN_LAC,1600.7522,0.0
2001,6,TEN,2001_06_TEN_DET,1579.2327,0.0
2001,6,PIT,2001_06_PIT_TB,1577.7613,0.0
2001,6,PHI,2001_06_PHI_NYG,1560.4098,0.0
2001,6,NO,2001_06_ATL_NO,1551.9473,0.0
2001,6,MIN,2001_06_GB_MIN,1551.3362,0.0
2001,6,TB,2001_06_PIT_TB,1548.352,0.0
2001,6,NYG,2001_06_PHI_NYG,1545.2497,0.0
2001,6,MIA,2001_05_MIA_NYJ,1538.6167,0.0
2001,6,SF,2001_05_SF_ATL,1536.5837,0.0
2001,6,NYJ,2001_06_LAR_NYJ,1529.9197,0.0
2001,6,LAC,2001_06_DEN_LAC,1520.1672,0.0
2001,6,KC,2001_06_KC_ARI,1510.6726,0.0
2001,6,CAR,2001_06_CAR_WAS,1494.9499,0.0
2001,6,NE,2001_06_NE_IND,1485.6889,-34.935
2001,6,CHI,2001_06_CHI_CIN,1477.952,1.0386
2001,6,DAL,2001_05_WAS_DAL,1476.2899,-94.2199
2001,6,SEA,2001_05_DEN_SEA,1427.9263,61.8819
2001,6,JAX,2001_06_BUF_JAX,1425.2822,0.0
2001,6,ATL,2001_06_ATL_NO,1423.9666,0.0
2001,6,DET,2001_06_TEN_DET,1406.3358,0.0
2001,6,BUF,2001_06_BUF_JAX,1403.5911,0.0
2001,6,CLE,2001_06_BAL_CLE,1403.3632,0.0
2001,6,WAS,2001_06_CAR_WAS,1397.205,-44.8301
2001,6,CIN,2001_06_CHI_CIN,1393.703,0.0
2001,6,ARI,2001_06_KC_ARI,1373.8127,0.0
2001,6,HOU,,,
2001,7,LAR,2001_07_NO_LAR,1723.1061,0.0
2001,7,OAK,2001_07_OAK_PHI,1643.3882,0.0
2001,7,GB,2001_06_GB_MIN,1640.7284,0.0
2001,7,BAL,2001_07_JAX_BAL,1603.6147,22.6689
2001,7,PIT,2001_07_TEN_PIT,1598.297,0.0
2001,7,DEN,2001_07_NE_DEN,1584.2648,0.0
2001,7,IND,2001_07_IND_KC,1583.9836,0.0
2001,7,MIN,2001_07_MIN_TB,1576.5046,0.0
2001,7,TEN,2001_07_TEN_PIT,1571.9333,0.0
2001,7,PHI,2001_07_OAK_PHI,1559.9451,0.0
2001,7,SF,2001_07_SF_CHI,1553.5562,0.0
2001,7,MIA,2001_07_MIA_SEA,1545.9752,0.0
2001,7,LAC,2001_07_BUF_LAC,1539.817,0.0
2001,7,NYG,2001_07_NYG_WAS,1537.3785,0.0
2001,7,TB,2001_07_MIN_TB,1536.1897,0.0
2001,7,NO,2001_07_NO_LAR,1521.2969,0.0
2001,7,NE,2001_07_NE_DEN,1518.3333,-11.0581
2001,7,CHI,2001_07_SF_CHI,1511.8662,20.6609
2001,7,NYJ,2001_07_NYJ_CAR,1508.3167,0.0
2001,7,KC,2001_07_IND_KC,1497.5565,0.0
2001,7,CAR,2001_07_NYJ_CAR,1490.684,0.0
2001,7,DAL,2001_07_ARI_DAL,1472.9067,-59.7939
2001,7,SEA,2001_07_MIA_SEA,1442.046,0.0
2001,7,ATL,2001_06_ATL_NO,1423.9666,0.0
2001,7,BUF,2001_07_BUF_LAC,1423.218,0.0
2001,7,DET,2001_07_CIN_DET,1412.0635,0.0
2001,7,CLE,2001_06_BAL_CLE,1403.3632,0.0
2001,7,WAS,2001_07_NYG_WAS,1399.2797,-32.9522
2001,7,JAX,2001_07_JAX_BAL,1396.958,0.0
2001,7,ARI,2001_07_ARI_DAL,1394.6858,0.0
2001,7,CIN,2001_07_CIN_DET,1360.8074,0.0
2001,7,HOU,,,
2001,8,LAR,2001_07_NO_LAR,1723.1061,0.0
2001,8,OAK,2001_08_DEN_OAK,1650.7811,0.0
2001,8,PIT,2001_08_BAL_PIT,1624.7112,0.0
2001,8,GB,2001_08_TB_GB,1616.0009,0.0
2001,8,IND,2001_08_IND_BUF,1594.2221,0.0
2001,8,BAL,2001_08_BAL_PIT,1593.7815,12.1162
2001,8,DEN,2001_08_DEN_OAK,1584.1502,0.0
2001,8,MIN,2001_07_MIN_TB,1576.5046,0.0
2001,8,TB,2001_08_TB_GB,1566.4696,0.0
2001,8,TEN,2001_08_JAX_TEN,1553.413,0.0
2001,8,MIA,2001_08_CAR_MIA,1552.2802,0.0
2001,8,PHI,2001_08_PHI_ARI,1549.8586,0.0
2001,8,SF,2001_08_DET_SF,1546.8599,0.0
2001,8,LAC,2001_08_KC_LAC,1541.026,0.0
2001,8,NO,2001_08_NYJ_NO,1532.2834,0.0
2001,8,CHI,2001_08_CLE_CHI,1520.4974,0.0
2001,8,NYG,2001_08_DAL_NYG,1519.2251,0.0
2001,8,NE,2001_08_NE_ATL,1515.8385,-18.0178
2001,8,NYJ,2001_08_NYJ_NO,1507.7231,0.0
2001,8,KC,2001_08_KC_LAC,1490.81,0.0
2001,8,DAL,2001_08_DAL_NYG,1479.2456,-64.0574
2001,8,CAR,2001_08_CAR_MIA,1473.7441,0.0
2001,8,SEA,2001_08_SEA_WAS,1449.1037,0.0
2001,8,ATL,2001_08_NE_ATL,1449.0088,0.0
2001,8,BUF,2001_08_IND_BUF,1428.3953,0.0
2001,8,WAS,2001_08_SEA_WAS,1422.6843,-25.0472
2001,8,CLE,2001_08_CLE_CHI,1419.3334,0.0
2001,8,JAX,2001_08_JAX_TEN,1414.7366,0.0
2001,8,DET,2001_08_DET_SF,1401.9493,0.0
2001,8,ARI,2001_08_PHI_ARI,1380.4784,0.0
2001,8,CIN,2001_07_CIN_DET,1360.8074,0.0
2001,8,HOU,,,
2001,9,LAR,2001_09_CAR_LAR,1710.33,0.0
2001,9,OAK,2001_09_OAK_SEA,1670.0653,0.0
2001,9,PIT,2001_09_PIT_CLE,1622.3587,0.0
2001,9,GB,2001_09_GB_CHI,1621.9459,0.0
2001,9,IND,2001_09_MIA_IND,1606.3686,0.0
2001,9,BAL,2001_09_BAL_TEN,1597.7209,0.0
2001,9,DEN,2001_09_LAC_DEN,1574.9417,0.0
2001,9,MIA,2001_09_MIA_IND,1561.1202,0.0
2001,9,TB,2001_09_TB_DET,1560.8543,0.0
2001,9,PHI,2001_09_MIN_PHI,1559.2802,0.0
2001,9,TEN,2001_09_BAL_TEN,1558.5893,0.0
2001,9,MIN,2001_09_MIN_PHI,1549.9739,0.0
2001,9,SF,2001_09_NO_SF,1549.637,0.0
2001,9,LAC,2001_09_LAC_DEN,1542.3817,0.0
2001,9,NE,2001_09_BUF_NE,1534.4151,-4.4801
2001,9,CHI,2001_09_GB_CHI,1524.3023,11.4415
2001,9,NYJ,2001_09_KC_NYJ,1514.3405,0.0
2001,9,NO,2001_09_NO_SF,1513.4196,0.0
2001,9,NYG,2001_09_NYG_ARI,1508.7456,0.0
2001,9,KC,2001_09_KC_NYJ,1491.1623,0.0
2001,9,DAL,2001_09_DAL_ATL,1477.2836,-54.1334
2001,9,CAR,2001_09_CAR_LAR,1463.5594,-49.7947
2001,9,SEA,2001_09_OAK_SEA,1437.5725,0.0
2001,9,ATL,2001_09_DAL_ATL,1424.474,38.3339
2001,9,WAS,2001_08_SEA_WAS,1422.6843,-25.0472
2001,9,JAX,2001_09_CIN_JAX,1418.5479,0.0
2001,9,CLE,2001_09_PIT_CLE,1417.3174,0.0
2001,9,BUF,2001_09_BUF_NE,1409.3116,0.0
2001,9,DET,2001_09_TB_DET,1397.7163,0.0
2001,9,ARI,2001_09_NYG_ARI,1375.7413,0.0
2001,9,CIN,2001_09_CIN_JAX,1374.1158,0.0
2001,9,HOU,,,
2001,10,LAR,2001_10_LAR_NE,1722.7382,0.0
2001,10,OAK,2001_10_LAC_OAK,1674.9062,0.0
2001,10,GB,2001_10_ATL_GB,1640.5401,0.0
2001,10,PIT,2001_10_JAX_PIT,1626.8291,0.0
2001,10,BAL,2001_10_CLE_BAL,1600.2852,0.0
2001,10,IND,2001_10_IND_NO,1592.1385,0.0
2001,10,PHI,2001_10_PHI_DAL,1589.7362,0.0
2001,10,DEN,2001_10_WAS_DEN,1581.4004,0.0
2001,10,MIA,2001_10_NYJ_MIA,1576.9457,0.0
2001,10,SF,2001_10_SF_CAR,1552.8492,0.0
2001,10,TEN,2001_10_TEN_CIN,1552.78,0.0
2001,10,TB,2001_10_CHI_TB,1550.2122,0.0
2001,10,NE,2001_10_LAR_NE,1543.4189,-24.4831
2001,10,LAC,2001_10_LAC_OAK,1532.8802,0.0
2001,10,NYJ,2001_10_NYJ_MIA,1528.503,0.0
2001,10,NO,2001_10_IND_NO,1520.801,0.0
2001,10,MIN,2001_10_NYG_MIN,1518.1721,0.0
2001,10,CHI,2001_10_CHI_TB,1513.6024,15.9008
2001,10,NYG,2001_10_NYG_MIN,1504.0499,0.0
2001,10,KC,2001_09_KC_NYJ,1491.1623,0.0
2001,10,DAL,2001_10_PHI_DAL,1473.2877,-60.3718
2001,10,SEA,2001_10_SEA_BUF,1450.158,0.0
2001,10,CAR,2001_10_SF_CAR,1442.5668,0.0
2001,10,WAS,2001_10_WAS_DEN,1434.8689,-16.2011
2001,10,CIN,2001_10_TEN_CIN,1428.7876,0.0
2001,10,ATL,2001_10_ATL_GB,1425.8036,0.0
2001,10,CLE,2001_10_CLE_BAL,1417.9853,0.0
2001,10,DET,2001_10_DET_ARI,1403.2667,0.0
2001,10,BUF,2001_10_SEA_BUF,1396.9558,-68.699
2001,10,ARI,2001_10_DET_ARI,1374.2235,0.0
2001,10,JAX,2001_10_JAX_PIT,1343.7778,-57.1445
2001,10,HOU,,,
2001,11,LAR,2001_11_TB_LAR,1731.3448,0.0
2001,11,OAK,2001_11_OAK_NYG,1680.5407,0.0
2001,11,GB,2001_11_GB_DET,1628.9108,0.0
2001,11,PIT,2001_11_PIT_TEN,1624.95,0.0
2001,11,PHI,2001_11_WAS_PHI,1603.9378,0.0
2001,11,BAL,2001_11_BAL_JAX,1583.4328,0.0
2001,11,IND,2001_11_SF_IND,1581.9837,0.0
2001,11,TEN,2001_11_PIT_TEN,1564.7149,0.0
2001,11,SF,2001_11_SF_IND,1557.6598,0.0
2001,11,DEN,2001_11_DEN_DAL,1557.3633,0.0
2001,11,TB,2001_11_TB_LAR,1549.0105,0.0
2001,11,MIA,2001_11_MIA_BUF,1546.8883,0.0
2001,11,LAC,2001_11_ARI_LAC,1538.1713,0.0
2001,11,NE,2001_11_NO_NE,1538.071,-24.2044
2001,11,NO,2001_11_NO_NE,1537.5243,0.0
2001,11,NYJ,2001_10_NYJ_MIA,1528.503,0.0
2001,11,MIN,2001_11_CHI_MIN,1527.9991,0.0
2001,11,CHI,2001_11_CHI_MIN,1520.1347,21.3587
2001,11,NYG,2001_11_OAK_NYG,1496.4426,0.0
2001,11,KC,2001_11_SEA_KC,1471.2187,0.0
2001,11,SEA,2001_11_SEA_KC,1455.926,0.0
2001,11,DAL,2001_11_DEN_DAL,1449.6479,-74.7016
2001,11,WAS,2001_11_WAS_PHI,1448.3134,-25.3804
2001,11,ATL,2001_11_ATL_CAR,1444.3368,0.0
2001,11,CAR,2001_11_ATL_CAR,1438.9726,0.0
2001,11,CLE,2001_11_CIN_CLE,1433.1712,0.0
2001,11,CIN,2001_11_CIN_CLE,1417.4722,0.0
2001,11,DET,2001_11_GB_DET,1404.4484,0.0
2001,11,BUF,2001_11_MIA_BUF,1401.1049,-44.7762
2001,11,ARI,2001_11_ARI_LAC,1393.5017,0.0
2001,11,JAX,2001_11_BAL_JAX,1347.6029,0.0
2001,11,HOU,,,
2001,12,LAR,2001_12_LAR_ATL,1712.5355,0.0
2001,12,OAK,2001_12_ARI_OAK,1689.1256,0.0
2001,12,PIT,2001_12_MIN_PIT,1638.9261,0.0
2001,12,BAL,2001_12_IND_BAL,1632.5812,0.0
2001,12,GB,2001_12_GB_JAX,1621.7205,0.0
2001,12,SF,2001_12_BUF_SF,1582.5979,0.0
2001,12,PHI,2001_12_PHI_KC,1579.7222,0.0
2001,12,TB,2001_12_TB_CIN,1567.6733,0.0
2001,12,NE,2001_12_NE_NYJ,1565.6574,-2.8692
2001,12,TEN,2001_12_TEN_CLE,1563.3791,0.0
2001,12,IND,2001_12_IND_BAL,1553.7009,0.0
2001,12,MIA,2001_12_DEN_MIA,1549.9413,0.0
2001,12,DEN,2001_12_DEN_MIA,1548.0899,0.0
2001,12,NYJ,2001_12_NE_NYJ,1544.8834,0.0
2001,12,LAC,2001_12_LAC_SEA,1534.5413,0.0
2001,12,NO,2001_12_CAR_NO,1528.7866,0.0
2001,12,CHI,2001_12_DET_CHI,1525.1336,10.246
2001,12,MIN,2001_12_MIN_PIT,1510.8928,0.0
2001,12,NYG,2001_11_OAK_NYG,1496.4426,0.0
2001,12,KC,2001_12_PHI_KC,1478.8981,0.0
2001,12,WAS,2001_12_DAL_WAS,1466.251,-22.4308
2001,12,DAL,2001_12_DAL_WAS,1451.8335,0.0
2001,12,ATL,2001_12_LAR_ATL,1450.0776,0.0
2001,12,SEA,2001_12_LAC_SEA,1446.5813,0.0
2001,12,CLE,2001_12_TEN_CLE,1446.1553,0.0
2001,12,CAR,2001_12_CAR_NO,1426.5514,0.0
2001,12,DET,2001_12_DET_CHI,1418.2911,0.0
2001,12,BUF,2001_12_BUF_SF,1410.1171,-29.6678
2001,12,ARI,2001_12_ARI_OAK,1404.1443,0.0
2001,12,CIN,2001_12_TB_CIN,1390.612,0.0
2001,12,JAX,2001_12_GB_JAX,1291.839,0.0
2001,12,HOU,,,
2001,13,LAR,2001_13_SF_LAR,1737.769,0.0
2001,13,OAK,2001_13_KC_OAK,1679.0538,0.0
2001,13,GB,2001_13_CHI_GB,1643.4221,0.0
2001,13,PIT,2001_13_NYJ_PIT,1633.3656,0.0
2001,13,BAL,2001_12_IND_BAL,1632.5812,0.0
2001,13,SF,2001_13_SF_LAR,1604.2834,0.0
2001,13,PHI,2001_13_LAC_PHI,1595.26,0.0
2001,13,TEN,2001_13_TEN_MIN,1583.8784,0.0
2001,13,NE,2001_13_CLE_NE,1575.3783,2.8153
2001,13,TB,2001_13_DET_TB,1564.7124,0.0
2001,13,MIA,2001_13_IND_MIA,1560.4464,0.0
2001,13,IND,2001_13_IND_MIA,1537.5805,0.0
2001,13,NYJ,2001_13_NYJ_PIT,1537.5516,0.0
2001,13,DEN,2001_13_SEA_DEN,1534.7503,0.0
2001,13,NO,2001_13_NO_ATL,1534.5585,0.0
2001,13,LAC,2001_13_LAC_PHI,1532.9627,0.0
2001,13,CHI,2001_13_CHI_GB,1517.6176,-0.9643
2001,13,MIN,2001_13_TEN_MIN,1513.9549,-162.1269
2001,13,NYG,2001_13_NYG_DAL,1486.2292,0.0
2001,13,KC,2001_13_KC_OAK,1467.686,0.0
2001,13,WAS,2001_13_WAS_ARI,1460.05,-16.1356
2001,13,DAL,2001_13_NYG_DAL,1458.3061,0.0
2001,13,SEA,2001_13_SEA_DEN,1446.6725,0.0
2001,13,CLE,2001_13_CLE_NE,1431.7665,0.0
2001,13,CAR,2001_13_CAR_BUF,1427.4543,0.0
2001,13,DET,2001_13_DET_TB,1426.877,-7.0582
2001,13,ATL,2001_13_NO_ATL,1425.7734,0.0
2001,13,ARI,2001_13_WAS_ARI,1423.1065,0.0
2001,13,CIN,2001_13_JAX_CIN,1391.8824,0.0
2001,13,BUF,2001_13_CAR_BUF,1383.9113,-48.9187
2001,13,JAX,2001_13_JAX_CIN,1264.4396,0.0
2001,13,HOU,,,
2001,14,LAR,2001_14_LAR_NO,1741.3669,0.0
2001,14,OAK,2001_14_OAK_LAC,1669.8187,0.0
2001,14,GB,2001_14_GB_TEN,1648.7318,0.0
2001,14,BAL,2001_14_PIT_BAL,1646.9259,0.0
2001,14,PIT,2001_14_PIT_BAL,1644.9162,0.0
2001,14,MIA,2001_14_MIA_SF,1595.1592,0.0
2001,14,SF,2001_14_MIA_SF,1594.7009,0.0
2001,14,PHI,2001_14_PHI_WAS,1592.1668,0.0
2001,14,NE,2001_14_NE_BUF,1578.6128,-5.215
2001,14,TEN,2001_14_GB_TEN,1568.936,0.0
2001,14,TB,2001_14_TB_CHI,1562.7891,0.0
2001,14,NO,2001_14_LAR_NO,1556.1365,0.0
2001,14,MIN,2001_14_MIN_DET,1544.0962,-122.5681
2001,14,DEN,2001_14_DEN_KC,1542.3105,-25.7978
2001,14,LAC,2001_14_OAK_LAC,1534.251,0.0
2001,14,NYJ,2001_14_CIN_NYJ,1529.2706,0.0
2001,14,CHI,2001_14_TB_CHI,1510.7863,-4.3446
2001,14,IND,2001_14_ATL_IND,1505.0517,0.0
2001,14,NYG,2001_14_ARI_NYG,1481.8902,0.0
2001,14,KC,2001_14_DEN_KC,1475.602,0.0
2001,14,WAS,2001_14_PHI_WAS,1467.5488,-6.7573
2001,14,DAL,2001_14_DAL_SEA,1459.3992,0.0
2001,14,SEA,2001_14_DAL_SEA,1433.1433,0.0
2001,14,DET,2001_14_MIN_DET,1432.5914,-10.5442
2001,14,CAR,2001_13_CAR_BUF,1427.4543,0.0
2001,14,CLE,2001_14_JAX_CLE,1423.5472,0.0
2001,14,ARI,2001_14_ARI_NYG,1416.7788,0.0
2001,14,ATL,2001_14_ATL_IND,1403.6211,0.0
2001,14,BUF,2001_14_NE_BUF,1390.0726,-38.4176
2001,14,CIN,2001_14_CIN_NYJ,1374.456,-38.5497
2001,14,JAX,2001_14_JAX_CLE,1276.705,0.0
2001,14,HOU,,,
2001,15,LAR,2001_15_LAR_CAR,1755.945,0.0
2001,15,OAK,2001_15_TEN_OAK,1675.5835,0.0
2001,15,PIT,2001_15_DET_PIT,1669.1887,0.0
2001,15,GB,2001_15_CLE_GB,1639.0754,0.0
2001,15,BAL,2001_15_CIN_BAL,1637.3133,0.0
2001,15,SF,2001_15_PHI_SF,1611.7297,0.0
2001,15,PHI,2001_15_PHI_SF,1596.5447,0.0
2001,15,TEN,2001_15_TEN_OAK,1585.935,0.0
2001,15,NE,2001_15_MIA_NE,1579.451,-17.4602
2001,15,MIA,2001_15_MIA_NE,1574.6275,0.0
2001,15,NO,2001_15_NO_TB,1547.3248,0.0
2001,15,DEN,2001_14_DEN_KC,1542.3105,-25.7978
2001,15,MIN,2001_15_JAX_MIN,1540.6869,-119.9838
2001,15,CHI,2001_15_CHI_WAS,1534.4884,-4.3518
2001,15,TB,2001_15_NO_TB,1533.8241,0.0
2001,15,LAC,2001_15_LAC_KC,1524.9353,0.0
2001,15,NYJ,2001_15_NYJ_IND,1522.6183,0.0
2001,15,IND,2001_15_NYJ_IND,1521.5864,0.0
2001,15,KC,2001_15_LAC_KC,1478.8573,0.0
2001,15,NYG,2001_15_SEA_NYG,1476.5363,0.0
2001,15,SEA,2001_15_SEA_NYG,1460.2845,0.0
2001,15,WAS,2001_15_CHI_WAS,1454.6627,-12.5749
2001,15,DET,2001_15_DET_PIT,1436.7107,-3.6952
2001,15,DAL,2001_15_DAL_ARI,1432.4795,0.0
2001,15,CAR,2001_15_LAR_CAR,1426.5769,0.0
2001,15,ARI,2001_15_DAL_ARI,1420.6679,0.0
2001,15,CLE,2001_15_CLE_GB,1403.639,0.0
2001,15,ATL,2001_15_BUF_ATL,1394.6714,0.0
2001,15,CIN,2001_15_CIN_BAL,1387.8955,0.0
2001,15,BUF,2001_15_BUF_ATL,1387.7153,-38.2647
2001,15,JAX,2001_15_JAX_MIN,1289.4855,0.0
2001,15,HOU,,,
2001,16,LAR,2001_16_IND_LAR,1752.114,0.0
2001,16,PIT,2001_16_PIT_CIN,1695.5784,0.0
2001,16,OAK,2001_16_OAK_DEN,1662.8968,0.0
2001,16,GB,2001_16_MIN_GB,1654.117,0.0
2001,16,BAL,2001_16_BAL_TB,1635.3213,0.0
2001,16,SF,2001_16_SF_DAL,1614.9602,0.0
2001,16,TEN,2001_16_CLE_TEN,1592.5559,0.0
2001,16,PHI,2001_16_NYG_PHI,1589.9832,0.0
2001,16,NE,2001_15_MIA_NE,1579.451,-17.4602
2001,16,MIA,2001_16_ATL_MIA,1577.4209,0.0
2001,16,TB,2001_16_BAL_TB,1561.6358,0.0
2001,16,CHI,2001_16_CHI_DET,1542.8578,-6.202
2001,16,DEN,2001_16_OAK_DEN,1540.3077,0.0
2001,16,LAC,2001_16_SEA_LAC,1530.3209,0.0
2001,16,NYJ,2001_16_BUF_NYJ,1527.246,0.0
2001,16,NO,2001_16_WAS_NO,1527.1536,0.0
2001,16,IND,2001_16_IND_LAR,1518.4433,0.0
2001,16,MIN,2001_16_MIN_GB,1495.5855,-158.6148
2001,16,KC,2001_16_KC_JAX,1481.7524,0.0
2001,16,NYG,2001_16_NYG_PHI,1477.103,0.0
2001,16,SEA,2001_16_SEA_LAC,1458.6347,25.6786
2001,16,WAS,2001_16_WAS_NO,1445.9537,-22.1986
2001,16,CAR,2001_16_ARI_CAR,1433.1577,0.0
2001,16,DAL,2001_16_SF_DAL,1425.8241,0.0
2001,16,ARI,2001_16_ARI_CAR,1421.1925,0.0
2001,16,DET,2001_16_CHI_DET,1417.4087,-7.17
2001,16,BUF,2001_16_BUF_NYJ,1400.6695,-29.0758
2001,16,ATL,2001_16_ATL_MIA,1395.5505,0.0
2001,16,CLE,2001_16_CLE_TEN,1387.6836,0.0
2001,16,CIN,2001_16_PIT_CIN,1382.3008,0.0
2001,16,JAX,2001_16_KC_JAX,1319.6444,0.0
2001,16,HOU,,,
2001,17,LAR,2001_17_ATL_LAR,1771.413,0.0
2001,17,PIT,2001_17_CLE_PIT,1689.6523,0.0
2001,17,OAK,2001_17_NYJ_OAK,1656.1912,0.0
2001,17,GB,2001_17_GB_NYG,1650.3368,0.0
2001,17,BAL,2001_17_MIN_BAL,1617.856,0.0
2001,17,SF,2001_17_SF_NO,1603.7392,0.0
2001,17,TEN,2001_17_CIN_TEN,1599.0798,0.0
2001,17,PHI,2001_17_PHI_TB,1587.3062,-81.5542
2001,17,NE,2001_17_NE_CAR,1581.7982,-21.9521
2001,17,MIA,2001_17_BUF_MIA,1573.4019,0.0
2001,17,TB,2001_17_PHI_TB,1570.147,0.0
2001,17,CHI,2001_17_JAX_CHI,1560.0041,4.1729
2001,17,DEN,2001_17_DEN_IND,1544.6676,0.0
2001,17,LAC,2001_16_SEA_LAC,1530.3209,0.0
2001,17,KC,2001_17_KC_SEA,1525.4864,0.0
2001,17,NYJ,2001_17_NYJ_OAK,1512.8511,0.0
2001,17,IND,2001_17_DEN_IND,1503.8753,0.0
2001,17,MIN,2001_17_MIN_BAL,1495.5313,-166.9414
2001,17,NO,2001_17_SF_NO,1492.3749,0.0
2001,17,NYG,2001_17_GB_NYG,1484.6872,0.0
2001,17,WAS,2001_17_ARI_WAS,1476.6786,-27.1566
2001,17,SEA,2001_17_KC_SEA,1463.8336,39.9098
2001,17,DAL,2001_17_DAL_DET,1446.9663,0.0
2001,17,ARI,2001_17_ARI_WAS,1443.1088,0.0
2001,17,BUF,2001_17_BUF_MIA,1413.5279,-15.4008
2001,17,CAR,2001_17_NE_CAR,1408.7772,0.0
2001,17,ATL,2001_17_ATL_LAR,1401.9001,36.5736
2001,17,CLE,2001_17_CLE_PIT,1400.6085,0.0
2001,17,DET,2001_17_DAL_DET,1395.9024,-12.6002
2001,17,CIN,2001_17_CIN_TEN,1389.2524,0.0
2001,17,JAX,2001_17_JAX_CHI,1256.559,0.0
2001,17,HOU,,,
2002,1,LAR,2002_01_LAR_DEN,1677.579,0.0
2002,1,OAK,2002_01_SEA_OAK,1621.7264,0.0
2002,1,PIT,2002_01_PIT_NE,1619.999,0.0
2002,1,GB,2002_01_ATL_GB,1608.7343,0.0
2002,1,SF,2002_01_SF_NYG,1600.4124,0.0
2002,1,PHI,2002_01_PHI_TEN,1582.5409,0.0
2002,1,TEN,2002_01_PHI_TEN,1572.9834,0.0
2002,1,BAL,2002_01_BAL_CAR,1561.044,0.0
2002,1,NE,2002_01_PIT_NE,1559.501,0.0
2002,1,MIA,2002_01_DET_MIA,1551.7378,0.0
2002,1,IND,2002_01_IND_JAX,1534.705,0.0
2002,1,CHI,2002_01_MIN_CHI,1533.2762,0.0
2002,1,TB,2002_01_NO_TB,1529.2253,0.0
2002,1,NYJ,2002_01_NYJ_BUF,1524.2758,0.0
2002,1,MIN,2002_01_MIN_CHI,1524.053,0.0
2002,1,LAC,2002_01_LAC_CIN,1516.5601,0.0
2002,1,DEN,2002_01_LAR_DEN,1510.1972,0.0
2002,1,KC,2002_01_KC_CLE,1509.8516,0.0
2002,1,HOU,2002_01_DAL_HOU,1505.0,0.0
2002,1,NYG,2002_01_SF_NYG,1490.7481,0.0
2002,1,WAS,2002_01_ARI_WAS,1481.539,0.0
2002,1,ARI,2002_01_ARI_WAS,1473.5931,0.0
2002,1,SEA,2002_01_SEA_OAK,1470.7285,0.0
2002,1,NO,2002_01_NO_TB,1470.7284,0.0
2002,1,DAL,2002_01_DAL_HOU,1464.794,0.0
2002,1,CIN,2002_01_LAC_CIN,1448.5828,0.0
2002,1,ATL,2002_01_ATL_GB,1446.872,0.0
2002,1,DET,2002_01_DET_MIA,1437.3127,0.0
2002,1,CAR,2002_01_BAL_CAR,1434.8184,0.0
2002,1,BUF,2002_01_NYJ_BUF,1432.7938,0.0
2002,1,CLE,2002_01_KC_CLE,1400.9215,0.0
2002,1,JAX,2002_01_IND_JAX,1368.9995,0.0
2002,2,LAR,2002_02_NYG_LAR,1664.7258,0.0
2002,2,OAK,2002_02_OAK_PIT,1630.744,0.0
2002,2,PIT,2002_02_OAK_PIT,1607.216,0.0
2002,2,SF,2002_02_DEN_SF,1606.242,0.0
2002,2,GB,2002_02_GB_NO,1601.9118,0.0
2002,2,TEN,2002_02_TEN_DAL,1586.2694,0.0
2002,2,IND,2002_02_MIA_IND,1585.5366,0.0
2002,2,MIA,2002_02_MIA_IND,1581.4914,0.0
2002,2,PHI,2002_02_PHI_WAS,1576.4941,0.0
2002,2,NE,2002_02_NE_NYJ,1576.3238,0.0
2002,2,BAL,2002_02_TB_BAL,1552.6518,0.0
2002,2,CHI,2002_02_CHI_ATL,1538.5017,0.0
2002,2,LAC,2002_02_HOU_LAC,1534.0309,0.0
2002,2,NYJ,2002_02_NE_NYJ,1533.8382,0.0
2002,2,KC,2002_02_JAX_KC,1526.9128,0.0
2002,2,MIN,2002_02_BUF_MIN,1526.5788,0.0
2002,2,DEN,2002_02_DEN_SF,1522.3373,0.0
2002,2,TB,2002_02_TB_BAL,1519.2419,0.0
2002,2,HOU,2002_02_HOU_LAC,1500.4297,0.0
2002,2,WAS,2002_02_PHI_WAS,1494.2656,0.0
2002,2,NYG,2002_02_NYG_LAR,1484.6438,0.0
2002,2,NO,2002_02_GB_NO,1482.0879,0.0
2002,2,ATL,2002_02_CHI_ATL,1468.4713,0.0
2002,2,ARI,2002_02_ARI_SEA,1467.8293,0.0
2002,2,SEA,2002_02_ARI_SEA,1466.5127,30.9534
2002,2,DAL,2002_02_TEN_DAL,1458.6128,0.0
2002,2,CAR,2002_02_DET_CAR,1442.2105,0.0
2002,2,CIN,2002_02_CIN_CLE,1431.0873,0.0
2002,2,BUF,2002_02_BUF_MIN,1430.257,0.0
2002,2,DET,2002_02_DET_CAR,1422.8125,0.0
2002,2,CLE,2002_02_CIN_CLE,1398.6187,0.0
2002,2,JAX,2002_02_JAX_KC,1310.3813,0.0
2002,3,LAR,2002_03_LAR_TB,1651.1326,0.0
2002,3,OAK,2002_02_OAK_PIT,1630.744,0.0
2002,3,NE,2002_03_KC_NE,1619.1658,0.0
2002,3,PHI,2002_03_DAL_PHI,1610.0228,0.0
2002,3,PIT,2002_02_OAK_PIT,1607.216,0.0
2002,3,MIA,2002_03_NYJ_MIA,1594.223,0.0
2002,3,SF,2002_03_WAS_SF,1594.1634,0.0
2002,3,GB,2002_03_GB_DET,1584.0483,0.0
2002,3,TEN,2002_03_CLE_TEN,1579.3288,0.0
2002,3,IND,2002_03_IND_HOU,1575.7912,0.0
2002,3,BAL,2002_02_TB_BAL,1552.6518,0.0
2002,3,TB,2002_03_LAR_TB,1551.2981,0.0
2002,3,LAC,2002_03_LAC_ARI,1547.3379,0.0
2002,3,DEN,2002_03_BUF_DEN,1544.1588,0.0
2002,3,CHI,2002_03_NO_CHI,1538.1167,0.0
2002,3,MIN,2002_03_CAR_MIN,1518.178,0.0
2002,3,KC,2002_03_KC_NE,1502.994,0.0
2002,3,NO,2002_03_NO_CHI,1500.6612,0.0
2002,3,NYG,2002_03_SEA_NYG,1498.3801,0.0
2002,3,ARI,2002_03_LAC_ARI,1482.2229,0.0
2002,3,NYJ,2002_03_NYJ_MIA,1481.6198,0.0
2002,3,HOU,2002_03_IND_HOU,1473.2922,0.0
2002,3,ATL,2002_03_CIN_ATL,1467.3091,0.0
2002,3,CAR,2002_03_CAR_MIN,1466.5655,0.0
2002,3,DAL,2002_03_DAL_PHI,1466.5091,0.0
2002,3,WAS,2002_03_WAS_SF,1456.9691,0.0
2002,3,SEA,2002_03_SEA_NYG,1452.0883,45.9217
2002,3,BUF,2002_03_BUF_DEN,1446.733,0.0
2002,3,CIN,2002_03_CIN_ATL,1429.1462,0.0
2002,3,CLE,2002_03_CLE_TEN,1401.3085,25.1614
2002,3,DET,2002_03_GB_DET,1398.1593,63.2802
2002,3,JAX,2002_02_JAX_KC,1310.3813,0.0
2002,4,PHI,2002_04_HOU_PHI,1641.6805,0.0
2002,4,OAK,2002_04_TEN_OAK,1641.1439,0.0
2002,4,LAR,2002_04_DAL_LAR,1633.0403,0.0
2002,4,MIA,2002_04_MIA_KC,1619.3914,0.0
2002,4,NE,2002_04_NE_LAC,1615.5543,0.0
2002,4,PIT,2002_04_CLE_PIT,1595.1631,0.0
2002,4,SF,2002_03_WAS_SF,1594.1634,0.0
2002,4,GB,2002_04_CAR_GB,1589.7446,0.0
2002,4,IND,2002_03_IND_HOU,1575.7912,0.0
2002,4,TB,2002_04_TB_CIN,1566.3257,0.0
2002,4,TEN,2002_04_TEN_OAK,1565.7513,0.0
2002,4,LAC,2002_04_NE_LAC,1551.738,0.0
2002,4,DEN,2002_04_DEN_BAL,1547.5067,0.0
2002,4,CHI,2002_04_CHI_BUF,1533.4769,0.0
2002,4,KC,2002_04_MIA_KC,1520.6132,0.0
2002,4,BAL,2002_04_DEN_BAL,1516.6444,0.0
2002,4,NO,2002_04_NO_DET,1511.5281,0.0
2002,4,NYG,2002_04_NYG_ARI,1499.7421,0.0
2002,4,MIN,2002_04_MIN_SEA,1498.3348,0.0
2002,4,CAR,2002_04_CAR_GB,1476.7047,0.0
2002,4,ARI,2002_04_NYG_ARI,1472.5953,0.0
2002,4,ATL,2002_03_CIN_ATL,1467.3091,0.0
2002,4,WAS,2002_03_WAS_SF,1456.9691,0.0
2002,4,NYJ,2002_04_NYJ_JAX,1453.372,0.0
2002,4,BUF,2002_04_CHI_BUF,1451.9595,0.0
2002,4,SEA,2002_04_MIN_SEA,1451.3029,34.8095
2002,4,HOU,2002_04_HOU_PHI,1448.0498,0.0
2002,4,DAL,2002_04_DAL_LAR,1446.9845,0.0
2002,4,CLE,2002_04_CLE_PIT,1409.958,50.4575
2002,4,CIN,2002_04_TB_CIN,1394.7948,-21.2486
2002,4,DET,2002_04_NO_DET,1391.8045,43.9875
2002,4,JAX,2002_04_NYJ_JAX,1339.9943,0.0
2002,5,OAK,2002_05_OAK_BUF,1658.3596,0.0
2002,5,PHI,2002_05_PHI_JAX,1657.4753,0.0
2002,5,LAR,2002_05_LAR_SF,1616.4729,-138.5675
2002,5,MIA,2002_05_NE_MIA,1614.4428,0.0
2002,5,NE,2002_05_NE_MIA,1606.889,0.0
2002,5,SF,2002_05_LAR_SF,1594.9499,0.0
2002,5,IND,2002_05_CIN_IND,1593.1595,0.0
2002,5,TB,2002_05_TB_ATL,1590.943,0.0
2002,5,PIT,2002_05_PIT_NO,1584.7057,-71.2874
2002,5,GB,2002_05_GB_CHI,1579.0349,0.0
2002,5,LAC,2002_05_LAC_DEN,1566.4106,0.0
2002,5,TEN,2002_05_WAS_TEN,1551.9513,0.0
2002,5,DEN,2002_05_LAC_DEN,1541.6153,0.0
2002,5,KC,2002_05_KC_NYJ,1539.8845,0.0
2002,5,CHI,2002_05_GB_CHI,1523.5239,0.0
2002,5,BAL,2002_05_BAL_CLE,1521.5552,0.0
2002,5,NO,2002_05_PIT_NO,1512.1443,0.0
2002,5,MIN,2002_04_MIN_SEA,1498.3348,0.0
2002,5,ATL,2002_05_TB_ATL,1493.1584,0.0
2002,5,CAR,2002_05_ARI_CAR,1487.9715,0.0
2002,5,ARI,2002_05_ARI_CAR,1487.9105,0.0
2002,5,NYJ,2002_05_KC_NYJ,1481.164,8.5498
2002,5,NYG,2002_05_NYG_DAL,1480.1037,0.0
2002,5,BUF,2002_05_OAK_BUF,1478.1397,0.0
2002,5,DAL,2002_05_NYG_DAL,1460.5792,0.0
2002,5,WAS,2002_05_WAS_TEN,1452.9247,-84.9137
2002,5,SEA,2002_04_MIN_SEA,1451.3029,34.8095
2002,5,HOU,2002_04_HOU_PHI,1448.0498,0.0
2002,5,CLE,2002_05_BAL_CLE,1419.6318,34.992
2002,5,DET,2002_04_NO_DET,1391.8045,43.9875
2002,5,CIN,2002_05_CIN_IND,1357.9363,-3.068
2002,5,JAX,2002_05_PHI_JAX,1317.8457,0.0
2002,6,OAK,2002_06_OAK_LAR,1683.9954,0.0
2002,6,PHI,2002_05_PHI_JAX,1657.4753,0.0
2002,6,MIA,2002_06_MIA_DEN,1634.7188,0.0
2002,6,SF,2002_06_SF_SEA,1618.9046,0.0
2002,6,TB,2002_06_CLE_TB,1603.3245,0.0
2002,6,LAR,2002_06_OAK_LAR,1596.5835,-107.2541
2002,6,GB,2002_06_GB_NE,1595.4964,0.0
2002,6,NE,2002_06_GB_NE,1593.3603,0.0
2002,6,PIT,2002_06_PIT_CIN,1588.4785,-64.4354
2002,6,IND,2002_06_BAL_IND,1580.7231,0.0
2002,6,KC,2002_06_KC_LAC,1557.2968,0.0
2002,6,DEN,2002_06_MIA_DEN,1557.0906,0.0
2002,6,LAC,2002_06_KC_LAC,1551.4462,0.0
2002,6,BAL,2002_06_BAL_IND,1540.341,0.0
2002,6,CHI,2002_05_GB_CHI,1523.5239,0.0
2002,6,TEN,2002_06_JAX_TEN,1523.2295,0.0
2002,6,NO,2002_06_NO_WAS,1519.0007,0.0
2002,6,NYG,2002_06_ATL_NYG,1493.7323,0.0
2002,6,WAS,2002_06_NO_WAS,1490.1328,11.8543
2002,6,CAR,2002_06_CAR_DAL,1489.0506,0.0
2002,6,ARI,2002_05_ARI_CAR,1487.9105,0.0
2002,6,NYJ,2002_05_KC_NYJ,1481.164,8.5498
2002,6,MIN,2002_06_DET_MIN,1481.023,0.0
2002,6,ATL,2002_06_ATL_NYG,1474.7405,-128.2655
2002,6,SEA,2002_06_SF_SEA,1469.303,38.1491
2002,6,BUF,2002_06_BUF_HOU,1465.7553,0.0
2002,6,DAL,2002_06_CAR_DAL,1452.128,0.0
2002,6,HOU,2002_06_BUF_HOU,1435.1928,0.0
2002,6,CLE,2002_06_CLE_TB,1409.1337,36.5068
2002,6,DET,2002_06_DET_MIN,1397.7211,52.6314
2002,6,CIN,2002_06_PIT_CIN,1372.6204,0.2255
2002,6,JAX,2002_06_JAX_TEN,1279.325,0.0
2002,7,PHI,2002_07_TB_PHI,1699.3517,0.0
2002,7,OAK,2002_07_LAC_OAK,1661.555,0.0
2002,7,MIA,2002_07_BUF_MIA,1635.1579,-33.4417
2002,7,SF,2002_07_SF_NO,1629.8908,0.0
2002,7,LAR,2002_07_SEA_LAR,1613.0942,-90.1545
2002,7,PIT,2002_07_IND_PIT,1612.12,-66.4862
2002,7,GB,2002_07_WAS_GB,1608.0022,0.0
2002,7,TB,2002_07_TB_PHI,1604.5062,0.0
2002,7,NE,2002_06_GB_NE,1593.3603,0.0
2002,7,IND,2002_07_IND_PIT,1574.2403,0.0
2002,7,LAC,2002_07_LAC_OAK,1563.6917,0.0
2002,7,DEN,2002_07_DEN_KC,1556.3033,0.0
2002,7,KC,2002_07_DEN_KC,1554.7336,0.0
2002,7,BAL,2002_07_JAX_BAL,1546.1804,0.0
2002,7,NO,2002_07_SF_NO,1536.3387,0.0
2002,7,TEN,2002_06_JAX_TEN,1523.2295,0.0
2002,7,CHI,2002_07_CHI_DET,1505.4643,-49.1658
2002,7,NYG,2002_06_ATL_NYG,1493.7323,0.0
2002,7,ATL,2002_07_CAR_ATL,1492.9153,0.0
2002,7,CAR,2002_07_CAR_ATL,1490.858,3.38
2002,7,MIN,2002_07_MIN_NYJ,1488.8063,0.0
2002,7,ARI,2002_07_DAL_ARI,1486.4615,0.0
2002,7,BUF,2002_07_BUF_MIA,1480.4479,0.0
2002,7,NYJ,2002_07_MIN_NYJ,1472.9707,11.0002
2002,7,WAS,2002_07_WAS_GB,1472.8517,-12.2348
2002,7,SEA,2002_07_SEA_LAR,1464.606,42.4057
2002,7,DAL,2002_07_DAL_ARI,1450.7838,0.0
2002,7,HOU,2002_07_HOU_CLE,1426.906,0.0
2002,7,CLE,2002_07_HOU_CLE,1398.5325,30.653
2002,7,DET,2002_07_CHI_DET,1391.8916,62.0954
2002,7,CIN,2002_06_PIT_CIN,1372.6204,0.2255
2002,7,JAX,2002_07_JAX_BAL,1281.2581,0.0
2002,8,PHI,2002_08_NYG_PHI,1704.1128,0.0
2002,8,OAK,2002_08_OAK_KC,1655.9351,0.0
2002,8,MIA,2002_07_BUF_MIA,1635.1579,-33.4417
2002,8,PIT,2002_08_PIT_BAL,1631.6183,-56.5734
2002,8,SF,2002_08_ARI_SF,1624.5187,0.0
2002,8,LAR,2002_07_SEA_LAR,1613.0942,-90.1545
2002,8,GB,2002_07_WAS_GB,1608.0022,0.0
2002,8,TB,2002_08_TB_CAR,1595.5184,-32.2804
2002,8,DEN,2002_08_DEN_NE,1580.3006,0.0
2002,8,NE,2002_08_DEN_NE,1575.2411,0.0
2002,8,LAC,2002_07_LAC_OAK,1563.6917,0.0
2002,8,IND,2002_08_IND_WAS,1558.7895,0.0
2002,8,NO,2002_08_ATL_NO,1557.7591,0.0
2002,8,KC,2002_08_OAK_KC,1541.3872,0.0
2002,8,BAL,2002_08_PIT_BAL,1541.0891,19.3514
2002,8,ATL,2002_08_ATL_NO,1531.2695,0.0
2002,8,TEN,2002_08_TEN_CIN,1524.28,0.0
2002,8,CHI,2002_08_CHI_MIN,1511.1345,-55.049
2002,8,BUF,2002_08_DET_BUF,1500.641,0.0
2002,8,MIN,2002_08_CHI_MIN,1485.5872,0.0
2002,8,NYG,2002_08_NYG_PHI,1484.7928,0.0
2002,8,NYJ,2002_08_CLE_NYJ,1484.3101,26.5511
2002,8,ARI,2002_08_ARI_SF,1483.1426,0.0
2002,8,CAR,2002_08_TB_CAR,1462.7486,-5.9858
2002,8,WAS,2002_08_IND_WAS,1460.5629,0.0
2002,8,DAL,2002_08_SEA_DAL,1449.9494,-67.3778
2002,8,SEA,2002_08_SEA_DAL,1448.091,25.9573
2002,8,HOU,2002_08_HOU_JAX,1418.8475,0.0
2002,8,CLE,2002_08_CLE_NYJ,1408.9413,39.5729
2002,8,DET,2002_08_DET_BUF,1384.2325,55.8403
2002,8,CIN,2002_08_TEN_CIN,1346.6453,-14.8414
2002,8,JAX,2002_08_HOU_JAX,1285.2641,0.0
2002,9,PHI,2002_09_PHI_CHI,1703.177,0.0
2002,9,OAK,2002_09_SF_OAK,1646.3401,0.0
2002,9,PIT,2002_09_PIT_CLE,1643.4114,-44.9493
2002,9,SF,2002_09_SF_OAK,1630.0943,0.0
2002,9,LAR,2002_09_LAR_ARI,1628.0966,-86.5072
2002,9,GB,2002_09_MIA_GB,1620.0309,0.0
2002,9,MIA,2002_09_MIA_GB,1608.9235,-59.5134
2002,9,TB,2002_09_MIN_TB,1591.8499,0.0
2002,9,LAC,2002_09_NYJ_LAC,1581.0531,0.0
2002,9,DEN,2002_08_DEN_NE,1580.3006,0.0
2002,9,NO,2002_08_ATL_NO,1557.7591,0.0
2002,9,NE,2002_09_NE_BUF,1556.3643,0.0
2002,9,ATL,2002_09_BAL_ATL,1552.2574,0.0
2002,9,IND,2002_09_TEN_IND,1549.8665,0.0
2002,9,KC,2002_08_OAK_KC,1541.3872,0.0
2002,9,TEN,2002_09_TEN_IND,1534.691,0.0
2002,9,BAL,2002_09_BAL_ATL,1528.649,26.8083
2002,9,BUF,2002_09_NE_BUF,1506.0243,0.0
2002,9,MIN,2002_09_MIN_TB,1505.2422,0.0
2002,9,CHI,2002_09_PHI_CHI,1490.2253,0.0
2002,9,ARI,2002_09_LAR_ARI,1489.0086,0.0
2002,9,NYG,2002_09_JAX_NYG,1486.0717,0.0
2002,9,NYJ,2002_09_NYJ_LAC,1476.4578,31.8468
2002,9,WAS,2002_09_WAS_SEA,1472.1256,0.0
2002,9,CAR,2002_08_TB_CAR,1462.7486,-5.9858
2002,9,DAL,2002_09_DAL_DET,1451.2718,-65.1172
2002,9,HOU,2002_09_CIN_HOU,1449.7251,0.0
2002,9,SEA,2002_09_WAS_SEA,1447.4157,0.0
2002,9,CLE,2002_09_PIT_CLE,1414.4037,58.5692
2002,9,DET,2002_09_DAL_DET,1379.5447,50.4658
2002,9,CIN,2002_09_CIN_HOU,1342.6361,5.3559
2002,9,JAX,2002_09_JAX_NYG,1245.4526,0.0
2002,10,PHI,2002_10_IND_PHI,1699.7705,0.0
2002,10,SF,2002_10_KC_SF,1643.27,0.0
2002,10,PIT,2002_10_ATL_PIT,1640.325,-39.6145
2002,10,LAR,2002_10_LAC_LAR,1639.0222,-82.2171
2002,10,OAK,2002_10_OAK_DEN,1636.8595,0.0
2002,10,GB,2002_10_DET_GB,1622.5077,0.0
2002,10,MIA,2002_10_MIA_NYJ,1606.5907,-63.1854
2002,10,DEN,2002_10_OAK_DEN,1597.6508,0.0
2002,10,NE,2002_10_NE_CHI,1593.6799,0.0
2002,10,TB,2002_09_MIN_TB,1591.8499,0.0
2002,10,NO,2002_10_NO_CAR,1551.8098,0.0
2002,10,KC,2002_10_KC_SF,1550.7805,0.0
2002,10,TEN,2002_10_HOU_TEN,1549.4899,0.0
2002,10,ATL,2002_10_ATL_PIT,1547.8835,0.0
2002,10,LAC,2002_10_LAC_LAR,1539.348,0.0
2002,10,IND,2002_10_IND_PHI,1529.8481,0.0
2002,10,BAL,2002_10_CIN_BAL,1526.8505,16.2756
2002,10,NYJ,2002_10_MIA_NYJ,1515.7869,49.3
2002,10,MIN,2002_10_NYG_MIN,1508.4814,0.0
2002,10,BUF,2002_09_NE_BUF,1506.0243,0.0
2002,10,CHI,2002_10_NE_CHI,1496.0797,-65.4935
2002,10,NYG,2002_10_NYG_MIN,1487.0337,0.0
2002,10,WAS,2002_10_WAS_JAX,1484.1027,0.0
2002,10,ARI,2002_10_SEA_ARI,1474.8515,0.0
2002,10,CAR,2002_10_NO_CAR,1463.9377,0.0
2002,10,DAL,2002_09_DAL_DET,1451.2718,-65.1172
2002,10,SEA,2002_10_SEA_ARI,1432.9279,0.0
2002,10,CLE,2002_09_PIT_CLE,1414.4037,58.5692
2002,10,HOU,2002_10_HOU_TEN,1407.6412,0.0
2002,10,CIN,2002_10_CIN_BAL,1383.5945,38.135
2002,10,DET,2002_10_DET_GB,1365.6675,29.2422
2002,10,JAX,2002_10_WAS_JAX,1250.2705,0.0
2002,11,OAK,2002_11_NE_OAK,1669.8582,0.0
2002,11,PHI,2002_11_ARI_PHI,1666.8883,0.0
2002,11,LAR,2002_11_CHI_LAR,1652.0271,-37.085
2002,11,GB,2002_11_GB_MIN,1643.8281,0.0
2002,11,SF,2002_11_SF_LAC,1643.0125,0.0
2002,11,PIT,2002_11_PIT_TEN,1641.8636,-4.3543
2002,11,MIA,2002_11_BAL_MIA,1613.7181,-56.5704
2002,11,TB,2002_11_CAR_TB,1601.1368,0.0
2002,11,NE,2002_11_NE_OAK,1595.7154,0.0
2002,11,DEN,2002_11_DEN_SEA,1571.6666,0.0
2002,11,NO,2002_11_NO_ATL,1568.0864,0.0
2002,11,IND,2002_11_DAL_IND,1561.7232,0.0
2002,11,ATL,2002_11_NO_ATL,1557.93,0.0
2002,11,TEN,2002_11_PIT_TEN,1553.7983,0.0
2002,11,KC,2002_11_BUF_KC,1552.936,0.0
2002,11,BAL,2002_11_BAL_MIA,1541.3529,16.8518
2002,11,LAC,2002_11_SF_LAC,1530.0925,0.0
2002,11,NYJ,2002_11_NYJ_DET,1510.1079,44.6048
2002,11,CHI,2002_11_CHI_LAR,1502.1801,-66.0643
2002,11,MIN,2002_11_GB_MIN,1498.8134,0.0
2002,11,WAS,2002_11_WAS_NYG,1493.7018,0.0
2002,11,NYG,2002_11_WAS_NYG,1492.3387,0.0
2002,11,BUF,2002_11_BUF_KC,1475.4403,0.0
2002,11,SEA,2002_11_DEN_SEA,1455.9889,0.0
2002,11,ARI,2002_11_ARI_PHI,1455.4522,0.0
2002,11,CAR,2002_11_CAR_TB,1448.9572,0.0
2002,11,DAL,2002_11_DAL_IND,1448.772,-70.3394
2002,11,CLE,2002_11_CLE_CIN,1415.2354,51.9665
2002,11,HOU,2002_11_JAX_HOU,1396.079,0.0
2002,11,CIN,2002_11_CLE_CIN,1376.2046,37.9772
2002,11,DET,2002_11_NYJ_DET,1346.1524,30.9709
2002,11,JAX,2002_11_JAX_HOU,1238.4487,0.0
2002,12,PHI,2002_12_PHI_SF,1683.6129,-135.7595
2002,12,OAK,2002_12_OAK_ARI,1676.8944,0.0
2002,12,LAR,2002_12_LAR_WAS,1648.0623,0.0
2002,12,SF,2002_12_PHI_SF,1642.7491,0.0
2002,12,MIA,2002_12_LAC_MIA,1638.3226,-40.9161
2002,12,PIT,2002_12_CIN_PIT,1629.2249,0.0
2002,12,GB,2002_12_GB_TB,1623.7806,0.0
2002,12,TB,2002_12_GB_TB,1610.2694,0.0
2002,12,DEN,2002_12_IND_DEN,1595.6618,-59.1145
2002,12,NE,2002_12_MIN_NE,1589.0549,0.0
2002,12,TEN,2002_12_TEN_BAL,1574.2087,0.0
2002,12,IND,2002_12_IND_DEN,1568.4757,0.0
2002,12,NO,2002_12_CLE_NO,1568.0947,0.0
2002,12,ATL,2002_12_ATL_CAR,1567.4335,0.0
2002,12,KC,2002_12_KC_SEA,1546.8462,0.0
2002,12,LAC,2002_12_LAC_MIA,1532.0235,0.0
2002,12,NYJ,2002_12_BUF_NYJ,1529.4797,55.9307
2002,12,MIN,2002_12_MIN_NE,1520.2406,0.0
2002,12,BAL,2002_12_TEN_BAL,1517.4995,-4.3148
2002,12,CHI,2002_12_DET_CHI,1506.9842,-75.0136
2002,12,NYG,2002_12_NYG_HOU,1495.4978,0.0
2002,12,BUF,2002_12_BUF_NYJ,1486.1466,0.0
2002,12,WAS,2002_12_LAR_WAS,1483.9039,-81.5934
2002,12,CAR,2002_12_ATL_CAR,1442.8996,0.0
2002,12,ARI,2002_12_OAK_ARI,1442.2955,0.0
2002,12,DAL,2002_12_JAX_DAL,1436.0763,-78.5557
2002,12,CLE,2002_12_CLE_NO,1434.2664,67.5699
2002,12,SEA,2002_12_KC_SEA,1430.7079,0.0
2002,12,HOU,2002_12_NYG_HOU,1384.7778,0.0
2002,12,CIN,2002_12_CIN_PIT,1367.7696,50.8583
2002,12,DET,2002_12_DET_CHI,1330.5937,32.8217
2002,12,JAX,2002_12_JAX_DAL,1250.4279,0.0
2002,13,PHI,2002_13_LAR_PHI,1710.8661,-133.5142
2002,13,OAK,2002_13_NYJ_OAK,1690.807,0.0
2002,13,MIA,2002_13_MIA_BUF,1662.9033,-35.4462
2002,13,LAR,2002_13_LAR_PHI,1642.9405,0.0
2002,13,PIT,2002_13_PIT_JAX,1631.9745,0.0
2002,13,SF,2002_13_SEA_SF,1619.9323,0.0
2002,13,TB,2002_13_TB_NO,1617.3261,0.0
2002,13,ATL,2002_13_ATL_MIN,1612.931,0.0
2002,13,GB,2002_13_CHI_GB,1610.2886,0.0
2002,13,DEN,2002_13_DEN_LAC,1600.4859,-62.9387
2002,13,NE,2002_13_NE_DET,1585.7944,0.0
2002,13,TEN,2002_13_TEN_NYG,1572.6784,0.0
2002,13,IND,2002_13_HOU_IND,1572.1871,0.0
2002,13,NO,2002_13_TB_NO,1555.4237,0.0
2002,13,KC,2002_13_ARI_KC,1547.7715,0.0
2002,13,NYJ,2002_13_NYJ_OAK,1541.531,57.744
2002,13,MIN,2002_13_ATL_MIN,1524.989,0.0
2002,13,LAC,2002_13_DEN_LAC,1512.6803,0.0
2002,13,BAL,2002_13_BAL_CIN,1509.0432,-25.8442
2002,13,CHI,2002_13_CHI_GB,1497.912,0.0
2002,13,WAS,2002_13_WAS_DAL,1497.0093,-60.0847
2002,13,NYG,2002_13_TEN_NYG,1490.4153,0.0
2002,13,BUF,2002_13_MIA_BUF,1477.5164,0.0
2002,13,SEA,2002_13_SEA_SF,1449.3182,0.0
2002,13,CLE,2002_13_CAR_CLE,1446.6044,58.0502
2002,13,DAL,2002_13_WAS_DAL,1430.9362,-68.2011
2002,13,ARI,2002_13_ARI_KC,1427.9838,0.0
2002,13,CAR,2002_13_CAR_CLE,1399.5171,0.0
2002,13,HOU,2002_13_HOU_IND,1379.0325,0.0
2002,13,CIN,2002_13_BAL_CIN,1375.7287,57.8042
2002,13,DET,2002_13_NE_DET,1337.7388,25.9576
2002,13,JAX,2002_13_PIT_JAX,1261.3521,0.0
2002,14,PHI,2002_14_PHI_SEA,1727.2409,-137.5522
2002,14,OAK,2002_14_OAK_LAC,1695.4314,0.0
2002,14,PIT,2002_14_HOU_PIT,1670.8034,-32.4511
2002,14,MIA,2002_14_CHI_MIA,1653.0832,0.0
2002,14,ATL,2002_14_ATL_TB,1621.8427,0.0
2002,14,LAR,2002_14_LAR_KC,1613.0817,-122.0219
2002,14,SF,2002_14_SF_DAL,1612.4162,0.0
2002,14,TB,2002_14_ATL_TB,1609.1813,0.0
2002,14,GB,2002_14_MIN_GB,1605.3547,0.0
2002,14,DEN,2002_14_DEN_NYJ,1604.314,0.0
2002,14,KC,2002_14_LAR_KC,1594.1126,0.0
2002,14,NE,2002_14_BUF_NE,1591.2216,0.0
2002,14,TEN,2002_14_IND_TEN,1587.299,0.0
2002,14,IND,2002_14_IND_TEN,1577.8685,0.0
2002,14,NO,2002_14_NO_BAL,1562.3498,0.0
2002,14,NYJ,2002_14_DEN_NYJ,1545.4072,59.824
2002,14,BAL,2002_14_NO_BAL,1517.1702,-25.3787
2002,14,MIN,2002_14_MIN_GB,1514.9673,0.0
2002,14,CHI,2002_14_CHI_MIA,1510.4411,0.0
2002,14,LAC,2002_14_OAK_LAC,1506.0085,0.0
2002,14,NYG,2002_14_NYG_WAS,1494.2003,0.0
2002,14,BUF,2002_14_BUF_NE,1493.6482,0.0
2002,14,WAS,2002_14_NYG_WAS,1488.2081,-47.1203
2002,14,SEA,2002_14_PHI_SEA,1454.5349,0.0
2002,14,DAL,2002_14_SF_DAL,1440.1844,-63.7372
2002,14,CLE,2002_14_CLE_JAX,1427.4605,30.9762
2002,14,CAR,2002_14_CIN_CAR,1409.0209,0.0
2002,14,ARI,2002_14_DET_ARI,1378.115,0.0
2002,14,CIN,2002_14_CIN_CAR,1365.4813,72.4782
2002,14,HOU,2002_14_HOU_PIT,1365.4726,0.0
2002,14,DET,2002_14_DET_ARI,1326.5596,13.2331
2002,14,JAX,2002_14_CLE_JAX,1215.1068,0.0
2002,15,PHI,2002_15_WAS_PHI,1735.1181,-126.677
2002,15,OAK,2002_15_OAK_MIA,1716.575,0.0
2002,15,MIA,2002_15_OAK_MIA,1665.825,0.0
2002,15,PIT,2002_15_CAR_PIT,1651.2629,-49.5772
2002,15,TB,2002_15_TB_DET,1637.0102,0.0
2002,15,KC,2002_15_KC_DEN,1623.2211,0.0
2002,15,SF,2002_15_GB_SF,1614.2134,0.0
2002,15,DEN,2002_15_KC_DEN,1604.5003,0.0
2002,15,ATL,2002_15_SEA_ATL,1602.1642,0.0
2002,15,TEN,2002_15_NE_TEN,1601.6036,0.0
2002,15,GB,2002_15_GB_SF,1593.1107,0.0
2002,15,NE,2002_15_NE_TEN,1592.1111,0.0
2002,15,LAR,2002_15_ARI_LAR,1576.8097,-23.7854
2002,15,NO,2002_15_MIN_NO,1575.9142,0.0
2002,15,IND,2002_15_IND_CLE,1569.8172,0.0
2002,15,NYJ,2002_15_NYJ_CHI,1549.3788,57.4165
2002,15,MIN,2002_15_MIN_NO,1528.8629,0.0
2002,15,BAL,2002_15_BAL_HOU,1506.6862,-22.1756
2002,15,NYG,2002_15_DAL_NYG,1496.9474,0.0
2002,15,BUF,2002_15_LAC_BUF,1493.0586,0.0
2002,15,WAS,2002_15_WAS_PHI,1489.071,-23.7359
2002,15,CHI,2002_15_NYJ_CHI,1488.1317,-67.3897
2002,15,LAC,2002_15_LAC_BUF,1484.729,0.0
2002,15,CLE,2002_15_IND_CLE,1458.7802,33.4651
2002,15,SEA,2002_15_SEA_ATL,1449.2288,0.0
2002,15,CAR,2002_15_CAR_PIT,1439.4821,0.0
2002,15,DAL,2002_15_DAL_NYG,1436.593,-70.287
2002,15,ARI,2002_15_ARI_LAR,1370.5227,0.0
2002,15,HOU,2002_15_BAL_HOU,1368.1805,0.0
2002,15,CIN,2002_15_JAX_CIN,1347.7767,87.1406
2002,15,DET,2002_15_TB_DET,1328.7816,15.9005
2002,15,JAX,2002_15_JAX_CIN,1178.536,0.0
2002,16,PHI,2002_16_PHI_DAL,1741.222,-119.6199
2002,16,OAK,2002_16_DEN_OAK,1710.0982,0.0
2002,16,MIA,2002_16_MIA_MIN,1676.4874,0.0
2002,16,PIT,2002_16_PIT_TB,1654.7542,-49.5848
2002,16,TB,2002_16_PIT_TB,1636.849,-89.465
2002,16,TEN,2002_16_TEN_JAX,1624.99,0.0
2002,16,KC,2002_16_LAC_KC,1619.7234,0.0
2002,16,DEN,2002_16_DEN_OAK,1617.7078,0.0
2002,16,GB,2002_16_BUF_GB,1605.4638,0.0
2002,16,SF,2002_16_SF_ARI,1600.734,0.0
2002,16,IND,2002_16_NYG_IND,1582.7669,0.0
2002,16,ATL,2002_16_DET_ATL,1578.0714,0.0
2002,16,NO,2002_16_NO_CIN,1572.78,0.0
2002,16,NE,2002_16_NYJ_NE,1567.5333,0.0
2002,16,LAR,2002_16_LAR_SEA,1559.2491,-24.082
2002,16,MIN,2002_16_MIA_MIN,1544.869,0.0
2002,16,NYJ,2002_16_NYJ_NE,1544.0087,57.4805
2002,16,NYG,2002_16_NYG_IND,1523.3094,0.0
2002,16,BAL,2002_16_CLE_BAL,1505.6514,-3.6735
2002,16,CHI,2002_16_CHI_CAR,1505.1418,-60.9516
2002,16,BUF,2002_16_BUF_GB,1503.4038,0.0
2002,16,WAS,2002_16_HOU_WAS,1495.4484,-4.3125
2002,16,SEA,2002_16_LAR_SEA,1474.4716,0.0
2002,16,LAC,2002_16_LAC_KC,1472.3907,0.0
2002,16,CLE,2002_16_CLE_BAL,1453.211,44.2889
2002,16,CAR,2002_16_CHI_CAR,1436.0606,0.0
2002,16,DAL,2002_16_PHI_DAL,1410.166,-81.0905
2002,16,ARI,2002_16_SF_ARI,1382.5055,0.0
2002,16,HOU,2002_16_HOU_WAS,1368.6526,0.0
2002,16,DET,2002_16_DET_ATL,1334.0486,0.0
2002,16,CIN,2002_16_NO_CIN,1314.3665,76.6782
2002,16,JAX,2002_16_TEN_JAX,1213.9779,0.0
2002,17,PHI,2002_17_PHI_NYG,1758.7238,-119.2627
2002,17,OAK,2002_17_KC_OAK,1713.0035,0.0
2002,17,MIA,2002_17_MIA_NE,1676.5952,0.0
2002,17,PIT,2002_17_BAL_PIT,1667.174,-33.8448
2002,17,TEN,2002_17_TEN_HOU,1647.2328,0.0
2002,17,TB,2002_17_TB_CHI,1622.7109,-95.1446
2002,17,KC,2002_17_KC_OAK,1616.7232,0.0
2002,17,DEN,2002_17_ARI_DEN,1606.7374,-77.8044
2002,17,ATL,2002_17_ATL_CLE,1603.1085,0.0
2002,17,GB,2002_17_GB_NYJ,1600.4066,0.0
2002,17,SF,2002_17_SF_LAR,1596.4504,0.0
2002,17,NYJ,2002_17_GB_NYJ,1567.3578,75.6671
2002,17,NYG,2002_17_PHI_NYG,1565.6021,0.0
2002,17,NO,2002_17_CAR_NO,1556.4325,0.0
2002,17,MIN,2002_17_MIN_DET,1553.3568,0.0
2002,17,NE,2002_17_MIA_NE,1548.3089,0.0
2002,17,IND,2002_17_JAX_IND,1546.8986,0.0
2002,17,LAR,2002_17_SF_LAR,1541.0987,-129.1907
2002,17,BAL,2002_17_BAL_PIT,1504.3764,-6.1394
2002,17,WAS,2002_17_DAL_WAS,1502.4869,2.2168
2002,17,BUF,2002_17_CIN_BUF,1497.405,0.0
2002,17,CHI,2002_17_TB_CHI,1496.8957,-88.4974
2002,17,SEA,2002_17_SEA_LAC,1492.8732,0.0
2002,17,LAC,2002_17_SEA_LAC,1482.8834,0.0
2002,17,CLE,2002_17_ATL_CLE,1457.8788,50.5418
2002,17,CAR,2002_17_CAR_NO,1437.4219,0.0
2002,17,ARI,2002_17_ARI_DEN,1383.6143,0.0
2002,17,DAL,2002_17_DAL_WAS,1380.3869,-88.5022
2002,17,HOU,2002_17_TEN_HOU,1354.6911,0.0
2002,17,CIN,2002_17_CIN_BUF,1312.8233,55.1429
2002,17,DET,2002_17_MIN_DET,1310.8539,0.0
2002,17,JAX,2002_17_JAX_IND,1181.1826,-31.8597
2003,1,PHI,2003_01_TB_PHI,1663.6188,0.0
2003,1,OAK,2003_01_OAK_TEN,1656.1622,0.0
2003,1,TEN,2003_01_OAK_TEN,1615.6326,0.0
2003,1,MIA,2003_01_HOU_MIA,1598.7024,0.0
2003,1,TB,2003_01_TB_PHI,1590.0268,0.0
2003,1,PIT,2003_01_BAL_PIT,1588.5482,0.0
2003,1,KC,2003_01_LAC_KC,1577.9498,0.0
2003,1,DEN,2003_01_DEN_CIN,1568.8939,0.0
2003,1,SF,2003_01_CHI_SF,1568.3447,0.0
2003,1,NYG,2003_01_LAR_NYG,1566.4332,0.0
2003,1,MIN,2003_01_MIN_GB,1555.1924,0.0
2003,1,NE,2003_01_NE_BUF,1550.4531,0.0
2003,1,NYJ,2003_01_NYJ_WAS,1549.5261,0.0
2003,1,GB,2003_01_MIN_GB,1546.4817,0.0
2003,1,IND,2003_01_IND_CLE,1540.472,0.0
2003,1,SEA,2003_01_NO_SEA,1532.5105,0.0
2003,1,LAR,2003_01_LAR_NYG,1530.2901,0.0
2003,1,BAL,2003_01_BAL_PIT,1525.0992,0.0
2003,1,NO,2003_01_NO_SEA,1523.9496,0.0
2003,1,ATL,2003_01_ATL_DAL,1520.3428,0.0
2003,1,CHI,2003_01_CHI_SF,1515.2458,0.0
2003,1,BUF,2003_01_NE_BUF,1497.8538,0.0
2003,1,LAC,2003_01_LAC_KC,1493.7282,0.0
2003,1,WAS,2003_01_NYJ_WAS,1481.8378,0.0
2003,1,CLE,2003_01_IND_CLE,1479.2139,0.0
2003,1,CAR,2003_01_JAX_CAR,1461.6898,0.0
2003,1,DAL,2003_01_ATL_DAL,1428.5119,0.0
2003,1,ARI,2003_01_ARI_DET,1427.6814,0.0
2003,1,DET,2003_01_ARI_DET,1408.3516,0.0
2003,1,CIN,2003_01_DEN_CIN,1400.8351,0.0
2003,1,HOU,2003_01_HOU_MIA,1392.3334,0.0
2003,1,JAX,2003_01_JAX_CAR,1333.4599,0.0
2003,2,OAK,2003_02_CIN_OAK,1659.1419,0.0
2003,2,PHI,2003_02_NE_PHI,1636.7939,0.0
2003,2,TEN,2003_02_TEN_IND,1613.8507,0.0
2003,2,TB,2003_02_CAR_TB,1612.5924,0.0
2003,2,PIT,2003_02_PIT_KC,1606.5481,0.0
2003,2,SF,2003_02_SF_LAR,1606.0895,0.0
2003,2,MIA,2003_02_MIA_NYJ,1588.9271,0.0
2003,2,KC,2003_02_PIT_KC,1585.5537,0.0
2003,2,DEN,2003_02_DEN_LAC,1581.2563,0.0
2003,2,NYG,2003_02_DAL_NYG,1567.5188,0.0
2003,2,MIN,2003_02_CHI_MIN,1566.1882,0.0
2003,2,NYJ,2003_02_MIA_NYJ,1547.8933,0.0
2003,2,IND,2003_02_TEN_IND,1540.961,0.0
2003,2,GB,2003_02_DET_GB,1538.4033,0.0
2003,2,ATL,2003_02_WAS_ATL,1536.0464,0.0
2003,2,BUF,2003_02_BUF_JAX,1535.5383,0.0
2003,2,SEA,2003_02_SEA_ARI,1535.2238,0.0
2003,2,LAR,2003_02_SF_LAR,1522.3219,-2.444
2003,2,NO,2003_02_HOU_NO,1520.2994,0.0
2003,2,NE,2003_02_NE_PHI,1512.4587,0.0
2003,2,BAL,2003_02_CLE_BAL,1510.718,0.0
2003,2,LAC,2003_02_DEN_LAC,1483.8325,0.0
2003,2,WAS,2003_02_WAS_ATL,1481.2629,0.0
2003,2,CLE,2003_02_CLE_BAL,1476.7118,0.0
2003,2,CHI,2003_02_CHI_MIN,1471.3833,0.0
2003,2,CAR,2003_02_CAR_TB,1448.8768,-34.233
2003,2,ARI,2003_02_SEA_ARI,1421.8236,0.0
2003,2,DET,2003_02_DET_GB,1420.3547,0.0
2003,2,DAL,2003_02_DAL_NYG,1416.3283,0.0
2003,2,HOU,2003_02_HOU_NO,1407.1689,0.0
2003,2,CIN,2003_02_CIN_OAK,1376.8413,0.0
2003,2,JAX,2003_02_BUF_JAX,1351.2309,0.0
2003,3,OAK,2003_03_OAK_DEN,1640.2993,0.0
2003,3,PHI,2003_02_NE_PHI,1636.7939,0.0
2003,3,DEN,2003_03_OAK_DEN,1618.878,0.0
2003,3,SF,2003_03_CLE_SF,1609.8697,0.0
2003,3,MIA,2003_03_BUF_MIA,1603.4163,0.0
2003,3,TB,2003_03_TB_ATL,1600.0321,0.0
2003,3,KC,2003_03_KC_HOU,1598.7673,0.0
2003,3,PIT,2003_03_PIT_CIN,1590.1124,0.0
2003,3,TEN,2003_03_NO_TEN,1582.7634,0.0
2003,3,MIN,2003_03_MIN_DET,1567.5478,0.0
2003,3,IND,2003_03_JAX_IND,1564.4404,0.0
2003,3,SEA,2003_03_LAR_SEA,1563.0542,0.0
2003,3,BUF,2003_03_BUF_MIA,1558.9151,0.0
2003,3,NYG,2003_03_NYG_WAS,1556.6637,0.0
2003,3,GB,2003_03_GB_ARI,1555.5713,0.0
2003,3,NYJ,2003_03_NYJ_NE,1539.2429,0.0
2003,3,NE,2003_03_NYJ_NE,1530.3758,0.0
2003,3,NO,2003_03_NO_TEN,1529.3278,0.0
2003,3,BAL,2003_03_BAL_LAC,1522.7603,0.0
2003,3,ATL,2003_03_TB_ATL,1521.5449,0.0
2003,3,LAR,2003_03_LAR_SEA,1517.7188,3.5027
2003,3,WAS,2003_03_NYG_WAS,1490.8416,0.0
2003,3,CHI,2003_02_CHI_MIN,1471.3833,0.0
2003,3,LAC,2003_03_BAL_LAC,1451.768,0.0
2003,3,CLE,2003_03_CLE_SF,1450.3553,0.0
2003,3,CAR,2003_02_CAR_TB,1448.8768,-34.233
2003,3,DAL,2003_02_DAL_NYG,1416.3283,0.0
2003,3,DET,2003_03_MIN_DET,1398.1981,0.0
2003,3,HOU,2003_03_KC_HOU,1394.6272,0.0
2003,3,CIN,2003_03_PIT_CIN,1394.385,0.0
2003,3,ARI,2003_03_GB_ARI,1388.2527,0.0
2003,3,JAX,2003_03_JAX_IND,1343.7229,0.0
2003,4,DEN,2003_04_DET_DEN,1638.7188,0.0
2003,4,KC,2003_04_KC_BAL,1618.6479,0.0
2003,4,OAK,2003_04_LAC_OAK,1614.503,0.0
2003,4,PHI,2003_04_PHI_BUF,1609.1222,0.0
2003,4,MIA,2003_03_BUF_MIA,1603.4163,0.0
2003,4,TB,2003_03_TB_ATL,1600.0321,0.0
2003,4,TEN,2003_04_TEN_PIT,1599.7942,0.0
2003,4,PIT,2003_04_TEN_PIT,1597.5543,0.0
2003,4,SF,2003_04_SF_MIN,1595.4389,0.0
2003,4,MIN,2003_04_SF_MIN,1572.9212,-99.4813
2003,4,SEA,2003_03_LAR_SEA,1563.0542,0.0
2003,4,NYG,2003_03_NYG_WAS,1556.6637,0.0
2003,4,IND,2003_04_IND_NO,1554.5253,0.0
2003,4,GB,2003_04_GB_CHI,1547.9498,0.0
2003,4,BUF,2003_04_PHI_BUF,1542.149,0.0
2003,4,NE,2003_04_NE_WAS,1535.5389,0.0
2003,4,BAL,2003_04_KC_BAL,1534.2681,0.0
2003,4,NYJ,2003_04_DAL_NYJ,1527.2597,0.0
2003,4,NO,2003_04_IND_NO,1520.0234,0.0
2003,4,LAR,2003_04_ARI_LAR,1513.9998,9.3803
2003,4,WAS,2003_04_NE_WAS,1490.0465,0.0
2003,4,ATL,2003_04_ATL_CAR,1489.5806,0.0
2003,4,CLE,2003_04_CIN_CLE,1468.1864,25.2653
2003,4,CHI,2003_04_GB_CHI,1465.5648,0.0
2003,4,CAR,2003_04_ATL_CAR,1458.3026,-42.7318
2003,4,LAC,2003_04_LAC_OAK,1439.5965,0.0
2003,4,DAL,2003_04_DAL_NYJ,1430.8781,0.0
2003,4,ARI,2003_04_ARI_LAR,1401.6366,0.0
2003,4,DET,2003_04_DET_DEN,1392.3329,0.0
2003,4,CIN,2003_04_CIN_CLE,1388.1198,0.0
2003,4,HOU,2003_04_JAX_HOU,1375.3362,0.0
2003,4,JAX,2003_04_JAX_HOU,1355.9735,13.7219
2003,5,DEN,2003_05_DEN_KC,1631.147,0.0
2003,5,PHI,2003_05_WAS_PHI,1626.5065,0.0
2003,5,TB,2003_05_IND_TB,1625.0625,0.0
2003,5,KC,2003_05_DEN_KC,1622.2826,0.0
2003,5,OAK,2003_05_OAK_CHI,1619.7843,0.0
2003,5,TEN,2003_05_TEN_NE,1615.0614,0.0
2003,5,MIA,2003_05_MIA_NYG,1608.3265,0.0
2003,5,MIN,2003_05_MIN_ATL,1607.6551,-74.6579
2003,5,IND,2003_05_IND_TB,1597.135,0.0
2003,5,PIT,2003_05_CLE_PIT,1578.5707,0.0
2003,5,GB,2003_05_SEA_GB,1571.8949,0.0
2003,5,SEA,2003_05_SEA_GB,1568.7714,0.0
2003,5,SF,2003_05_DET_SF,1564.651,0.0
2003,5,NYG,2003_05_MIA_NYG,1562.9181,0.0
2003,5,NE,2003_05_TEN_NE,1537.6943,0.0
2003,5,BAL,2003_04_KC_BAL,1534.2681,0.0
2003,5,BUF,2003_05_CIN_BUF,1528.0139,0.0
2003,5,NYJ,2003_04_DAL_NYJ,1527.2597,0.0
2003,5,LAR,2003_04_ARI_LAR,1513.9998,9.3803
2003,5,WAS,2003_05_WAS_PHI,1491.4271,0.0
2003,5,NO,2003_05_NO_CAR,1480.472,0.0
2003,5,CAR,2003_05_NO_CAR,1480.1914,-30.5565
2003,5,ATL,2003_05_MIN_ATL,1468.1956,0.0
2003,5,CLE,2003_05_CLE_PIT,1454.7971,35.4885
2003,5,DAL,2003_05_ARI_DAL,1448.1711,0.0
2003,5,CHI,2003_05_OAK_CHI,1447.0625,0.0
2003,5,LAC,2003_05_LAC_JAX,1442.1292,0.0
2003,5,CIN,2003_05_CIN_BUF,1407.8776,0.0
2003,5,DET,2003_05_DET_SF,1406.7855,0.0
2003,5,ARI,2003_05_ARI_DAL,1382.5635,0.0
2003,5,HOU,2003_04_JAX_HOU,1375.3362,0.0
2003,5,JAX,2003_05_LAC_JAX,1357.4842,4.8603
2003,6,DEN,2003_06_PIT_DEN,1634.519,-45.5944
2003,6,KC,2003_06_KC_GB,1620.0063,0.0
2003,6,MIA,2003_06_MIA_JAX,1619.9685,0.0
2003,6,IND,2003_06_CAR_IND,1619.124,0.0
2003,6,TB,2003_06_TB_WAS,1618.1562,0.0
2003,6,PHI,2003_06_PHI_DAL,1616.653,0.0
2003,6,MIN,2003_05_MIN_ATL,1607.6551,-74.6579
2003,6,OAK,2003_06_OAK_CLE,1604.9779,0.0
2003,6,TEN,2003_06_HOU_TEN,1600.2697,0.0
2003,6,GB,2003_06_KC_GB,1592.1826,0.0
2003,6,NE,2003_06_NYG_NE,1564.9763,0.0
2003,6,SF,2003_06_SF_SEA,1560.4174,0.0
2003,6,SEA,2003_06_SF_SEA,1557.0855,0.0
2003,6,NYG,2003_06_NYG_NE,1547.5478,0.0
2003,6,PIT,2003_06_PIT_DEN,1543.9571,0.0
2003,6,LAR,2003_06_ATL_LAR,1533.8193,21.5958
2003,6,BAL,2003_06_BAL_ARI,1528.3757,0.0
2003,6,BUF,2003_06_BUF_NYJ,1523.8554,0.0
2003,6,NYJ,2003_06_BUF_NYJ,1512.3744,0.0
2003,6,WAS,2003_06_TB_WAS,1498.2769,0.0
2003,6,CAR,2003_06_CAR_IND,1489.2531,-26.369
2003,6,CLE,2003_06_OAK_CLE,1484.8821,53.5061
2003,6,NO,2003_06_CHI_NO,1481.4536,0.0
2003,6,DAL,2003_06_PHI_DAL,1458.2039,0.0
2003,6,ATL,2003_06_ATL_LAR,1456.6791,0.0
2003,6,CHI,2003_06_CHI_NO,1449.0921,0.0
2003,6,LAC,2003_05_LAC_JAX,1442.1292,0.0
2003,6,CIN,2003_05_CIN_BUF,1407.8776,0.0
2003,6,DET,2003_05_DET_SF,1406.7855,0.0
2003,6,HOU,2003_06_HOU_TEN,1378.3812,0.0
2003,6,ARI,2003_06_BAL_ARI,1371.2687,0.0
2003,6,JAX,2003_06_MIA_JAX,1365.9001,16.8154
2003,7,TB,2003_07_TB_SF,1646.1791,0.0
2003,7,DEN,2003_07_DEN_MIN,1632.7045,-46.3418
2003,7,KC,2003_07_KC_OAK,1629.8254,0.0
2003,7,MIA,2003_07_NE_MIA,1627.5455,0.0
2003,7,IND,2003_06_CAR_IND,1619.124,0.0
2003,7,PHI,2003_07_PHI_NYG,1618.339,0.0
2003,7,TEN,2003_07_TEN_CAR,1616.3335,0.0
2003,7,MIN,2003_07_DEN_MIN,1615.534,0.0
2003,7,OAK,2003_07_KC_OAK,1597.1638,0.0
2003,7,GB,2003_07_GB_LAR,1586.014,0.0
2003,7,LAR,2003_07_GB_LAR,1566.5142,39.4027
2003,7,SF,2003_07_TB_SF,1564.3065,0.0
2003,7,NE,2003_07_NE_MIA,1563.829,0.0
2003,7,SEA,2003_07_CHI_SEA,1552.2343,0.0
2003,7,PIT,2003_06_PIT_DEN,1543.9571,0.0
2003,7,NYG,2003_07_PHI_NYG,1541.4349,0.0
2003,7,BAL,2003_07_BAL_CIN,1532.5821,0.0
2003,7,NYJ,2003_07_NYJ_HOU,1531.2897,0.0
2003,7,CAR,2003_07_TEN_CAR,1509.3815,-26.8769
2003,7,BUF,2003_07_WAS_BUF,1496.2028,0.0
2003,7,CLE,2003_07_LAC_CLE,1489.0885,45.9012
2003,7,NO,2003_07_NO_ATL,1487.3304,0.0
2003,7,WAS,2003_07_WAS_BUF,1477.0921,0.0
2003,7,DAL,2003_07_DAL_DET,1459.1798,0.0
2003,7,LAC,2003_07_LAC_CLE,1444.0428,0.0
2003,7,CHI,2003_07_CHI_SEA,1442.6926,-45.6692
2003,7,ATL,2003_07_NO_ATL,1423.9239,10.6581
2003,7,CIN,2003_07_BAL_CIN,1410.4717,0.0
2003,7,DET,2003_07_DAL_DET,1408.4905,0.0
2003,7,HOU,2003_07_NYJ_HOU,1373.1912,0.0
2003,7,ARI,2003_06_BAL_ARI,1371.2687,0.0
2003,7,JAX,2003_06_MIA_JAX,1365.9001,16.8154
2003,8,DEN,2003_08_DEN_BAL,1634.9508,-51.7017
2003,8,KC,2003_08_BUF_KC,1632.8301,0.0
2003,8,TEN,2003_08_TEN_JAX,1629.4088,0.0
2003,8,TB,2003_08_DAL_TB,1623.4717,0.0
2003,8,PHI,2003_08_NYJ_PHI,1617.7417,0.0
2003,8,MIN,2003_08_NYG_MIN,1616.9251,0.0
2003,8,MIA,2003_08_MIA_LAC,1616.4572,5.4027
2003,8,IND,2003_08_HOU_IND,1604.6766,0.0
2003,8,OAK,2003_07_KC_OAK,1597.1638,0.0
2003,8,GB,2003_07_GB_LAR,1586.014,0.0
2003,8,SF,2003_08_SF_ARI,1585.8655,0.0
2003,8,NE,2003_08_CLE_NE,1573.301,0.0
2003,8,LAR,2003_08_LAR_PIT,1571.1023,43.7662
2003,8,SEA,2003_08_SEA_CIN,1556.1709,0.0
2003,8,PIT,2003_08_LAR_PIT,1543.643,0.0
2003,8,NYG,2003_08_NYG_MIN,1534.6018,0.0
2003,8,NYJ,2003_08_NYJ_PHI,1529.665,0.0
2003,8,NO,2003_08_CAR_NO,1527.6543,0.0
2003,8,BAL,2003_08_DEN_BAL,1526.9862,0.0
2003,8,BUF,2003_08_BUF_KC,1509.0968,0.0
2003,8,CAR,2003_08_CAR_NO,1501.7725,-6.1239
2003,8,DAL,2003_08_DAL_TB,1496.9338,0.0
2003,8,WAS,2003_07_WAS_BUF,1477.0921,0.0
2003,8,CLE,2003_08_CLE_NE,1465.7456,21.7709
2003,8,LAC,2003_08_MIA_LAC,1455.8085,0.0
2003,8,CHI,2003_08_DET_CHI,1441.8035,-58.1479
2003,8,CIN,2003_08_SEA_CIN,1424.8528,0.0
2003,8,ATL,2003_07_NO_ATL,1423.9239,10.6581
2003,8,HOU,2003_08_HOU_IND,1374.204,0.0
2003,8,DET,2003_08_DET_CHI,1363.1742,0.0
2003,8,ARI,2003_08_SF_ARI,1359.453,0.0
2003,8,JAX,2003_08_TEN_JAX,1355.6401,7.1357
2003,9,KC,2003_08_BUF_KC,1632.8301,0.0
2003,9,TB,2003_09_NO_TB,1631.8851,0.0
2003,9,MIA,2003_09_IND_MIA,1629.9219,17.8554
2003,9,TEN,2003_08_TEN_JAX,1629.4088,0.0
2003,9,PHI,2003_09_PHI_ATL,1617.7015,0.0
2003,9,DEN,2003_09_NE_DEN,1604.5543,-64.7274
2003,9,IND,2003_09_IND_MIA,1601.8856,0.0
2003,9,MIN,2003_09_GB_MIN,1600.5097,0.0
2003,9,LAR,2003_09_LAR_SF,1591.5112,53.0974
2003,9,GB,2003_09_GB_MIN,1586.3354,0.0
2003,9,OAK,2003_09_OAK_DET,1585.9055,-46.7533
2003,9,SF,2003_09_LAR_SF,1577.7888,-108.5754
2003,9,NE,2003_09_NE_DEN,1574.902,0.0
2003,9,SEA,2003_09_PIT_SEA,1560.9042,0.0
2003,9,NYG,2003_09_NYG_NYJ,1553.685,0.0
2003,9,BAL,2003_09_JAX_BAL,1550.2082,0.0
2003,9,NYJ,2003_09_NYG_NYJ,1530.7037,30.2951
2003,9,PIT,2003_09_PIT_SEA,1521.7899,0.0
2003,9,NO,2003_09_NO_TB,1517.8639,0.0
2003,9,CAR,2003_09_CAR_HOU,1513.5007,-9.2651
2003,9,BUF,2003_08_BUF_KC,1509.0968,0.0
2003,9,DAL,2003_09_WAS_DAL,1485.3403,0.0
2003,9,WAS,2003_09_WAS_DAL,1466.067,0.0
2003,9,CLE,2003_08_CLE_NE,1465.7456,21.7709
2003,9,CHI,2003_09_LAC_CHI,1449.1674,-49.3217
2003,9,LAC,2003_09_LAC_CHI,1435.4823,0.0
2003,9,CIN,2003_09_CIN_ARI,1430.3063,0.0
2003,9,HOU,2003_09_CAR_HOU,1389.0708,-1.1143
2003,9,ATL,2003_09_PHI_ATL,1382.0061,-0.772
2003,9,ARI,2003_09_CIN_ARI,1358.9319,0.0
2003,9,DET,2003_09_OAK_DET,1356.4312,0.0
2003,9,JAX,2003_09_JAX_BAL,1348.9118,-5.5216
2003,10,KC,2003_10_CLE_KC,1657.5384,0.0
2003,10,TEN,2003_10_MIA_TEN,1635.5324,0.0
2003,10,TB,2003_10_TB_CAR,1623.4045,0.0
2003,10,PHI,2003_10_PHI_GB,1619.7783,0.0
2003,10,MIA,2003_10_MIA_TEN,1614.724,13.7135
2003,10,IND,2003_10_IND_JAX,1614.0275,0.0
2003,10,DEN,2003_09_NE_DEN,1604.5543,-64.7274
2003,10,GB,2003_10_PHI_GB,1599.4534,0.0
2003,10,MIN,2003_10_MIN_LAC,1598.0532,0.0
2003,10,SF,2003_09_LAR_SF,1577.7888,-108.5754
2003,10,NE,2003_09_NE_DEN,1574.902,0.0
2003,10,LAR,2003_10_BAL_LAR,1565.276,45.8942
2003,10,OAK,2003_10_NYJ_OAK,1564.2812,-86.6429
2003,10,SEA,2003_10_SEA_WAS,1562.5086,0.0
2003,10,NYG,2003_10_ATL_NYG,1556.9433,0.0
2003,10,BAL,2003_10_BAL_LAR,1544.6638,0.0
2003,10,NYJ,2003_10_NYJ_OAK,1531.7925,33.3798
2003,10,PIT,2003_10_ARI_PIT,1521.039,0.0
2003,10,NO,2003_09_NO_TB,1517.8639,0.0
2003,10,CAR,2003_10_TB_CAR,1513.0151,-4.4502
2003,10,DAL,2003_10_BUF_DAL,1497.834,0.0
2003,10,BUF,2003_10_BUF_DAL,1479.6328,0.0
2003,10,CLE,2003_10_CLE_KC,1461.9336,0.0
2003,10,CHI,2003_10_CHI_DET,1460.7701,-43.5387
2003,10,WAS,2003_10_SEA_WAS,1454.312,0.0
2003,10,CIN,2003_10_HOU_CIN,1422.9049,0.0
2003,10,LAC,2003_10_MIN_LAC,1419.6953,27.3178
2003,10,HOU,2003_10_HOU_CIN,1400.2807,0.0
2003,10,DET,2003_10_CHI_DET,1372.9547,0.0
2003,10,ATL,2003_10_ATL_NYG,1372.1006,-7.613
2003,10,ARI,2003_10_ARI_PIT,1367.147,0.0
2003,10,JAX,2003_10_IND_JAX,1351.6032,-7.8914
2003,11,KC,2003_11_KC_CIN,1677.3219,0.0
2003,11,TEN,2003_11_JAX_TEN,1658.2857,0.0
2003,11,TB,2003_11_GB_TB,1624.027,0.0
2003,11,PHI,2003_11_NYG_PHI,1621.3312,0.0
2003,11,SF,2003_11_PIT_SF,1612.8986,-87.5521
2003,11,IND,2003_11_NYJ_IND,1604.487,0.0
2003,11,DEN,2003_11_LAC_DEN,1593.1694,0.0
2003,11,NE,2003_11_DAL_NE,1592.3239,0.0
2003,11,GB,2003_11_GB_TB,1588.9088,0.0
2003,11,MIA,2003_11_BAL_MIA,1586.387,-14.4981
2003,11,MIN,2003_11_MIN_OAK,1578.3318,0.0
2003,11,OAK,2003_11_MIN_OAK,1563.2903,-70.314
2003,11,SEA,2003_11_DET_SEA,1562.3807,0.0
2003,11,BAL,2003_11_BAL_MIA,1545.6724,-71.6912
2003,11,LAR,2003_11_LAR_CHI,1544.5171,17.2067
2003,11,NYJ,2003_11_NYJ_IND,1535.9024,45.5687
2003,11,NYG,2003_11_NYG_PHI,1526.3577,0.0
2003,11,PIT,2003_11_PIT_SF,1521.8568,0.0
2003,11,NO,2003_11_ATL_NO,1518.331,0.0
2003,11,CAR,2003_11_WAS_CAR,1514.4325,6.0597
2003,11,DAL,2003_11_DAL_NE,1493.7776,0.0
2003,11,BUF,2003_11_HOU_BUF,1472.0948,0.0
2003,11,WAS,2003_11_WAS_CAR,1460.9909,0.0
2003,11,CLE,2003_11_ARI_CLE,1456.6281,0.0
2003,11,LAC,2003_11_LAC_DEN,1455.2502,53.0948
2003,11,CHI,2003_11_LAR_CHI,1451.0593,-46.6599
2003,11,CIN,2003_11_KC_CIN,1430.9402,0.0
2003,11,HOU,2003_11_HOU_BUF,1405.6194,0.0
2003,11,ATL,2003_11_ATL_NO,1389.5203,-10.1258
2003,11,DET,2003_11_DET_SEA,1373.3033,0.0
2003,11,JAX,2003_11_JAX_TEN,1369.8986,3.7303
2003,11,ARI,2003_11_ARI_CLE,1359.9337,0.0
2003,12,KC,2003_12_OAK_KC,1661.9618,0.0
2003,12,TEN,2003_12_TEN_ATL,1644.5034,0.0
2003,12,PHI,2003_12_NO_PHI,1640.7604,0.0
2003,12,SF,2003_12_SF_GB,1626.8432,-62.8907
2003,12,DEN,2003_12_CHI_DEN,1616.781,0.0
2003,12,IND,2003_12_IND_BUF,1616.3391,0.0
2003,12,TB,2003_12_NYG_TB,1608.6825,0.0
2003,12,GB,2003_12_SF_GB,1598.9007,0.0
2003,12,NE,2003_12_NE_HOU,1597.2997,0.0
2003,12,MIA,2003_12_WAS_MIA,1579.0393,-22.1778
2003,12,SEA,2003_12_SEA_BAL,1574.7995,0.0
2003,12,MIN,2003_12_DET_MIN,1569.0183,0.0
2003,12,OAK,2003_12_OAK_KC,1567.4561,-70.7093
2003,12,BAL,2003_12_SEA_BAL,1546.92,-77.1266
2003,12,LAR,2003_12_LAR_ARI,1544.5352,10.9691
2003,12,NYJ,2003_12_JAX_NYJ,1535.3606,50.3948
2003,12,CAR,2003_12_CAR_DAL,1518.7154,17.9701
2003,12,NYG,2003_12_NYG_TB,1511.72,0.0
2003,12,PIT,2003_12_PIT_CLE,1511.2086,0.0
2003,12,NO,2003_12_NO_PHI,1509.0826,0.0
2003,12,CLE,2003_12_PIT_CLE,1495.3964,0.0
2003,12,DAL,2003_12_CAR_DAL,1486.6866,0.0
2003,12,BUF,2003_12_IND_BUF,1465.5252,0.0
2003,12,WAS,2003_12_WAS_MIA,1451.4343,0.0
2003,12,CIN,2003_12_CIN_LAC,1449.6176,0.0
2003,12,CHI,2003_12_CHI_DEN,1445.0624,-50.8184
2003,12,LAC,2003_12_CIN_LAC,1424.9435,32.7915
2003,12,HOU,2003_12_NE_HOU,1410.0326,4.2632
2003,12,ATL,2003_12_TEN_ATL,1384.3213,0.0
2003,12,JAX,2003_12_JAX_NYJ,1374.8387,-11.0845
2003,12,DET,2003_12_DET_MIN,1366.8592,0.0
2003,12,ARI,2003_12_LAR_ARI,1331.7767,0.0
2003,13,KC,2003_13_KC_LAC,1658.0662,0.0
2003,13,TEN,2003_13_TEN_NYJ,1647.9407,0.0
2003,13,PHI,2003_13_PHI_CAR,1629.8769,0.0
2003,13,IND,2003_13_NE_IND,1617.6316,0.0
2003,13,SF,2003_13_SF_BAL,1613.8418,0.0
2003,13,GB,2003_13_GB_DET,1606.9371,0.0
2003,13,TB,2003_13_TB_JAX,1606.6738,0.0
2003,13,NE,2003_13_NE_IND,1599.2864,0.0
2003,13,DEN,2003_13_DEN_OAK,1597.9879,0.0
2003,13,MIA,2003_13_MIA_DAL,1581.2142,0.0
2003,13,SEA,2003_13_CLE_SEA,1575.7472,0.0
2003,13,OAK,2003_13_DEN_OAK,1575.3811,-53.0249
2003,13,MIN,2003_13_MIN_LAR,1569.5087,0.0
2003,13,BAL,2003_13_SF_BAL,1553.5413,-52.6578
2003,13,LAR,2003_13_MIN_LAR,1535.3912,-1.6377
2003,13,NO,2003_13_NO_WAS,1527.8763,0.0
2003,13,CAR,2003_13_PHI_CAR,1521.5011,15.1523
2003,13,NYJ,2003_13_TEN_NYJ,1518.0445,44.6326
2003,13,PIT,2003_13_CIN_PIT,1511.6231,0.0
2003,13,NYG,2003_13_BUF_NYG,1510.1624,0.0
2003,13,DAL,2003_13_MIA_DAL,1486.8201,0.0
2003,13,CLE,2003_13_CLE_SEA,1485.7245,0.0
2003,13,CIN,2003_13_CIN_PIT,1469.69,0.0
2003,13,CHI,2003_13_ARI_CHI,1463.7827,0.0
2003,13,BUF,2003_13_BUF_NYG,1463.7314,0.0
2003,13,WAS,2003_13_NO_WAS,1456.6388,-62.4019
2003,13,LAC,2003_13_KC_LAC,1417.2193,33.8019
2003,13,HOU,2003_13_ATL_HOU,1402.8511,-4.8591
2003,13,JAX,2003_13_TB_JAX,1384.5587,-19.2072
2003,13,ATL,2003_13_ATL_HOU,1375.9194,0.0
2003,13,DET,2003_13_GB_DET,1349.328,0.0
2003,13,ARI,2003_13_ARI_CHI,1334.8291,0.0
2003,14,KC,2003_14_KC_DEN,1653.89,0.0
2003,14,PHI,2003_14_DAL_PHI,1641.4148,0.0
2003,14,TEN,2003_14_IND_TEN,1640.1303,0.0
2003,14,NE,2003_14_MIA_NE,1617.468,0.0
2003,14,MIA,2003_14_MIA_NE,1608.6056,0.0
2003,14,IND,2003_14_IND_TEN,1606.8953,0.0
2003,14,SEA,2003_14_SEA_MIN,1605.9176,0.0
2003,14,DEN,2003_14_KC_DEN,1605.7877,0.0
2003,14,BAL,2003_14_CIN_BAL,1599.8483,-36.5121
2003,14,GB,2003_14_CHI_GB,1588.6123,0.0
2003,14,TB,2003_14_TB_NO,1585.9609,0.0
2003,14,SF,2003_14_ARI_SF,1566.0074,0.0
2003,14,OAK,2003_14_OAK_PIT,1561.1538,-58.207
2003,14,LAR,2003_14_LAR_CLE,1559.9135,10.6147
2003,14,MIN,2003_14_SEA_MIN,1543.5791,0.0
2003,14,NO,2003_14_TB_NO,1532.7141,0.0
2003,14,NYJ,2003_14_NYJ_BUF,1529.7758,45.4318
2003,14,CAR,2003_14_CAR_ATL,1516.0197,27.3019
2003,14,PIT,2003_14_OAK_PIT,1505.5117,0.0
2003,14,BUF,2003_14_NYJ_BUF,1489.7186,0.0
2003,14,CHI,2003_14_CHI_GB,1486.6056,0.0
2003,14,CIN,2003_14_CIN_BAL,1485.1981,0.0
2003,14,NYG,2003_14_WAS_NYG,1480.1885,0.0
2003,14,DAL,2003_14_DAL_PHI,1462.6081,0.0
2003,14,CLE,2003_14_LAR_CLE,1457.3821,0.0
2003,14,WAS,2003_14_WAS_NYG,1450.6998,-54.0078
2003,14,LAC,2003_14_LAC_DET,1417.6656,36.6205
2003,14,HOU,2003_14_HOU_JAX,1407.1426,7.5167
2003,14,JAX,2003_14_HOU_JAX,1406.7414,-0.7206
2003,14,ATL,2003_14_CAR_ATL,1365.5536,97.1126
2003,14,DET,2003_14_LAC_DET,1363.3641,0.0
2003,14,ARI,2003_14_ARI_SF,1306.9905,0.0
2003,15,PHI,2003_15_PHI_MIA,1663.3622,0.0
2003,15,DEN,2003_15_CLE_DEN,1643.3609,0.0
2003,15,TEN,2003_15_BUF_TEN,1641.235,-178.3614
2003,15,KC,2003_15_DET_KC,1638.7027,0.0
2003,15,NE,2003_15_JAX_NE,1619.9366,0.0
2003,15,BAL,2003_15_BAL_OAK,1615.3411,-46.1719
2003,15,IND,2003_15_ATL_IND,1613.5863,0.0
2003,15,SF,2003_15_SF_CIN,1601.9022,0.0
2003,15,MIA,2003_15_PHI_MIA,1592.2191,0.0
2003,15,TB,2003_15_HOU_TB,1591.5511,0.0
2003,15,GB,2003_15_GB_LAC,1587.8573,0.0
2003,15,SEA,2003_15_SEA_LAR,1579.7847,0.0
2003,15,MIN,2003_15_MIN_CHI,1564.8998,0.0
2003,15,LAR,2003_15_SEA_LAR,1560.1399,6.3468
2003,15,PIT,2003_15_PIT_NYJ,1528.6721,0.0
2003,15,OAK,2003_15_BAL_OAK,1528.2346,-88.1468
2003,15,NO,2003_15_NYG_NO,1519.1819,0.0
2003,15,BUF,2003_15_BUF_TEN,1506.9803,0.0
2003,15,NYJ,2003_15_PIT_NYJ,1503.5937,21.5799
2003,15,CAR,2003_15_CAR_ARI,1502.7942,16.5267
2003,15,CHI,2003_15_MIN_CHI,1475.9702,4.3435
2003,15,CIN,2003_15_SF_CIN,1474.3914,0.0
2003,15,WAS,2003_15_DAL_WAS,1470.1139,-42.1065
2003,15,NYG,2003_15_NYG_NO,1459.3543,-47.8274
2003,15,CLE,2003_15_CLE_DEN,1453.8183,-8.8727
2003,15,DAL,2003_15_DAL_WAS,1446.9145,0.0
2003,15,JAX,2003_15_JAX_NE,1432.0243,3.9896
2003,15,LAC,2003_15_GB_LAC,1415.595,0.0
2003,15,HOU,2003_15_HOU_TB,1378.6761,-2.8042
2003,15,ATL,2003_15_ATL_IND,1370.4077,106.6845
2003,15,DET,2003_15_DET_KC,1362.5415,0.0
2003,15,ARI,2003_15_CAR_ARI,1280.6955,-10.5022
2003,16,PHI,2003_16_SF_PHI,1679.1734,0.0
2003,16,KC,2003_16_KC_MIN,1662.4051,0.0
2003,16,IND,2003_16_DEN_IND,1647.551,0.0
2003,16,DEN,2003_16_DEN_IND,1643.3563,0.0
2003,16,TEN,2003_16_TEN_HOU,1639.82,0.0
2003,16,NE,2003_16_NE_NYJ,1627.1883,0.0
2003,16,SF,2003_16_SF_PHI,1617.6496,0.0
2003,16,BAL,2003_16_BAL_CLE,1610.2984,-49.8793
2003,16,GB,2003_16_GB_OAK,1600.0633,0.0
2003,16,TB,2003_16_ATL_TB,1595.7855,0.0
2003,16,SEA,2003_16_ARI_SEA,1587.953,0.0
2003,16,MIA,2003_16_MIA_BUF,1586.7999,0.0
2003,16,LAR,2003_16_CIN_LAR,1560.8079,11.5904
2003,16,MIN,2003_16_KC_MIN,1558.4735,0.0
2003,16,NO,2003_16_NO_JAX,1557.8078,0.0
2003,16,OAK,2003_16_GB_OAK,1529.5473,-79.2147
2003,16,PIT,2003_16_LAC_PIT,1518.7344,0.0
2003,16,BUF,2003_16_MIA_BUF,1510.5001,0.0
2003,16,NYJ,2003_16_NE_NYJ,1508.9764,16.1537
2003,16,CAR,2003_16_DET_CAR,1497.8033,17.9999
2003,16,CHI,2003_16_WAS_CHI,1479.6457,-4.3477
2003,16,CIN,2003_16_CIN_LAR,1479.3577,0.0
2003,16,DAL,2003_16_NYG_DAL,1472.1699,0.0
2003,16,CLE,2003_16_BAL_CLE,1456.8655,-5.901
2003,16,WAS,2003_16_WAS_CHI,1438.1904,-72.5032
2003,16,JAX,2003_16_NO_JAX,1434.7094,6.0028
2003,16,NYG,2003_16_NYG_DAL,1423.4231,-44.0507
2003,16,LAC,2003_16_LAC_PIT,1407.6303,0.0
2003,16,HOU,2003_16_TEN_HOU,1377.3152,0.0
2003,16,DET,2003_16_DET_CAR,1353.8752,0.0
2003,16,ATL,2003_16_ATL_TB,1333.7311,77.066
2003,16,ARI,2003_16_ARI_SEA,1288.8821,-13.3735
2003,17,DEN,2003_17_DEN_GB,1678.8647,-99.5274
2003,17,PHI,2003_17_PHI_WAS,1668.7489,0.0
2003,17,GB,2003_17_DEN_GB,1643.4215,0.0
2003,17,KC,2003_17_CHI_KC,1640.9209,0.0
2003,17,BAL,2003_17_PIT_BAL,1639.5609,-50.8382
2003,17,NE,2003_17_BUF_NE,1632.022,0.0
2003,17,SF,2003_17_SEA_SF,1624.1593,0.0
2003,17,TEN,2003_17_TB_TEN,1623.1929,-111.4745
2003,17,IND,2003_17_IND_HOU,1612.7751,0.0
2003,17,MIA,2003_17_NYJ_MIA,1598.3781,0.0
2003,17,SEA,2003_17_SEA_SF,1596.6733,0.0
2003,17,TB,2003_17_TB_TEN,1587.1031,0.0
2003,17,MIN,2003_17_MIN_ARI,1577.5283,0.0
2003,17,LAR,2003_17_LAR_DET,1573.1296,14.3042
2003,17,NO,2003_17_DAL_NO,1556.4073,0.0
2003,17,PIT,2003_17_PIT_BAL,1522.8919,0.0
2003,17,NYJ,2003_17_NYJ_MIA,1506.0861,-1.2163
2003,17,CAR,2003_17_CAR_NYG,1500.553,38.0244
2003,17,OAK,2003_17_OAK_LAC,1490.9016,-90.9642
2003,17,BUF,2003_17_BUF_NE,1482.3272,0.0
2003,17,DAL,2003_17_DAL_NO,1476.2839,0.0
2003,17,CHI,2003_17_CHI_KC,1473.9971,1.2206
2003,17,CIN,2003_17_CLE_CIN,1465.1416,0.0
2003,17,WAS,2003_17_PHI_WAS,1450.0973,-51.6117
2003,17,JAX,2003_17_JAX_ATL,1443.8975,-0.2742
2003,17,CLE,2003_17_CLE_CIN,1417.8277,-19.8851
2003,17,NYG,2003_17_CAR_NYG,1416.7916,-50.2158
2003,17,LAC,2003_17_OAK_LAC,1406.9762,0.0
2003,17,HOU,2003_17_IND_HOU,1392.3913,0.0
2003,17,DET,2003_17_LAR_DET,1348.1004,0.0
2003,17,ATL,2003_17_JAX_ATL,1347.3263,87.1556
2003,17,ARI,2003_17_MIN_ARI,1274.9576,-14.525
2004,1,KC,2004_01_KC_DEN,1623.7812,0.0
2004,1,GB,2004_01_GB_CAR,1616.0375,0.0
2004,1,PHI,2004_01_NYG_PHI,1615.953,0.0
2004,1,NE,2004_01_IND_NE,1609.7171,0.0
2004,1,IND,2004_01_IND_NE,1606.9258,0.0
2004,1,TEN,2004_01_TEN_MIA,1598.3219,0.0
2004,1,DEN,2004_01_KC_DEN,1595.6196,0.0
2004,1,SEA,2004_01_SEA_NO,1575.714,0.0
2004,1,MIN,2004_01_DAL_MIN,1568.15,0.0
2004,1,BAL,2004_01_BAL_CLE,1561.6332,0.0
2004,1,NO,2004_01_SEA_NO,1551.0484,0.0
2004,1,MIA,2004_01_TEN_MIA,1550.6568,0.0
2004,1,TB,2004_01_TB_WAS,1543.7065,0.0
2004,1,SF,2004_01_ATL_SF,1531.9322,0.0
2004,1,NYJ,2004_01_CIN_NYJ,1527.0677,0.0
2004,1,LAR,2004_01_ARI_LAR,1524.7367,0.0
2004,1,CAR,2004_01_GB_CAR,1512.3889,0.0
2004,1,DAL,2004_01_DAL_MIN,1500.077,0.0
2004,1,OAK,2004_01_OAK_PIT,1499.3839,0.0
2004,1,CLE,2004_01_BAL_CLE,1491.974,0.0
2004,1,PIT,2004_01_OAK_PIT,1486.8513,0.0
2004,1,CIN,2004_01_CIN_NYJ,1484.26,0.0
2004,1,CHI,2004_01_DET_CHI,1480.1729,0.0
2004,1,JAX,2004_01_JAX_BUF,1466.0212,0.0
2004,1,WAS,2004_01_TB_WAS,1465.1061,0.0
2004,1,LAC,2004_01_LAC_HOU,1449.7204,0.0
2004,1,BUF,2004_01_JAX_BUF,1448.954,0.0
2004,1,ATL,2004_01_ATL_SF,1447.7906,0.0
2004,1,NYG,2004_01_NYG_PHI,1447.2331,0.0
2004,1,HOU,2004_01_LAC_HOU,1442.5919,0.0
2004,1,DET,2004_01_DET_CHI,1436.6405,0.0
2004,1,ARI,2004_01_ARI_LAR,1376.6378,0.0
2004,2,PHI,2004_02_MIN_PHI,1620.6756,0.0
2004,2,GB,2004_02_CHI_GB,1619.1522,0.0
2004,2,IND,2004_02_IND_TEN,1617.3159,0.0
2004,2,NE,2004_02_NE_ARI,1615.1532,0.0
2004,2,KC,2004_02_CAR_KC,1614.8187,0.0
2004,2,DEN,2004_02_DEN_JAX,1607.285,0.0
2004,2,TEN,2004_02_IND_TEN,1602.2934,0.0
2004,2,MIN,2004_02_MIN_PHI,1590.3635,0.0
2004,2,SEA,2004_02_SEA_TB,1589.7492,0.0
2004,2,BAL,2004_02_PIT_BAL,1545.9183,0.0
2004,2,MIA,2004_02_MIA_CIN,1538.9341,-41.6554
2004,2,NYJ,2004_02_NYJ_LAC,1532.8783,0.0
2004,2,NO,2004_02_SF_NO,1531.1152,0.0
2004,2,TB,2004_02_SEA_TB,1528.7878,0.0
2004,2,LAR,2004_02_LAR_ATL,1528.0913,0.0
2004,2,SF,2004_02_SF_NO,1525.2354,-43.9013
2004,2,CAR,2004_02_CAR_KC,1515.8709,0.0
2004,2,CLE,2004_02_CLE_DAL,1508.2492,0.0
2004,2,OAK,2004_02_BUF_OAK,1498.716,0.0
2004,2,DAL,2004_02_CLE_DAL,1494.5448,0.0
2004,2,PIT,2004_02_PIT_BAL,1489.2673,0.0
2004,2,CIN,2004_02_MIA_CIN,1483.8165,0.0
2004,2,CHI,2004_02_CHI_GB,1474.6319,0.0
2004,2,WAS,2004_02_WAS_NYG,1474.0114,0.0
2004,2,JAX,2004_02_DEN_JAX,1465.6066,0.0
2004,2,LAC,2004_02_NYJ_LAC,1457.3357,0.0
2004,2,ATL,2004_02_LAR_ATL,1455.6174,0.0
2004,2,NYG,2004_02_WAS_NYG,1450.1659,0.0
2004,2,BUF,2004_02_BUF_OAK,1448.6161,0.0
2004,2,HOU,2004_02_HOU_DET,1443.6505,0.0
2004,2,DET,2004_02_HOU_DET,1439.5187,0.0
2004,2,ARI,2004_02_NE_ARI,1375.8568,0.0
2004,3,IND,2004_03_GB_IND,1642.1214,0.0
2004,3,PHI,2004_03_PHI_DET,1636.1512,0.0
2004,3,NE,2004_02_NE_ARI,1615.1532,0.0
2004,3,GB,2004_03_GB_IND,1606.5989,0.0
2004,3,DEN,2004_03_LAC_DEN,1602.1174,0.0
2004,3,KC,2004_03_HOU_KC,1593.013,0.0
2004,3,MIN,2004_03_CHI_MIN,1585.3453,0.0
2004,3,SEA,2004_03_SF_SEA,1585.2559,0.0
2004,3,TEN,2004_03_JAX_TEN,1579.9608,0.0
2004,3,BAL,2004_03_BAL_CIN,1552.2265,0.0
2004,3,MIA,2004_03_PIT_MIA,1535.2569,-47.0704
2004,3,NO,2004_03_NO_LAR,1533.2038,0.0
2004,3,NYJ,2004_02_NYJ_LAC,1532.8783,0.0
2004,3,SF,2004_03_SF_SEA,1531.0032,-41.6514
2004,3,TB,2004_03_TB_OAK,1526.1198,0.0
2004,3,CAR,2004_02_CAR_KC,1515.8709,0.0
2004,3,LAR,2004_03_NO_LAR,1507.5577,0.0
2004,3,DAL,2004_03_DAL_WAS,1505.5765,0.0
2004,3,OAK,2004_03_TB_OAK,1501.5158,0.0
2004,3,CLE,2004_03_CLE_NYG,1493.2693,0.0
2004,3,CHI,2004_03_CHI_MIN,1488.5296,0.0
2004,3,ATL,2004_03_ARI_ATL,1484.72,0.0
2004,3,PIT,2004_03_PIT_MIA,1477.7345,41.5609
2004,3,WAS,2004_03_DAL_WAS,1474.061,0.0
2004,3,CIN,2004_03_BAL_CIN,1471.396,0.0
2004,3,JAX,2004_03_JAX_TEN,1467.5291,0.0
2004,3,LAC,2004_03_LAC_DEN,1459.4343,0.0
2004,3,BUF,2004_02_BUF_OAK,1448.6161,0.0
2004,3,DET,2004_03_PHI_DET,1448.2345,0.0
2004,3,HOU,2004_03_HOU_KC,1444.9763,0.0
2004,3,NYG,2004_03_CLE_NYG,1443.5184,0.0
2004,3,ARI,2004_03_ARI_ATL,1361.7648,0.0
2004,4,PHI,2004_04_PHI_CHI,1653.222,0.0
2004,4,IND,2004_04_IND_JAX,1652.9718,0.0
2004,4,NE,2004_04_NE_BUF,1630.2725,0.0
2004,4,DEN,2004_04_DEN_TB,1615.4199,0.0
2004,4,GB,2004_04_NYG_GB,1611.8382,0.0
2004,4,MIN,2004_03_CHI_MIN,1585.3453,0.0
2004,4,SEA,2004_03_SF_SEA,1585.2559,0.0
2004,4,KC,2004_04_KC_BAL,1585.1388,0.0
2004,4,BAL,2004_04_KC_BAL,1568.4406,0.0
2004,4,TEN,2004_04_TEN_LAC,1566.4363,-128.8611
2004,4,NO,2004_04_NO_ARI,1546.8135,0.0
2004,4,NYJ,2004_04_NYJ_MIA,1542.0066,0.0
2004,4,CAR,2004_04_ATL_CAR,1534.1757,0.0
2004,4,MIA,2004_04_NYJ_MIA,1518.7762,0.0
2004,4,TB,2004_04_DEN_TB,1518.3604,0.0
2004,4,OAK,2004_04_OAK_HOU,1515.6388,-29.71
2004,4,DAL,2004_03_DAL_WAS,1505.5765,0.0
2004,4,LAR,2004_04_LAR_SF,1502.2431,0.0
2004,4,SF,2004_04_LAR_SF,1498.932,0.0
2004,4,CHI,2004_04_PHI_CHI,1489.7268,-7.7751
2004,4,PIT,2004_04_CIN_PIT,1488.3052,39.6302
2004,4,JAX,2004_04_IND_JAX,1479.7864,0.0
2004,4,ATL,2004_04_ATL_CAR,1477.4825,0.0
2004,4,CLE,2004_04_WAS_CLE,1477.1812,0.0
2004,4,NYG,2004_04_NYG_GB,1471.2271,0.0
2004,4,WAS,2004_04_WAS_CLE,1470.9307,0.0
2004,4,HOU,2004_04_OAK_HOU,1456.5309,0.0
2004,4,CIN,2004_04_CIN_PIT,1453.4933,0.0
2004,4,LAC,2004_04_TEN_LAC,1453.3792,0.0
2004,4,BUF,2004_04_NE_BUF,1449.9632,0.0
2004,4,DET,2004_03_PHI_DET,1448.2345,0.0
2004,4,ARI,2004_04_NO_ARI,1357.9115,0.0
2004,5,IND,2004_05_OAK_IND,1661.2483,0.0
2004,5,NE,2004_05_MIA_NE,1653.2334,0.0
2004,5,PHI,2004_04_PHI_CHI,1653.222,0.0
2004,5,SEA,2004_05_LAR_SEA,1618.8654,0.0
2004,5,DEN,2004_05_CAR_DEN,1618.6442,0.0
2004,5,GB,2004_05_TEN_GB,1597.7049,0.0
2004,5,MIN,2004_05_MIN_HOU,1592.0933,0.0
2004,5,KC,2004_04_KC_BAL,1585.1388,0.0
2004,5,BAL,2004_05_BAL_WAS,1564.2741,0.0
2004,5,NYJ,2004_05_BUF_NYJ,1547.9274,0.0
2004,5,TEN,2004_05_TEN_GB,1542.1084,0.0
2004,5,NO,2004_05_TB_NO,1527.7216,0.0
2004,5,TB,2004_05_TB_NO,1520.7872,-28.7975
2004,5,DAL,2004_05_NYG_DAL,1514.9736,0.0
2004,5,LAR,2004_05_LAR_SEA,1514.8999,0.0
2004,5,CAR,2004_05_CAR_DEN,1513.7391,0.0
2004,5,OAK,2004_05_OAK_IND,1505.2596,-43.0669
2004,5,ATL,2004_05_DET_ATL,1502.1426,0.0
2004,5,MIA,2004_05_MIA_NE,1499.0654,0.0
2004,5,PIT,2004_05_CLE_PIT,1495.7568,42.0654
2004,5,SF,2004_05_ARI_SF,1490.0177,0.0
2004,5,CHI,2004_04_PHI_CHI,1489.7268,-7.7751
2004,5,NYG,2004_05_NYG_DAL,1489.1962,0.0
2004,5,LAC,2004_05_JAX_LAC,1483.2168,0.0
2004,5,JAX,2004_05_JAX_LAC,1477.7996,0.0
2004,5,CLE,2004_05_CLE_PIT,1475.228,0.0
2004,5,WAS,2004_05_BAL_WAS,1472.7354,0.0
2004,5,HOU,2004_05_MIN_HOU,1471.9583,0.0
2004,5,CIN,2004_04_CIN_PIT,1453.4933,0.0
2004,5,BUF,2004_05_BUF_NYJ,1439.7062,0.0
2004,5,DET,2004_05_DET_ATL,1430.2742,0.0
2004,5,ARI,2004_05_ARI_SF,1370.6623,0.0
2004,6,PHI,2004_06_CAR_PHI,1663.7744,0.0
2004,6,IND,2004_05_OAK_IND,1661.2483,0.0
2004,6,NE,2004_06_SEA_NE,1653.7085,0.0
2004,6,DEN,2004_06_DEN_OAK,1620.7894,0.0
2004,6,SEA,2004_06_SEA_NE,1614.9118,0.0
2004,6,MIN,2004_06_MIN_NO,1601.6353,0.0
2004,6,KC,2004_06_KC_JAX,1595.8296,0.0
2004,6,GB,2004_06_GB_DET,1584.829,0.0
2004,6,TEN,2004_06_HOU_TEN,1568.2205,0.0
2004,6,BAL,2004_05_BAL_WAS,1564.2741,0.0
2004,6,NYJ,2004_06_SF_NYJ,1548.4749,0.0
2004,6,LAR,2004_06_TB_LAR,1530.3223,0.0
2004,6,TB,2004_06_TB_LAR,1527.3388,-24.7184
2004,6,NO,2004_06_MIN_NO,1522.5219,0.0
2004,6,CAR,2004_06_CAR_PHI,1516.3678,0.0
2004,6,PIT,2004_06_PIT_DAL,1503.2571,56.1378
2004,6,OAK,2004_06_DEN_OAK,1498.468,-55.0822
2004,6,MIA,2004_06_MIA_BUF,1496.0894,0.0
2004,6,LAC,2004_06_LAC_ATL,1495.3367,0.0
2004,6,DAL,2004_06_PIT_DAL,1489.3416,0.0
2004,6,NYG,2004_05_NYG_DAL,1489.1962,0.0
2004,6,CHI,2004_06_WAS_CHI,1481.5124,-5.599
2004,6,SF,2004_06_SF_NYJ,1480.4005,0.0
2004,6,ATL,2004_06_LAC_ATL,1479.9721,0.0
2004,6,HOU,2004_06_HOU_TEN,1479.301,0.0
2004,6,JAX,2004_06_KC_JAX,1475.4089,0.0
2004,6,CLE,2004_06_CIN_CLE,1473.0132,0.0
2004,6,WAS,2004_06_WAS_CHI,1451.0943,0.0
2004,6,DET,2004_06_GB_DET,1448.5025,0.0
2004,6,CIN,2004_06_CIN_CLE,1446.4869,0.0
2004,6,BUF,2004_06_MIA_BUF,1442.8051,0.0
2004,6,ARI,2004_05_ARI_SF,1370.6623,0.0
2004,7,PHI,2004_07_PHI_CLE,1675.9302,0.0
2004,7,IND,2004_07_JAX_IND,1670.5978,0.0
2004,7,NE,2004_07_NYJ_NE,1665.3714,0.0
2004,7,DEN,2004_07_DEN_CIN,1645.1035,0.0
2004,7,MIN,2004_07_TEN_MIN,1624.2989,0.0
2004,7,GB,2004_07_DAL_GB,1618.9282,0.0
2004,7,SEA,2004_07_SEA_ARI,1610.3397,0.0
2004,7,KC,2004_07_ATL_KC,1592.6131,0.0
2004,7,BAL,2004_07_BUF_BAL,1571.1619,0.0
2004,7,NYJ,2004_07_NYJ_NE,1557.4334,0.0
2004,7,TEN,2004_07_TEN_MIN,1543.6753,0.0
2004,7,TB,2004_07_CHI_TB,1533.9579,-14.622
2004,7,LAR,2004_07_LAR_MIA,1524.0509,0.0
2004,7,NYG,2004_07_DET_NYG,1520.5795,0.0
2004,7,NO,2004_07_NO_OAK,1514.1243,0.0
2004,7,CAR,2004_07_LAC_CAR,1507.0414,0.0
2004,7,PIT,2004_06_PIT_DAL,1503.2571,56.1378
2004,7,CLE,2004_07_PHI_CLE,1498.1458,0.0
2004,7,LAC,2004_07_LAC_CAR,1493.5875,0.0
2004,7,MIA,2004_07_LAR_MIA,1491.7713,0.0
2004,7,DAL,2004_07_DAL_GB,1488.9122,0.0
2004,7,ATL,2004_07_ATL_KC,1486.8657,0.0
2004,7,JAX,2004_07_JAX_IND,1484.1186,0.0
2004,7,SF,2004_06_SF_NYJ,1480.4005,0.0
2004,7,HOU,2004_06_HOU_TEN,1479.301,0.0
2004,7,OAK,2004_07_NO_OAK,1470.7567,-71.64
2004,7,CHI,2004_07_CHI_TB,1469.6575,-19.356
2004,7,BUF,2004_07_BUF_BAL,1454.4423,0.0
2004,7,WAS,2004_06_WAS_CHI,1451.0943,0.0
2004,7,CIN,2004_07_DEN_CIN,1420.7442,0.0
2004,7,DET,2004_07_DET_NYG,1416.4837,0.0
2004,7,ARI,2004_07_SEA_ARI,1386.7542,0.0
2004,8,PHI,2004_08_BAL_PHI,1677.2621,0.0
2004,8,NE,2004_08_NE_PIT,1667.426,0.0
2004,8,IND,2004_08_IND_KC,1664.0223,0.0
2004,8,GB,2004_08_GB_WAS,1645.1876,0.0
2004,8,MIN,2004_08_NYG_MIN,1632.0715,0.0
2004,8,KC,2004_08_IND_KC,1624.3759,0.0
2004,8,DEN,2004_08_ATL_DEN,1623.0107,0.0
2004,8,SEA,2004_08_CAR_SEA,1592.7608,0.0
2004,8,BAL,2004_08_BAL_PHI,1574.0748,0.0
2004,8,NYJ,2004_08_MIA_NYJ,1560.5249,0.0
2004,8,TB,2004_07_CHI_TB,1533.9579,-14.622
2004,8,TEN,2004_08_CIN_TEN,1525.15,-79.3845
2004,8,LAR,2004_07_LAR_MIA,1524.0509,0.0
2004,8,LAC,2004_08_OAK_LAC,1516.9685,0.0
2004,8,NO,2004_07_NO_OAK,1514.1243,0.0
2004,8,MIA,2004_08_MIA_NYJ,1511.1054,0.0
2004,8,PIT,2004_08_NE_PIT,1510.9793,65.6412
2004,8,JAX,2004_08_JAX_HOU,1503.2505,0.0
2004,8,HOU,2004_08_JAX_HOU,1499.4964,0.0
2004,8,CLE,2004_07_PHI_CLE,1498.1458,0.0
2004,8,NYG,2004_08_NYG_MIN,1496.9166,0.0
2004,8,CAR,2004_08_CAR_SEA,1482.5383,0.0
2004,8,DAL,2004_08_DET_DAL,1480.3663,0.0
2004,8,OAK,2004_08_OAK_LAC,1471.6339,-51.6188
2004,8,SF,2004_08_SF_CHI,1470.1902,-84.5793
2004,8,WAS,2004_08_GB_WAS,1455.9174,0.0
2004,8,CHI,2004_08_SF_CHI,1453.9276,-20.3262
2004,8,ATL,2004_08_ATL_DEN,1452.0524,0.0
2004,8,DET,2004_08_DET_DAL,1449.055,0.0
2004,8,BUF,2004_08_ARI_BUF,1439.4419,0.0
2004,8,CIN,2004_08_CIN_TEN,1436.8072,0.0
2004,8,ARI,2004_08_ARI_BUF,1400.1348,0.0
2004,9,PHI,2004_09_PHI_PIT,1674.3149,0.0
2004,9,IND,2004_09_MIN_IND,1662.9822,0.0
2004,9,NE,2004_09_NE_LAR,1659.2404,0.0
2004,9,KC,2004_09_KC_TB,1648.0294,0.0
2004,9,GB,2004_08_GB_WAS,1645.1876,0.0
2004,9,MIN,2004_09_MIN_IND,1607.8654,0.0
2004,9,DEN,2004_09_HOU_DEN,1599.3466,0.0
2004,9,SEA,2004_09_SEA_SF,1590.0636,0.0
2004,9,BAL,2004_09_CLE_BAL,1580.503,0.0
2004,9,NYJ,2004_09_NYJ_BUF,1578.0227,0.0
2004,9,LAC,2004_09_NO_LAC,1551.5933,0.0
2004,9,TB,2004_09_KC_TB,1545.6849,-10.5379
2004,9,PIT,2004_09_PHI_PIT,1528.3891,79.0473
2004,9,TEN,2004_08_CIN_TEN,1525.15,-79.3845
2004,9,HOU,2004_09_HOU_DEN,1521.2588,0.0
2004,9,NYG,2004_09_CHI_NYG,1519.5353,0.0
2004,9,NO,2004_09_NO_LAC,1516.6089,0.0
2004,9,LAR,2004_09_NE_LAR,1516.0266,0.0
2004,9,CLE,2004_09_CLE_BAL,1507.143,0.0
2004,9,JAX,2004_08_JAX_HOU,1503.2505,0.0
2004,9,DAL,2004_09_DAL_CIN,1493.9746,0.0
2004,9,MIA,2004_09_ARI_MIA,1493.1716,0.0
2004,9,CAR,2004_09_OAK_CAR,1490.4009,0.0
2004,9,CHI,2004_09_CHI_NYG,1457.8728,-31.4248
2004,9,BUF,2004_09_NYJ_BUF,1454.77,0.0
2004,9,ATL,2004_08_ATL_DEN,1452.0524,0.0
2004,9,OAK,2004_09_OAK_CAR,1450.8912,-50.3445
2004,9,SF,2004_09_SEA_SF,1449.1606,0.0
2004,9,DET,2004_09_WAS_DET,1446.2095,0.0
2004,9,WAS,2004_09_WAS_DET,1444.6663,0.0
2004,9,CIN,2004_09_DAL_CIN,1434.8684,0.0
2004,9,ARI,2004_09_ARI_MIA,1385.6869,0.0
2004,10,NE,2004_10_BUF_NE,1685.1233,0.0
2004,10,IND,2004_10_HOU_IND,1671.13,0.0
2004,10,GB,2004_10_MIN_GB,1652.873,0.0
2004,10,KC,2004_10_KC_NO,1648.1346,0.0
2004,10,PHI,2004_10_PHI_DAL,1646.0272,0.0
2004,10,SEA,2004_10_SEA_LAR,1611.5013,0.0
2004,10,MIN,2004_10_MIN_GB,1608.24,0.0
2004,10,DEN,2004_09_HOU_DEN,1599.3466,0.0
2004,10,BAL,2004_10_BAL_NYJ,1590.3667,0.0
2004,10,NYJ,2004_10_BAL_NYJ,1570.1808,-82.0589
2004,10,PIT,2004_10_PIT_CLE,1561.193,74.9799
2004,10,TB,2004_10_TB_ATL,1558.2913,4.4005
2004,10,LAC,2004_09_NO_LAC,1551.5933,0.0
2004,10,TEN,2004_10_CHI_TEN,1525.0786,-71.8027
2004,10,HOU,2004_10_HOU_IND,1514.7946,0.0
2004,10,LAR,2004_10_SEA_LAR,1498.0239,0.0
2004,10,CLE,2004_10_PIT_CLE,1497.6624,0.0
2004,10,NYG,2004_10_NYG_ARI,1495.6866,0.0
2004,10,MIA,2004_09_ARI_MIA,1493.1716,0.0
2004,10,ATL,2004_10_TB_ATL,1489.0487,0.0
2004,10,NO,2004_10_KC_NO,1488.7178,0.0
2004,10,JAX,2004_10_DET_JAX,1484.9013,-78.971
2004,10,CAR,2004_10_CAR_SF,1481.8946,0.0
2004,10,DAL,2004_10_PHI_DAL,1470.1884,0.0
2004,10,CHI,2004_10_CHI_TEN,1468.8485,-41.2921
2004,10,BUF,2004_10_BUF_NE,1468.2725,0.0
2004,10,CIN,2004_10_CIN_WAS,1454.4248,0.0
2004,10,OAK,2004_09_OAK_CAR,1450.8912,-50.3445
2004,10,WAS,2004_10_CIN_WAS,1448.0578,0.0
2004,10,DET,2004_10_DET_JAX,1435.4562,0.0
2004,10,SF,2004_10_CAR_SF,1433.3277,0.0
2004,10,ARI,2004_10_NYG_ARI,1396.1147,0.0
2004,11,NE,2004_11_NE_KC,1700.4444,0.0
2004,11,IND,2004_11_IND_CHI,1698.2967,0.0
2004,11,PHI,2004_11_WAS_PHI,1672.2628,0.0
2004,11,GB,2004_11_GB_HOU,1661.562,0.0
2004,11,KC,2004_11_NE_KC,1636.9065,0.0
2004,11,MIN,2004_11_DET_MIN,1614.2053,0.0
2004,11,DEN,2004_11_DEN_NO,1612.6756,0.0
2004,11,SEA,2004_11_MIA_SEA,1593.4035,-34.6047
2004,11,BAL,2004_11_DAL_BAL,1590.7423,0.0
2004,11,LAC,2004_11_LAC_OAK,1589.9214,0.0
2004,11,PIT,2004_11_PIT_CIN,1574.8657,64.7755
2004,11,NYJ,2004_11_NYJ_CLE,1571.3998,-84.8816
2004,11,TB,2004_11_SF_TB,1535.9665,-7.9883
2004,11,LAR,2004_11_LAR_BUF,1518.3964,0.0
2004,11,TEN,2004_11_TEN_JAX,1514.6454,0.0
2004,11,ATL,2004_11_ATL_NYG,1510.209,0.0
2004,11,CAR,2004_11_ARI_CAR,1505.7716,0.0
2004,11,NO,2004_11_DEN_NO,1502.7154,0.0
2004,11,NYG,2004_11_ATL_NYG,1493.5028,51.454
2004,11,JAX,2004_11_TEN_JAX,1490.3431,-70.3518
2004,11,HOU,2004_11_GB_HOU,1485.171,0.0
2004,11,CLE,2004_11_NYJ_CLE,1483.2344,0.0
2004,11,MIA,2004_11_MIA_SEA,1481.6489,-19.0545
2004,11,OAK,2004_11_LAC_OAK,1471.5602,-50.1202
2004,11,CHI,2004_11_IND_CHI,1462.1093,-65.1556
2004,11,CIN,2004_11_PIT_CIN,1459.3541,0.0
2004,11,BUF,2004_11_LAR_BUF,1449.1647,0.0
2004,11,DAL,2004_11_DAL_BAL,1448.076,0.0
2004,11,WAS,2004_11_WAS_PHI,1432.8834,19.7346
2004,11,DET,2004_11_DET_MIN,1420.5901,0.0
2004,11,SF,2004_11_SF_TB,1408.2119,0.0
2004,11,ARI,2004_11_ARI_CAR,1397.9092,1.5412
2004,12,NE,2004_12_BAL_NE,1724.3132,0.0
2004,12,IND,2004_12_IND_DET,1721.7959,0.0
2004,12,PHI,2004_12_PHI_NYG,1692.9057,0.0
2004,12,GB,2004_12_LAR_GB,1661.1659,0.0
2004,12,DEN,2004_12_OAK_DEN,1634.9434,0.0
2004,12,KC,2004_12_LAC_KC,1627.2257,0.0
2004,12,MIN,2004_12_JAX_MIN,1605.788,0.0
2004,12,BAL,2004_12_BAL_NE,1603.3759,0.0
2004,12,LAC,2004_12_LAC_KC,1598.8807,0.0
2004,12,SEA,2004_12_BUF_SEA,1595.3989,0.0
2004,12,PIT,2004_12_WAS_PIT,1576.2369,49.6965
2004,12,NYJ,2004_12_NYJ_ARI,1574.4582,-105.0337
2004,12,TB,2004_12_TB_CAR,1561.3007,-6.3621
2004,12,CAR,2004_12_TB_CAR,1526.2451,0.0
2004,12,ATL,2004_12_NO_ATL,1521.6158,0.0
2004,12,TEN,2004_12_TEN_HOU,1510.4132,0.0
2004,12,LAR,2004_12_LAR_GB,1491.3966,0.0
2004,12,JAX,2004_12_JAX_MIN,1490.7244,0.0
2004,12,HOU,2004_12_TEN_HOU,1485.6923,0.0
2004,12,NYG,2004_12_PHI_NYG,1483.1866,34.73
2004,12,NO,2004_12_NO_ATL,1481.5381,0.0
2004,12,CLE,2004_12_CLE_CIN,1472.6687,-34.3816
2004,12,BUF,2004_12_BUF_SEA,1471.8631,0.0
2004,12,OAK,2004_12_OAK_DEN,1470.0161,-36.6099
2004,12,MIA,2004_12_MIA_SF,1467.7971,-19.2157
2004,12,CIN,2004_12_CLE_CIN,1453.7019,0.0
2004,12,CHI,2004_12_CHI_DAL,1441.2677,-72.9878
2004,12,DET,2004_12_IND_DET,1433.9923,0.0
2004,12,DAL,2004_12_CHI_DAL,1430.2755,-98.6055
2004,12,WAS,2004_12_WAS_PIT,1414.3274,17.0388
2004,12,ARI,2004_12_NYJ_ARI,1378.5011,-2.7643
2004,12,SF,2004_12_MIA_SF,1375.0121,0.0
2004,13,IND,2004_13_TEN_IND,1739.1443,0.0
2004,13,NE,2004_13_NE_CLE,1737.2756,0.0
2004,13,PHI,2004_13_GB_PHI,1714.0791,0.0
2004,13,GB,2004_13_GB_PHI,1688.0133,0.0
2004,13,DEN,2004_13_DEN_LAC,1619.2969,0.0
2004,13,KC,2004_13_KC_OAK,1618.0835,0.0
2004,13,LAC,2004_13_DEN_LAC,1616.4329,0.0
2004,13,MIN,2004_13_MIN_CHI,1603.9851,0.0
2004,13,NYJ,2004_13_HOU_NYJ,1585.6409,0.0
2004,13,BAL,2004_13_CIN_BAL,1582.583,0.0
2004,13,PIT,2004_13_PIT_JAX,1576.4801,32.5461
2004,13,TB,2004_13_ATL_TB,1559.5065,12.5636
2004,13,SEA,2004_13_DAL_SEA,1558.789,0.0
2004,13,CAR,2004_13_CAR_NO,1530.7505,0.0
2004,13,ATL,2004_13_ATL_TB,1524.0032,0.0
2004,13,BUF,2004_13_BUF_MIA,1513.2333,0.0
2004,13,HOU,2004_13_HOU_NYJ,1501.0873,0.0
2004,13,TEN,2004_13_TEN_IND,1494.6461,-28.304
2004,13,JAX,2004_13_PIT_JAX,1492.9912,0.0
2004,13,OAK,2004_13_KC_OAK,1486.0397,-19.9731
2004,13,NO,2004_13_CAR_NO,1480.1383,0.0
2004,13,LAR,2004_13_SF_LAR,1476.2323,0.0
2004,13,MIA,2004_13_BUF_MIA,1470.6292,-17.1194
2004,13,CIN,2004_13_CIN_BAL,1465.7953,0.0
2004,13,CLE,2004_13_NE_CLE,1464.742,-42.0683
2004,13,NYG,2004_13_NYG_WAS,1456.1543,7.8005
2004,13,DAL,2004_13_DAL_SEA,1437.6468,0.0
2004,13,CHI,2004_13_MIN_CHI,1422.0006,-86.678
2004,13,DET,2004_13_ARI_DET,1421.1164,0.0
2004,13,WAS,2004_13_NYG_WAS,1409.4721,7.2538
2004,13,ARI,2004_13_ARI_DET,1369.7197,-39.3837
2004,13,SF,2004_13_SF_LAR,1360.271,0.0
2004,14,IND,2004_14_IND_HOU,1763.3241,0.0
2004,14,NE,2004_14_CIN_NE,1760.6653,0.0
2004,14,PHI,2004_14_PHI_WAS,1744.5501,0.0
2004,14,GB,2004_14_DET_GB,1662.6394,0.0
2004,14,KC,2004_14_KC_TEN,1634.7899,0.0
2004,14,DEN,2004_14_MIA_DEN,1618.1671,0.0
2004,14,LAC,2004_14_TB_LAC,1609.8696,0.0
2004,14,NYJ,2004_14_NYJ_PIT,1607.1603,0.0
2004,14,MIN,2004_14_SEA_MIN,1589.6424,0.0
2004,14,PIT,2004_14_NYJ_PIT,1581.4684,47.2906
2004,14,TB,2004_14_TB_LAC,1580.7551,-0.1073
2004,14,BAL,2004_14_NYG_BAL,1576.408,0.0
2004,14,SEA,2004_14_SEA_MIN,1552.6916,0.0
2004,14,CAR,2004_14_LAR_CAR,1547.5643,0.0
2004,14,BUF,2004_14_CLE_BUF,1523.5908,0.0
2004,14,JAX,2004_14_CHI_JAX,1500.5809,0.0
2004,14,ATL,2004_14_OAK_ATL,1494.8823,0.0
2004,14,OAK,2004_14_OAK_ATL,1480.4097,-4.5494
2004,14,HOU,2004_14_IND_HOU,1480.2034,0.0
2004,14,CIN,2004_14_CIN_NE,1477.5556,0.0
2004,14,LAR,2004_14_LAR_CAR,1471.8816,-116.9581
2004,14,TEN,2004_14_KC_TEN,1471.3782,-35.4039
2004,14,NO,2004_14_NO_DAL,1467.8566,0.0
2004,14,MIA,2004_14_MIA_DEN,1467.5765,-18.8696
2004,14,DAL,2004_14_NO_DAL,1457.2501,0.0
2004,14,CLE,2004_14_CLE_BUF,1449.9458,-35.5598
2004,14,CHI,2004_14_CHI_JAX,1441.5984,-72.8616
2004,14,NYG,2004_14_NYG_BAL,1438.3159,4.2791
2004,14,WAS,2004_14_PHI_WAS,1435.2218,26.6744
2004,14,DET,2004_14_DET_GB,1435.1515,0.0
2004,14,SF,2004_14_SF_ARI,1356.0052,-62.8476
2004,14,ARI,2004_14_SF_ARI,1343.7763,0.0
2004,15,IND,2004_15_BAL_IND,1758.6191,0.0
2004,15,NE,2004_15_NE_MIA,1752.714,0.0
2004,15,PHI,2004_15_DAL_PHI,1745.0763,0.0
2004,15,GB,2004_15_JAX_GB,1655.2304,0.0
2004,15,KC,2004_15_DEN_KC,1643.8949,0.0
2004,15,LAC,2004_15_LAC_CLE,1620.6335,0.0
2004,15,DEN,2004_15_DEN_KC,1615.7949,0.0
2004,15,PIT,2004_15_PIT_NYG,1593.6423,27.9489
2004,15,NYJ,2004_15_SEA_NYJ,1592.3362,0.0
2004,15,BAL,2004_15_BAL_IND,1584.9631,0.0
2004,15,MIN,2004_15_MIN_DET,1578.0965,0.0
2004,15,TB,2004_15_NO_TB,1575.6027,13.0107
2004,15,SEA,2004_15_SEA_NYJ,1562.9332,0.0
2004,15,CAR,2004_15_CAR_ATL,1555.3663,0.0
2004,15,BUF,2004_15_BUF_CIN,1543.6857,0.0
2004,15,ATL,2004_15_CAR_ATL,1505.011,0.0
2004,15,JAX,2004_15_JAX_GB,1500.8872,0.0
2004,15,CIN,2004_15_BUF_CIN,1496.2962,-12.9191
2004,15,HOU,2004_15_HOU_CHI,1491.3607,0.0
2004,15,NO,2004_15_NO_TB,1482.2521,0.0
2004,15,TEN,2004_15_TEN_OAK,1473.3265,-7.6875
2004,15,OAK,2004_15_TEN_OAK,1472.1883,-14.5807
2004,15,MIA,2004_15_NE_MIA,1469.0173,-26.8538
2004,15,LAR,2004_15_LAR_ARI,1459.4971,-136.1815
2004,15,DET,2004_15_MIN_DET,1444.3976,0.0
2004,15,DAL,2004_15_DAL_PHI,1437.2295,0.0
2004,15,CHI,2004_15_HOU_CHI,1437.1779,-81.1512
2004,15,WAS,2004_15_WAS_SF,1436.8106,28.6808
2004,15,NYG,2004_15_PIT_NYG,1426.1686,-20.5641
2004,15,CLE,2004_15_LAC_CLE,1422.0152,-60.6706
2004,15,SF,2004_15_WAS_SF,1365.0941,-43.3649
2004,15,ARI,2004_15_LAR_ARI,1341.8502,0.0
2004,16,IND,2004_16_LAC_IND,1759.0735,0.0
2004,16,NE,2004_16_NE_NYJ,1738.997,0.0
2004,16,PHI,2004_16_PHI_LAR,1738.0859,0.0
2004,16,KC,2004_16_OAK_KC,1671.9624,0.0
2004,16,GB,2004_16_GB_MIN,1655.9829,0.0
2004,16,LAC,2004_16_LAC_IND,1633.3512,0.0
2004,16,NYJ,2004_16_NE_NYJ,1617.5268,0.0
2004,16,PIT,2004_16_BAL_PIT,1601.7732,25.0898
2004,16,DEN,2004_16_DEN_TEN,1594.4771,0.0
2004,16,BAL,2004_16_BAL_PIT,1583.3189,0.0
2004,16,MIN,2004_16_GB_MIN,1573.7905,0.0
2004,16,TB,2004_16_CAR_TB,1562.5497,3.4246
2004,16,CAR,2004_16_CAR_TB,1557.5658,0.0
2004,16,BUF,2004_16_BUF_SF,1554.5085,0.0
2004,16,SEA,2004_16_ARI_SEA,1550.0109,-63.4301
2004,16,JAX,2004_16_HOU_JAX,1513.3905,0.0
2004,16,HOU,2004_16_HOU_JAX,1512.5945,0.0
2004,16,ATL,2004_16_ATL_NO,1508.5964,-45.962
2004,16,NO,2004_16_ATL_NO,1492.0886,0.0
2004,16,MIA,2004_16_CLE_MIA,1489.0432,-20.4376
2004,16,CIN,2004_16_NYG_CIN,1485.5489,-27.4007
2004,16,OAK,2004_16_OAK_KC,1485.1364,7.7913
2004,16,TEN,2004_16_DEN_TEN,1471.6858,24.2875
2004,16,DET,2004_16_CHI_DET,1457.3024,0.0
2004,16,WAS,2004_16_WAS_DAL,1453.0436,37.2857
2004,16,LAR,2004_16_PHI_LAR,1437.2975,0.0
2004,16,DAL,2004_16_WAS_DAL,1437.2482,0.0
2004,16,NYG,2004_16_NYG_CIN,1435.5467,-0.6922
2004,16,CHI,2004_16_CHI_DET,1413.2029,-87.9309
2004,16,CLE,2004_16_CLE_MIA,1405.9454,-72.02
2004,16,ARI,2004_16_ARI_SEA,1366.6033,0.0
2004,16,SF,2004_16_BUF_SF,1341.1647,-45.9523
2004,17,IND,2004_17_IND_DEN,1755.7092,0.0
2004,17,NE,2004_17_SF_NE,1751.9465,0.0
2004,17,PHI,2004_17_CIN_PHI,1714.2965,-128.4553
2004,17,GB,2004_17_GB_CHI,1668.3378,0.0
2004,17,KC,2004_17_KC_LAC,1662.0703,0.0
2004,17,LAC,2004_17_KC_LAC,1651.9571,-29.2749
2004,17,DEN,2004_17_IND_DEN,1632.1914,0.0
2004,17,PIT,2004_17_PIT_BUF,1620.3752,0.0
2004,17,NYJ,2004_17_NYJ_LAR,1606.3474,0.0
2004,17,BUF,2004_17_PIT_BUF,1591.982,0.0
2004,17,CAR,2004_17_NO_CAR,1584.0936,0.0
2004,17,BAL,2004_17_MIA_BAL,1580.0957,0.0
2004,17,MIN,2004_17_MIN_WAS,1572.6523,0.0
2004,17,TB,2004_17_TB_ARI,1548.0178,-33.4186
2004,17,SEA,2004_17_ATL_SEA,1543.5589,0.0
2004,17,HOU,2004_17_CLE_HOU,1527.2536,0.0
2004,17,OAK,2004_17_JAX_OAK,1499.9983,-1.6476
2004,17,ATL,2004_17_ATL_SEA,1499.6437,0.0
2004,17,NO,2004_17_NO_CAR,1499.2536,0.0
2004,17,JAX,2004_17_JAX_OAK,1490.465,0.0
2004,17,MIA,2004_17_MIA_BAL,1481.9213,18.0652
2004,17,CIN,2004_17_CIN_PHI,1477.8942,-28.5819
2004,17,LAR,2004_17_NYJ_LAR,1457.4009,0.0
2004,17,WAS,2004_17_MIN_WAS,1452.2666,28.167
2004,17,DET,2004_17_DET_TEN,1450.3013,0.0
2004,17,NYG,2004_17_DAL_NYG,1446.1291,-7.4078
2004,17,DAL,2004_17_DAL_NYG,1435.1241,0.0
2004,17,TEN,2004_17_DET_TEN,1434.2398,-7.9527
2004,17,CHI,2004_17_GB_CHI,1416.3617,-83.2001
2004,17,CLE,2004_17_CLE_HOU,1404.1386,-3.8309
2004,17,ARI,2004_17_TB_ARI,1369.3935,0.0
2004,17,SF,2004_17_SF_NE,1306.7173,-46.9954
2005,1,IND,2005_01_IND_BAL,1693.1892,0.0
2005,1,NE,2005_01_OAK_NE,1646.1607,0.0
2005,1,PHI,2005_01_PHI_ATL,1629.2262,0.0
2005,1,GB,2005_01_GB_DET,1618.9253,0.0
2005,1,KC,2005_01_NYJ_KC,1616.9265,0.0
2005,1,LAC,2005_01_DAL_LAC,1605.5861,0.0
2005,1,DEN,2005_01_DEN_MIA,1597.9093,0.0
2005,1,MIN,2005_01_TB_MIN,1574.3741,0.0
2005,1,NYJ,2005_01_NYJ_KC,1572.3453,0.0
2005,1,PIT,2005_01_TEN_PIT,1570.6904,0.0
2005,1,CAR,2005_01_NO_CAR,1554.2199,0.0
2005,1,BUF,2005_01_HOU_BUF,1546.8579,0.0
2005,1,BAL,2005_01_IND_BAL,1540.7386,0.0
2005,1,SEA,2005_01_SEA_JAX,1533.3936,0.0
2005,1,ATL,2005_01_PHI_ATL,1523.6223,0.0
2005,1,CIN,2005_01_CIN_CLE,1522.529,0.0
2005,1,TB,2005_01_TB_MIN,1519.7411,0.0
2005,1,NO,2005_01_NO_CAR,1510.6882,0.0
2005,1,MIA,2005_01_DEN_MIA,1501.9568,0.0
2005,1,HOU,2005_01_HOU_BUF,1498.0509,0.0
2005,1,JAX,2005_01_SEA_JAX,1492.3265,0.0
2005,1,LAR,2005_01_LAR_SF,1489.973,0.0
2005,1,OAK,2005_01_OAK_NE,1489.6168,0.0
2005,1,DET,2005_01_GB_DET,1478.4863,0.0
2005,1,WAS,2005_01_CHI_WAS,1473.4313,0.0
2005,1,TEN,2005_01_TEN_PIT,1472.1888,0.0
2005,1,NYG,2005_01_ARI_NYG,1462.8805,0.0
2005,1,DAL,2005_01_DAL_LAC,1458.4301,0.0
2005,1,CHI,2005_01_CHI_WAS,1450.3948,0.0
2005,1,CLE,2005_01_CIN_CLE,1443.976,0.0
2005,1,ARI,2005_01_ARI_NYG,1419.0091,0.0
2005,1,SF,2005_01_LAR_SF,1385.7697,0.0
2005,2,IND,2005_02_JAX_IND,1701.2479,0.0
2005,2,NE,2005_02_NE_CAR,1644.6148,0.0
2005,2,KC,2005_02_KC_OAK,1638.045,0.0
2005,2,PHI,2005_02_SF_PHI,1624.5766,0.0
2005,2,GB,2005_02_CLE_GB,1598.2283,0.0
2005,2,LAC,2005_02_LAC_DEN,1590.497,0.0
2005,2,PIT,2005_02_PIT_HOU,1585.4592,0.0
2005,2,DEN,2005_02_LAC_DEN,1571.0984,0.0
2005,2,BUF,2005_02_BUF_TB,1556.7928,0.0
2005,2,NYJ,2005_02_MIA_NYJ,1556.2247,0.0
2005,2,MIN,2005_02_MIN_CIN,1550.7087,0.0
2005,2,CAR,2005_02_NE_CAR,1550.4145,0.0
2005,2,CIN,2005_02_MIN_CIN,1539.3664,0.0
2005,2,MIA,2005_02_MIA_NYJ,1531.9943,0.0
2005,2,TB,2005_02_BUF_TB,1531.0896,0.0
2005,2,BAL,2005_02_BAL_TEN,1526.9306,-43.102
2005,2,SEA,2005_02_ATL_SEA,1521.5763,0.0
2005,2,NO,2005_02_NYG_NO,1521.2729,0.0
2005,2,ATL,2005_02_ATL_SEA,1517.8884,0.0
2005,2,JAX,2005_02_JAX_IND,1504.6528,0.0
2005,2,DET,2005_02_DET_CHI,1493.8292,0.0
2005,2,OAK,2005_02_KC_OAK,1493.3238,0.0
2005,2,LAR,2005_02_LAR_ARI,1487.3286,0.0
2005,2,HOU,2005_02_PIT_HOU,1485.1422,0.0
2005,2,NYG,2005_02_NYG_NO,1482.735,0.0
2005,2,DAL,2005_02_WAS_DAL,1481.4222,0.0
2005,2,WAS,2005_02_WAS_DAL,1477.0562,-52.3927
2005,2,TEN,2005_02_BAL_TEN,1466.2638,0.0
2005,2,CHI,2005_02_DET_CHI,1448.0854,0.0
2005,2,CLE,2005_02_CLE_GB,1424.278,0.0
2005,2,ARI,2005_02_LAR_ARI,1400.1824,0.0
2005,2,SF,2005_02_SF_PHI,1393.413,0.0
2005,3,IND,2005_03_CLE_IND,1689.4249,0.0
2005,3,PHI,2005_03_OAK_PHI,1668.006,0.0
2005,3,KC,2005_03_KC_DEN,1645.4359,0.0
2005,3,NE,2005_03_NE_PIT,1639.0746,0.0
2005,3,PIT,2005_03_NE_PIT,1603.7121,0.0
2005,3,GB,2005_03_TB_GB,1595.31,0.0
2005,3,LAC,2005_03_NYG_LAC,1584.3286,0.0
2005,3,CIN,2005_03_CIN_CHI,1575.4773,0.0
2005,3,DEN,2005_03_KC_DEN,1568.0335,0.0
2005,3,NYJ,2005_03_JAX_NYJ,1563.1723,0.0
2005,3,CAR,2005_03_CAR_MIA,1552.1769,0.0
2005,3,TB,2005_03_TB_GB,1543.6354,0.0
2005,3,BUF,2005_03_ATL_BUF,1539.6761,0.0
2005,3,SEA,2005_03_ARI_SEA,1534.5353,0.0
2005,3,MIA,2005_03_CAR_MIA,1528.0515,0.0
2005,3,BAL,2005_02_BAL_TEN,1526.9306,-43.102
2005,3,MIN,2005_03_NO_MIN,1520.3068,0.0
2005,3,NO,2005_03_NO_MIN,1508.8792,0.0
2005,3,ATL,2005_03_ATL_BUF,1507.8068,0.0
2005,3,JAX,2005_03_JAX_NYJ,1505.9165,0.0
2005,3,NYG,2005_03_NYG_LAC,1496.8607,0.0
2005,3,DET,2005_02_DET_CHI,1493.8292,0.0
2005,3,LAR,2005_03_TEN_LAR,1489.0999,0.0
2005,3,OAK,2005_03_OAK_PHI,1486.7301,0.0
2005,3,HOU,2005_02_PIT_HOU,1485.1422,0.0
2005,3,CHI,2005_03_CIN_CHI,1479.6941,0.0
2005,3,WAS,2005_02_WAS_DAL,1477.0562,-52.3927
2005,3,TEN,2005_03_TEN_LAR,1476.0297,0.0
2005,3,DAL,2005_03_DAL_SF,1472.9656,0.0
2005,3,CLE,2005_03_CLE_IND,1441.0317,0.0
2005,3,ARI,2005_03_ARI_SEA,1396.7884,0.0
2005,3,SF,2005_03_DAL_SF,1357.5624,0.0
2005,4,IND,2005_04_IND_TEN,1683.8653,0.0
2005,4,PHI,2005_04_PHI_KC,1667.1907,0.0
2005,4,NE,2005_04_LAC_NE,1650.8588,0.0
2005,4,KC,2005_04_PHI_KC,1625.7161,0.0
2005,4,LAC,2005_04_LAC_NE,1611.5716,0.0
2005,4,PIT,2005_03_NE_PIT,1603.7121,0.0
2005,4,CIN,2005_04_HOU_CIN,1593.497,0.0
2005,4,DEN,2005_04_DEN_JAX,1593.1829,0.0
2005,4,GB,2005_04_GB_CAR,1592.4666,0.0
2005,4,SEA,2005_04_SEA_WAS,1553.0675,0.0
2005,4,CAR,2005_04_GB_CAR,1551.6362,0.0
2005,4,NYJ,2005_04_NYJ_BAL,1544.5858,-99.7116
2005,4,TB,2005_04_DET_TB,1544.0881,0.0
2005,4,MIN,2005_04_MIN_ATL,1530.6776,0.0
2005,4,ATL,2005_04_MIN_ATL,1529.6613,0.0
2005,4,MIA,2005_03_CAR_MIA,1528.0515,0.0
2005,4,JAX,2005_04_DEN_JAX,1524.936,0.0
2005,4,BUF,2005_04_BUF_NO,1522.7788,0.0
2005,4,BAL,2005_04_NYJ_BAL,1515.5688,-49.3643
2005,4,NO,2005_04_BUF_NO,1496.2902,0.0
2005,4,OAK,2005_04_DAL_OAK,1492.2376,0.0
2005,4,LAR,2005_04_LAR_NYG,1488.7178,0.0
2005,4,WAS,2005_04_SEA_WAS,1487.8614,-41.8246
2005,4,NYG,2005_04_LAR_NYG,1483.4476,0.0
2005,4,DAL,2005_04_DAL_OAK,1481.5915,0.0
2005,4,CHI,2005_03_CIN_CHI,1479.6941,0.0
2005,4,HOU,2005_04_HOU_CIN,1472.1509,0.0
2005,4,TEN,2005_04_IND_TEN,1469.3539,0.0
2005,4,DET,2005_04_DET_TB,1456.8766,0.0
2005,4,CLE,2005_03_CLE_IND,1441.0317,0.0
2005,4,ARI,2005_04_SF_ARI,1382.7761,15.292
2005,4,SF,2005_04_SF_ARI,1357.1361,0.0
2005,5,IND,2005_05_IND_SF,1697.7882,0.0
2005,5,PHI,2005_05_PHI_DAL,1679.3123,0.0
2005,5,LAC,2005_05_PIT_LAC,1646.467,0.0
2005,5,KC,2005_04_PHI_KC,1625.7161,0.0
2005,5,NE,2005_05_NE_ATL,1616.7922,0.0
2005,5,DEN,2005_05_WAS_DEN,1599.3842,0.0
2005,5,PIT,2005_05_PIT_LAC,1597.7484,0.0
2005,5,CIN,2005_05_CIN_JAX,1596.4339,0.0
2005,5,GB,2005_05_NO_GB,1590.1507,0.0
2005,5,CAR,2005_05_CAR_ARI,1557.8311,0.0
2005,5,ATL,2005_05_NE_ATL,1553.7088,-68.9666
2005,5,SEA,2005_05_SEA_LAR,1550.7543,0.0
2005,5,MIA,2005_05_MIA_BUF,1537.462,0.0
2005,5,TB,2005_05_TB_NYJ,1535.4592,0.0
2005,5,MIN,2005_04_MIN_ATL,1530.6776,0.0
2005,5,BAL,2005_05_BAL_DET,1529.562,-44.4995
2005,5,NYJ,2005_05_TB_NYJ,1527.0424,-49.9355
2005,5,JAX,2005_05_CIN_JAX,1516.7789,0.0
2005,5,BUF,2005_05_MIA_BUF,1510.9834,26.4505
2005,5,NO,2005_05_NO_GB,1508.2431,0.0
2005,5,WAS,2005_05_WAS_DEN,1500.1199,-32.8341
2005,5,OAK,2005_04_DAL_OAK,1492.2376,0.0
2005,5,NYG,2005_04_LAR_NYG,1483.4476,0.0
2005,5,HOU,2005_05_TEN_HOU,1477.3581,0.0
2005,5,LAR,2005_05_SEA_LAR,1476.7459,0.0
2005,5,DAL,2005_05_PHI_DAL,1473.2129,0.0
2005,5,TEN,2005_05_TEN_HOU,1464.0614,0.0
2005,5,DET,2005_05_BAL_DET,1462.3298,0.0
2005,5,CHI,2005_05_CHI_CLE,1456.3391,0.0
2005,5,CLE,2005_05_CHI_CLE,1445.0795,0.0
2005,5,ARI,2005_05_CAR_ARI,1395.567,38.9389
2005,5,SF,2005_05_IND_SF,1345.9344,63.7382
2005,6,IND,2005_06_LAR_IND,1714.9553,0.0
2005,6,PHI,2005_05_PHI_DAL,1679.3123,0.0
2005,6,LAC,2005_06_LAC_OAK,1638.092,0.0
2005,6,NE,2005_06_NE_DEN,1627.556,0.0
2005,6,KC,2005_06_WAS_KC,1617.2686,0.0
2005,6,PIT,2005_06_JAX_PIT,1609.6103,-61.8425
2005,6,CIN,2005_06_CIN_TEN,1595.7976,0.0
2005,6,DEN,2005_06_NE_DEN,1590.2912,0.0
2005,6,GB,2005_05_NO_GB,1590.1507,0.0
2005,6,SEA,2005_06_HOU_SEA,1571.6345,0.0
2005,6,CAR,2005_06_CAR_DET,1560.9212,0.0
2005,6,ATL,2005_06_ATL_NO,1553.8605,0.0
2005,6,MIA,2005_06_MIA_TB,1545.304,0.0
2005,6,NYJ,2005_06_NYJ_BUF,1534.4293,-51.5806
2005,6,TB,2005_06_MIA_TB,1527.4416,0.0
2005,6,BAL,2005_06_CLE_BAL,1521.7111,-35.847
2005,6,JAX,2005_06_JAX_PIT,1517.9191,0.0
2005,6,DAL,2005_06_NYG_DAL,1513.3219,0.0
2005,6,WAS,2005_06_WAS_KC,1511.0031,-8.5984
2005,6,BUF,2005_06_NYJ_BUF,1510.9702,30.6538
2005,6,NYG,2005_06_NYG_DAL,1509.7146,0.0
2005,6,MIN,2005_06_MIN_CHI,1504.8243,0.0
2005,6,OAK,2005_06_LAC_OAK,1503.777,0.0
2005,6,TEN,2005_06_CIN_TEN,1483.8224,0.0
2005,6,DET,2005_06_CAR_DET,1470.7635,0.0
2005,6,LAR,2005_06_LAR_IND,1465.1279,0.0
2005,6,HOU,2005_06_HOU_SEA,1461.5538,0.0
2005,6,NO,2005_06_ATL_NO,1457.1059,0.0
2005,6,CHI,2005_06_MIN_CHI,1451.4032,0.0
2005,6,CLE,2005_06_CLE_BAL,1445.4194,0.0
2005,6,ARI,2005_05_CAR_ARI,1395.567,38.9389
2005,6,SF,2005_05_IND_SF,1345.9344,63.7382
2005,7,IND,2005_07_IND_HOU,1714.8781,0.0
2005,7,LAC,2005_07_LAC_PHI,1650.6808,0.0
2005,7,PHI,2005_07_LAC_PHI,1642.1959,0.0
2005,7,GB,2005_07_GB_MIN,1632.7194,0.0
2005,7,NE,2005_06_NE_DEN,1627.556,0.0
2005,7,KC,2005_07_KC_MIA,1608.8886,0.0
2005,7,DEN,2005_07_DEN_NYG,1603.3183,0.0
2005,7,SEA,2005_07_DAL_SEA,1600.0409,0.0
2005,7,CIN,2005_07_PIT_CIN,1599.9956,0.0
2005,7,PIT,2005_07_PIT_CIN,1588.1123,0.0
2005,7,CAR,2005_06_CAR_DET,1560.9212,0.0
2005,7,ATL,2005_07_NYJ_ATL,1545.9369,0.0
2005,7,BAL,2005_07_BAL_CHI,1535.9895,-24.2056
2005,7,MIA,2005_07_KC_MIA,1535.306,0.0
2005,7,NYJ,2005_07_NYJ_ATL,1532.2892,-67.9694
2005,7,TB,2005_06_MIA_TB,1527.4416,0.0
2005,7,WAS,2005_07_SF_WAS,1526.0565,3.9169
2005,7,JAX,2005_06_JAX_PIT,1517.9191,0.0
2005,7,DAL,2005_07_DAL_SEA,1513.1521,0.0
2005,7,BUF,2005_07_BUF_OAK,1511.4003,29.5512
2005,7,NYG,2005_07_DEN_NYG,1506.2346,0.0
2005,7,OAK,2005_07_BUF_OAK,1491.8552,0.0
2005,7,TEN,2005_07_TEN_ARI,1482.0268,-46.516
2005,7,CHI,2005_07_BAL_CHI,1473.8156,0.0
2005,7,MIN,2005_07_GB_MIN,1471.0998,0.0
2005,7,NO,2005_07_NO_LAR,1467.7811,0.0
2005,7,LAR,2005_07_NO_LAR,1467.2374,-143.0839
2005,7,DET,2005_07_DET_CLE,1461.6738,60.9048
2005,7,HOU,2005_07_IND_HOU,1437.5225,0.0
2005,7,CLE,2005_07_DET_CLE,1433.5118,0.0
2005,7,ARI,2005_07_TEN_ARI,1392.5281,50.8364
2005,7,SF,2005_07_SF_WAS,1317.7487,19.5611
2005,8,IND,2005_07_IND_HOU,1714.8781,0.0
2005,8,PHI,2005_08_PHI_DEN,1643.4978,0.0
2005,8,LAC,2005_08_KC_LAC,1638.8115,0.0
2005,8,GB,2005_08_GB_CIN,1627.8102,0.0
2005,8,KC,2005_08_KC_LAC,1625.8669,0.0
2005,8,NE,2005_08_BUF_NE,1623.2975,0.0
2005,8,DEN,2005_08_PHI_DEN,1606.0444,0.0
2005,8,PIT,2005_08_BAL_PIT,1605.5039,0.0
2005,8,SEA,2005_07_DAL_SEA,1600.0409,0.0
2005,8,CIN,2005_08_GB_CIN,1580.5391,0.0
2005,8,CAR,2005_08_MIN_CAR,1555.6637,0.0
2005,8,WAS,2005_08_WAS_NYG,1548.1997,18.4144
2005,8,ATL,2005_07_NYJ_ATL,1545.9369,0.0
2005,8,TB,2005_08_TB_SF,1538.0945,-41.7752
2005,8,NYJ,2005_07_NYJ_ATL,1532.2892,-67.9694
2005,8,BAL,2005_08_BAL_PIT,1527.4704,-27.1282
2005,8,JAX,2005_08_JAX_LAR,1526.7211,0.0
2005,8,MIA,2005_08_MIA_NO,1522.0049,0.0
2005,8,OAK,2005_08_OAK_TEN,1514.502,0.0
2005,8,NYG,2005_08_WAS_NYG,1512.9408,0.0
2005,8,DAL,2005_08_ARI_DAL,1511.2118,0.0
2005,8,BUF,2005_08_BUF_NE,1491.0198,30.0798
2005,8,LAR,2005_08_JAX_LAR,1487.4566,-134.2834
2005,8,CHI,2005_08_CHI_DET,1484.3893,0.0
2005,8,MIN,2005_08_MIN_CAR,1478.5912,0.0
2005,8,TEN,2005_08_OAK_TEN,1470.9859,0.0
2005,8,DET,2005_08_CHI_DET,1467.7891,69.875
2005,8,NO,2005_08_MIA_NO,1447.729,0.0
2005,8,CLE,2005_08_CLE_HOU,1424.7236,0.0
2005,8,HOU,2005_08_CLE_HOU,1420.9698,0.0
2005,8,ARI,2005_08_ARI_DAL,1388.8437,28.3044
2005,8,SF,2005_08_TB_SF,1302.028,-30.0863
2005,9,IND,2005_09_IND_NE,1733.8196,0.0
2005,9,LAC,2005_09_LAC_NYJ,1643.7,0.0
2005,9,GB,2005_09_PIT_GB,1624.9067,0.0
2005,9,NE,2005_09_IND_NE,1624.0434,0.0
2005,9,KC,2005_09_OAK_KC,1622.025,0.0
2005,9,PHI,2005_09_PHI_WAS,1617.9168,0.0
2005,9,DEN,2005_08_PHI_DEN,1606.0444,0.0
2005,9,PIT,2005_09_PIT_GB,1598.0264,-58.2433
2005,9,SEA,2005_09_SEA_ARI,1595.576,0.0
2005,9,CAR,2005_09_CAR_TB,1585.1008,0.0
2005,9,CIN,2005_09_CIN_BAL,1583.4188,0.0
2005,9,ATL,2005_09_ATL_MIA,1553.1116,0.0
2005,9,MIA,2005_09_ATL_MIA,1540.4723,0.0
2005,9,BAL,2005_09_CIN_BAL,1538.0261,-25.7865
2005,9,NYG,2005_09_NYG_SF,1532.749,0.0
2005,9,OAK,2005_09_OAK_KC,1527.2206,0.0
2005,9,JAX,2005_09_HOU_JAX,1522.9051,0.0
2005,9,TB,2005_09_CAR_TB,1519.9243,-48.8706
2005,9,NYJ,2005_09_LAC_NYJ,1515.7674,-69.3616
2005,9,WAS,2005_09_PHI_WAS,1514.9613,-9.0664
2005,9,DAL,2005_08_ARI_DAL,1511.2118,0.0
2005,9,CHI,2005_09_CHI_NO,1496.7155,0.0
2005,9,BUF,2005_08_BUF_NE,1491.0198,30.0798
2005,9,LAR,2005_08_JAX_LAR,1487.4566,-134.2834
2005,9,TEN,2005_09_TEN_CLE,1459.9426,0.0
2005,9,MIN,2005_09_DET_MIN,1458.5192,-28.2781
2005,9,DET,2005_09_DET_MIN,1455.3284,0.0
2005,9,CLE,2005_09_TEN_CLE,1425.9574,0.0
2005,9,NO,2005_09_CHI_NO,1421.4164,0.0
2005,9,HOU,2005_09_HOU_JAX,1414.5627,0.0
2005,9,ARI,2005_09_SEA_ARI,1370.5267,0.0
2005,9,SF,2005_09_NYG_SF,1309.681,-34.2005
2005,10,IND,2005_10_HOU_IND,1758.5901,0.0
2005,10,LAC,2005_09_LAC_NYJ,1643.7,0.0
2005,10,DEN,2005_10_DEN_OAK,1643.352,0.0
2005,10,KC,2005_10_KC_BUF,1620.5034,0.0
2005,10,SEA,2005_10_LAR_SEA,1614.644,0.0
2005,10,NE,2005_10_NE_MIA,1610.4158,0.0
2005,10,PIT,2005_10_CLE_PIT,1608.265,-70.8848
2005,10,PHI,2005_10_DAL_PHI,1607.8085,0.0
2005,10,GB,2005_10_GB_ATL,1603.5447,0.0
2005,10,CAR,2005_10_NYJ_CAR,1600.9147,0.0
2005,10,CIN,2005_09_CIN_BAL,1583.4188,0.0
2005,10,ATL,2005_10_GB_ATL,1569.2465,0.0
2005,10,NYG,2005_10_MIN_NYG,1548.6785,0.0
2005,10,DAL,2005_10_DAL_PHI,1534.3061,0.0
2005,10,MIA,2005_10_NE_MIA,1532.1202,0.0
2005,10,OAK,2005_10_DEN_OAK,1530.8779,0.0
2005,10,BAL,2005_10_BAL_JAX,1529.2687,0.0
2005,10,WAS,2005_10_WAS_TB,1527.8781,-4.1649
2005,10,JAX,2005_10_BAL_JAX,1527.0326,0.0
2005,10,NYJ,2005_10_NYJ_CAR,1517.1877,-107.261
2005,10,TB,2005_10_WAS_TB,1504.9217,-57.2654
2005,10,CHI,2005_10_SF_CHI,1495.5781,0.0
2005,10,BUF,2005_10_KC_BUF,1488.3639,29.6905
2005,10,LAR,2005_10_LAR_SEA,1486.6967,0.0
2005,10,MIN,2005_10_MIN_NYG,1463.0998,-26.5056
2005,10,TEN,2005_09_TEN_CLE,1459.9426,0.0
2005,10,DET,2005_10_ARI_DET,1444.5967,0.0
2005,10,CLE,2005_10_CLE_PIT,1434.0581,0.0
2005,10,NO,2005_09_CHI_NO,1421.4164,0.0
2005,10,HOU,2005_10_HOU_IND,1417.1788,0.0
2005,10,ARI,2005_10_ARI_DET,1355.6978,0.0
2005,10,SF,2005_10_SF_CHI,1291.9169,-41.6296
2005,11,IND,2005_11_IND_CIN,1764.6586,0.0
2005,11,DEN,2005_11_NYJ_DEN,1654.6376,0.0
2005,11,LAC,2005_11_BUF_LAC,1650.8585,0.0
2005,11,SEA,2005_11_SEA_SF,1623.4947,0.0
2005,11,PIT,2005_11_PIT_BAL,1622.4508,-77.0958
2005,11,NE,2005_11_NO_NE,1616.3247,0.0
2005,11,CAR,2005_11_CAR_CHI,1611.6019,0.0
2005,11,GB,2005_11_MIN_GB,1610.8236,0.0
2005,11,PHI,2005_11_PHI_NYG,1603.1843,-132.4283
2005,11,KC,2005_11_KC_HOU,1602.3326,0.0
2005,11,CIN,2005_11_IND_CIN,1599.4183,0.0
2005,11,ATL,2005_11_TB_ATL,1561.0323,0.0
2005,11,JAX,2005_11_JAX_TEN,1556.9574,0.0
2005,11,NYG,2005_11_PHI_NYG,1539.9853,0.0
2005,11,DAL,2005_11_DET_DAL,1535.2128,0.0
2005,11,WAS,2005_11_OAK_WAS,1533.3284,3.0668
2005,11,MIA,2005_11_MIA_CLE,1528.2865,-6.5081
2005,11,OAK,2005_11_OAK_WAS,1514.3475,0.0
2005,11,TB,2005_11_TB_ATL,1512.9493,-32.4875
2005,11,NYJ,2005_11_NYJ_DEN,1497.2608,-129.2912
2005,11,BAL,2005_11_PIT_BAL,1496.6052,0.0
2005,11,CHI,2005_11_CAR_CHI,1490.3746,0.0
2005,11,BUF,2005_11_BUF_LAC,1488.0227,0.0
2005,11,LAR,2005_11_ARI_LAR,1482.8246,0.0
2005,11,MIN,2005_11_MIN_GB,1454.7064,-38.2049
2005,11,DET,2005_11_DET_DAL,1453.3376,0.0
2005,11,TEN,2005_11_JAX_TEN,1448.9727,0.0
2005,11,CLE,2005_11_MIA_CLE,1430.6531,0.0
2005,11,NO,2005_11_NO_NE,1419.4883,0.0
2005,11,HOU,2005_11_KC_HOU,1416.4167,0.0
2005,11,ARI,2005_11_ARI_LAR,1356.5631,0.0
2005,11,SF,2005_11_SEA_SF,1299.2123,-30.3756
2005,12,IND,2005_12_PIT_IND,1779.266,0.0
2005,12,LAC,2005_12_LAC_WAS,1690.155,0.0
2005,12,DEN,2005_12_DEN_DAL,1661.8881,0.0
2005,12,KC,2005_12_NE_KC,1624.5357,0.0
2005,12,SEA,2005_12_NYG_SEA,1618.6124,0.0
2005,12,PIT,2005_12_PIT_IND,1617.5288,0.0
2005,12,NE,2005_12_NE_KC,1615.6765,0.0
2005,12,PHI,2005_12_GB_PHI,1603.4938,-112.8086
2005,12,CIN,2005_12_BAL_CIN,1599.1201,0.0
2005,12,CAR,2005_12_CAR_BUF,1598.1006,0.0
2005,12,GB,2005_12_GB_PHI,1593.3692,0.0
2005,12,JAX,2005_12_JAX_ARI,1560.3922,0.0
2005,12,ATL,2005_12_ATL_DET,1550.3336,0.0
2005,12,NYG,2005_12_NYG_SEA,1546.2507,0.0
2005,12,DAL,2005_12_DEN_DAL,1544.0489,0.0
2005,12,WAS,2005_12_LAC_WAS,1529.4229,-7.6907
2005,12,TB,2005_12_CHI_TB,1528.6635,-34.8336
2005,12,OAK,2005_12_MIA_OAK,1519.2311,0.0
2005,12,MIA,2005_12_MIA_OAK,1504.8484,0.0
2005,12,CHI,2005_12_CHI_TB,1500.4132,0.0
2005,12,BAL,2005_12_BAL_CIN,1496.677,0.0
2005,12,NYJ,2005_12_NO_NYJ,1485.3459,-128.4363
2005,12,LAR,2005_12_LAR_HOU,1468.5756,-132.3113
2005,12,MIN,2005_12_CLE_MIN,1461.3737,-52.7709
2005,12,BUF,2005_12_CAR_BUF,1461.3331,0.0
2005,12,TEN,2005_12_SF_TEN,1454.3062,0.0
2005,12,CLE,2005_12_CLE_MIN,1448.6054,0.0
2005,12,DET,2005_12_ATL_DET,1448.2345,0.0
2005,12,NO,2005_12_NO_NYJ,1424.6721,0.0
2005,12,HOU,2005_12_LAR_HOU,1388.3569,0.0
2005,12,ARI,2005_12_JAX_ARI,1384.3973,0.0
2005,12,SF,2005_12_SF_TEN,1310.0994,-21.1227
2005,13,IND,2005_13_TEN_IND,1787.3272,0.0
2005,13,LAC,2005_13_OAK_LAC,1702.7535,0.0
2005,13,DEN,2005_13_DEN_KC,1663.2296,0.0
2005,13,KC,2005_13_DEN_KC,1633.6078,0.0
2005,13,CIN,2005_13_CIN_PIT,1613.5122,0.0
2005,13,SEA,2005_13_SEA_PHI,1607.2459,0.0
2005,13,CAR,2005_13_ATL_CAR,1607.0323,0.0
2005,13,NE,2005_13_NYJ_NE,1606.3686,0.0
2005,13,PIT,2005_13_CIN_PIT,1604.1437,0.0
2005,13,PHI,2005_13_SEA_PHI,1603.4701,-114.8895
2005,13,GB,2005_13_GB_CHI,1583.4185,0.0
2005,13,JAX,2005_13_JAX_CLE,1565.0522,-56.5215
2005,13,ATL,2005_13_ATL_CAR,1563.0255,0.0
2005,13,NYG,2005_13_DAL_NYG,1556.4439,0.0
2005,13,DAL,2005_13_DAL_NYG,1543.3406,0.0
2005,13,MIA,2005_13_BUF_MIA,1527.2596,0.0
2005,13,TB,2005_13_TB_NO,1523.3577,-32.6185
2005,13,WAS,2005_13_WAS_LAR,1513.573,-3.6945
2005,13,CHI,2005_13_GB_CHI,1504.0807,0.0
2005,13,OAK,2005_13_OAK_LAC,1496.7665,0.0
2005,13,BAL,2005_13_HOU_BAL,1494.6048,0.0
2005,13,LAR,2005_13_WAS_LAR,1484.6091,-145.3707
2005,13,NYJ,2005_13_NYJ_NE,1484.3435,-106.0248
2005,13,MIN,2005_13_MIN_DET,1469.9101,-43.6218
2005,13,BUF,2005_13_BUF_MIA,1454.1769,0.0
2005,13,TEN,2005_13_TEN_IND,1452.0744,0.0
2005,13,CLE,2005_13_JAX_CLE,1439.3626,14.994
2005,13,NO,2005_13_TB_NO,1431.731,0.0
2005,13,DET,2005_13_MIN_DET,1430.4488,47.4308
2005,13,HOU,2005_13_HOU_BAL,1387.5588,0.0
2005,13,ARI,2005_13_ARI_SF,1386.3231,0.0
2005,13,SF,2005_13_ARI_SF,1308.2791,-0.4008
2005,14,IND,2005_14_IND_JAX,1803.1044,0.0
2005,14,LAC,2005_14_MIA_LAC,1713.6343,0.0
2005,14,DEN,2005_14_BAL_DEN,1663.9386,0.0
2005,14,SEA,2005_14_SF_SEA,1644.2852,0.0
2005,14,KC,2005_14_KC_DAL,1641.2963,0.0
2005,14,CIN,2005_14_CLE_CIN,1633.4626,0.0
2005,14,CAR,2005_14_TB_CAR,1625.9556,0.0
2005,14,NE,2005_14_NE_BUF,1611.6076,0.0
2005,14,PIT,2005_14_CHI_PIT,1593.9194,0.0
2005,14,JAX,2005_14_IND_JAX,1579.9878,-56.5413
2005,14,GB,2005_14_DET_GB,1575.4188,0.0
2005,14,NYG,2005_14_NYG_PHI,1560.3179,0.0
2005,14,PHI,2005_14_NYG_PHI,1544.2404,-129.4975
2005,14,ATL,2005_14_NO_ATL,1543.3319,0.0
2005,14,TB,2005_14_TB_CAR,1533.4227,-32.2852
2005,14,DAL,2005_14_KC_DAL,1532.4653,0.0
2005,14,MIA,2005_14_MIA_LAC,1527.0289,0.0
2005,14,WAS,2005_14_WAS_ARI,1522.7945,-2.642
2005,14,CHI,2005_14_CHI_PIT,1506.2146,0.0
2005,14,BAL,2005_14_BAL_DEN,1489.0319,0.0
2005,14,OAK,2005_14_OAK_NYJ,1485.3884,-15.5393
2005,14,MIN,2005_14_LAR_MIN,1479.8844,-28.7652
2005,14,NYJ,2005_14_OAK_NYJ,1479.598,-118.6275
2005,14,LAR,2005_14_LAR_MIN,1477.4922,-138.2138
2005,14,BUF,2005_14_NE_BUF,1456.9985,0.0
2005,14,CLE,2005_14_CLE_CIN,1435.8291,20.9496
2005,14,TEN,2005_14_HOU_TEN,1430.8784,0.0
2005,14,DET,2005_14_DET_GB,1418.1082,33.6
2005,14,NO,2005_14_NO_ATL,1416.156,0.0
2005,14,ARI,2005_14_WAS_ARI,1390.3152,0.0
2005,14,HOU,2005_14_HOU_TEN,1386.0688,0.0
2005,14,SF,2005_14_SF_SEA,1300.8927,-11.9057
2005,15,IND,2005_15_LAC_IND,1805.2233,0.0
2005,15,LAC,2005_15_LAC_IND,1700.3679,0.0
2005,15,SEA,2005_15_SEA_TEN,1673.4026,0.0
2005,15,DEN,2005_15_DEN_BUF,1652.6352,0.0
2005,15,KC,2005_15_KC_NYG,1648.782,0.0
2005,15,NE,2005_15_TB_NE,1642.5752,0.0
2005,15,CIN,2005_15_CIN_DET,1633.7703,0.0
2005,15,CAR,2005_15_CAR_NO,1606.9727,0.0
2005,15,PIT,2005_15_PIT_MIN,1604.2062,0.0
2005,15,JAX,2005_15_SF_JAX,1588.564,-28.222
2005,15,GB,2005_15_GB_BAL,1569.7694,0.0
2005,15,NYG,2005_15_KC_NYG,1568.7692,0.0
2005,15,TB,2005_15_TB_NE,1551.926,-23.9078
2005,15,ATL,2005_15_ATL_CHI,1549.1008,0.0
2005,15,PHI,2005_15_PHI_LAR,1546.6868,-139.3413
2005,15,MIA,2005_15_NYJ_MIA,1545.0155,0.0
2005,15,DAL,2005_15_DAL_WAS,1538.6961,0.0
2005,15,WAS,2005_15_DAL_WAS,1518.023,-15.3973
2005,15,CHI,2005_15_ATL_CHI,1500.8169,0.0
2005,15,BAL,2005_15_GB_BAL,1499.9919,0.0
2005,15,NYJ,2005_15_NYJ_MIA,1495.1156,-107.2915
2005,15,MIN,2005_15_PIT_MIN,1489.9597,-31.4699
2005,15,OAK,2005_15_CLE_OAK,1469.7814,0.0
2005,15,LAR,2005_15_PHI_LAR,1459.9198,-143.4162
2005,15,CLE,2005_15_CLE_OAK,1437.7981,24.2666
2005,15,BUF,2005_15_DEN_BUF,1425.2149,34.2855
2005,15,DET,2005_15_CIN_DET,1421.6153,37.8086
2005,15,TEN,2005_15_SEA_TEN,1418.5131,0.0
2005,15,NO,2005_15_CAR_NO,1409.1041,-44.4288
2005,15,ARI,2005_15_ARI_HOU,1394.96,0.0
2005,15,HOU,2005_15_ARI_HOU,1386.5983,0.0
2005,15,SF,2005_15_SF_JAX,1277.4636,-27.8004
2005,16,IND,2005_16_IND_SEA,1784.1757,0.0
2005,16,LAC,2005_16_LAC_KC,1718.8535,0.0
2005,16,SEA,2005_16_IND_SEA,1687.2145,0.0
2005,16,NE,2005_16_NE_NYJ,1674.1471,0.0
2005,16,DEN,2005_16_OAK_DEN,1668.2063,0.0
2005,16,CIN,2005_16_BUF_CIN,1655.9506,0.0
2005,16,KC,2005_16_LAC_KC,1645.1173,0.0
2005,16,CAR,2005_16_DAL_CAR,1618.2432,0.0
2005,16,PIT,2005_16_PIT_CLE,1611.6123,0.0
2005,16,NYG,2005_16_NYG_WAS,1586.5755,0.0
2005,16,JAX,2005_16_JAX_HOU,1577.7915,-26.4373
2005,16,PHI,2005_16_PHI_ARI,1545.2079,-158.6833
2005,16,WAS,2005_16_NYG_WAS,1544.0037,4.6806
2005,16,BAL,2005_16_MIN_BAL,1542.4011,0.0
2005,16,MIA,2005_16_TEN_MIA,1535.0709,0.0
2005,16,ATL,2005_16_ATL_TB,1529.4721,0.0
2005,16,GB,2005_16_CHI_GB,1523.8982,0.0
2005,16,TB,2005_16_ATL_TB,1521.5188,-39.6949
2005,16,CHI,2005_16_CHI_GB,1516.6255,64.9593
2005,16,DAL,2005_16_DAL_CAR,1511.4184,0.0
2005,16,NYJ,2005_16_NE_NYJ,1506.0088,-91.571
2005,16,MIN,2005_16_MIN_BAL,1469.8679,-46.3283
2005,16,OAK,2005_16_OAK_DEN,1463.8872,0.0
2005,16,LAR,2005_16_SF_LAR,1456.5748,-141.8237
2005,16,CLE,2005_16_PIT_CLE,1435.4609,18.5264
2005,16,TEN,2005_16_TEN_MIA,1422.0528,0.0
2005,16,BUF,2005_16_BUF_CIN,1417.5649,41.0927
2005,16,DET,2005_16_DET_NO,1403.1998,0.0
2005,16,NO,2005_16_DET_NO,1397.0371,-52.2036
2005,16,HOU,2005_16_JAX_HOU,1394.6971,0.0
2005,16,ARI,2005_16_PHI_ARI,1381.146,-37.3742
2005,16,SF,2005_16_SF_LAR,1282.999,-33.6456
2005,17,IND,2005_17_ARI_IND,1763.6007,0.0
2005,17,SEA,2005_17_SEA_GB,1716.5153,0.0
2005,17,LAC,2005_17_DEN_LAC,1701.8902,0.0
2005,17,NE,2005_17_MIA_NE,1680.2884,0.0
2005,17,DEN,2005_17_DEN_LAC,1675.0215,0.0
2005,17,PIT,2005_17_DET_PIT,1657.4196,0.0
2005,17,KC,2005_17_CIN_KC,1657.2702,0.0
2005,17,CIN,2005_17_CIN_KC,1637.736,0.0
2005,17,CAR,2005_17_CAR_ATL,1609.9846,0.0
2005,17,JAX,2005_17_TEN_JAX,1603.6551,-17.2792
2005,17,NYG,2005_17_NYG_OAK,1578.7624,0.0
2005,17,WAS,2005_17_WAS_PHI,1563.1795,7.4308
2005,17,BAL,2005_17_BAL_CLE,1549.2216,0.0
2005,17,MIA,2005_17_MIA_NE,1546.6673,0.0
2005,17,PHI,2005_17_WAS_PHI,1541.8704,-153.0727
2005,17,ATL,2005_17_CAR_ATL,1527.213,0.0
2005,17,TB,2005_17_NO_TB,1523.7674,-26.8991
2005,17,DAL,2005_17_LAR_DAL,1523.0685,0.0
2005,17,CHI,2005_17_CHI_MIN,1522.0353,0.0
2005,17,GB,2005_17_SEA_GB,1514.6368,0.0
2005,17,NYJ,2005_17_BUF_NYJ,1502.0666,-99.3608
2005,17,MIN,2005_17_CHI_MIN,1474.4427,-31.9879
2005,17,OAK,2005_17_NYG_OAK,1454.4631,0.0
2005,17,BUF,2005_17_BUF_NYJ,1441.7305,55.7114
2005,17,LAR,2005_17_LAR_DAL,1440.503,-118.3907
2005,17,TEN,2005_17_TEN_JAX,1403.9826,-144.5049
2005,17,DET,2005_17_DET_PIT,1402.071,0.0
2005,17,CLE,2005_17_BAL_CLE,1396.2215,1.4416
2005,17,NO,2005_17_NO_TB,1394.1685,-44.5098
2005,17,ARI,2005_17_ARI_IND,1389.0183,-23.1361
2005,17,HOU,2005_17_HOU_SF,1377.0085,0.0
2005,17,SF,2005_17_HOU_SF,1301.8295,-36.2898
2006,1,IND,2006_01_IND_NYG,1660.4132,0.0
2006,1,KC,2006_01_CIN_KC,1636.6325,0.0
2006,1,SEA,2006_01_SEA_DET,1633.2573,0.0
2006,1,DEN,2006_01_DEN_LAR,1620.8372,0.0
2006,1,NE,2006_01_BUF_NE,1611.2374,0.0
2006,1,LAC,2006_01_LAC_OAK,1602.6846,0.0
2006,1,CAR,2006_01_ATL_CAR,1587.6979,0.0
2006,1,CIN,2006_01_CIN_KC,1580.4856,0.0
2006,1,PIT,2006_01_MIA_PIT,1571.6821,0.0
2006,1,JAX,2006_01_DAL_JAX,1568.5037,0.0
2006,1,MIA,2006_01_MIA_PIT,1554.3126,0.0
2006,1,NYG,2006_01_IND_NYG,1546.0721,0.0
2006,1,PHI,2006_01_PHI_HOU,1545.9736,0.0
2006,1,BAL,2006_01_BAL_TB,1540.8357,0.0
2006,1,WAS,2006_01_MIN_WAS,1528.2053,0.0
2006,1,ATL,2006_01_ATL_CAR,1519.2889,0.0
2006,1,MIN,2006_01_MIN_WAS,1514.9003,0.0
2006,1,GB,2006_01_CHI_GB,1512.7391,0.0
2006,1,TB,2006_01_BAL_TB,1511.1812,0.0
2006,1,NYJ,2006_01_NYJ_TEN,1506.841,0.0
2006,1,CHI,2006_01_CHI_GB,1503.0176,0.0
2006,1,LAR,2006_01_DEN_LAR,1498.5557,0.0
2006,1,DAL,2006_01_DAL_JAX,1481.397,0.0
2006,1,OAK,2006_01_LAC_OAK,1471.029,0.0
2006,1,DET,2006_01_SEA_DET,1469.8666,0.0
2006,1,BUF,2006_01_BUF_NE,1461.5398,0.0
2006,1,NO,2006_01_NO_CLE,1459.816,0.0
2006,1,ARI,2006_01_SF_ARI,1453.6436,0.0
2006,1,TEN,2006_01_NYJ_TEN,1441.5442,0.0
2006,1,CLE,2006_01_NO_CLE,1438.498,0.0
2006,1,HOU,2006_01_PHI_HOU,1426.5661,0.0
2006,1,SF,2006_01_SF_ARI,1375.6975,0.0
2006,2,IND,2006_02_HOU_IND,1652.0936,0.0
2006,2,SEA,2006_02_ARI_SEA,1625.8398,0.0
2006,2,LAC,2006_02_TEN_LAC,1623.8762,0.0
2006,2,KC,2006_02_KC_DEN,1617.4644,-121.1494
2006,2,NE,2006_02_NE_NYJ,1606.6088,0.0
2006,2,DEN,2006_02_KC_DEN,1601.413,0.0
2006,2,CIN,2006_02_CLE_CIN,1593.9855,0.0
2006,2,PIT,2006_02_PIT_JAX,1587.556,45.8022
2006,2,BAL,2006_02_OAK_BAL,1569.4895,0.0
2006,2,JAX,2006_02_PIT_JAX,1568.8859,0.0
2006,2,PHI,2006_02_NYG_PHI,1565.5914,0.0
2006,2,NYG,2006_02_NYG_PHI,1562.6319,0.0
2006,2,CAR,2006_02_CAR_MIN,1561.8873,0.0
2006,2,ATL,2006_02_TB_ATL,1538.1168,0.0
2006,2,MIA,2006_02_BUF_MIA,1537.2087,0.0
2006,2,CHI,2006_02_DET_CHI,1531.4448,0.0
2006,2,MIN,2006_02_CAR_MIN,1526.3202,0.0
2006,2,WAS,2006_02_WAS_DAL,1519.9517,0.0
2006,2,NYJ,2006_02_NE_NYJ,1517.7949,0.0
2006,2,LAR,2006_02_LAR_SF,1504.5777,0.0
2006,2,DAL,2006_02_WAS_DAL,1479.6696,0.0
2006,2,GB,2006_02_NO_GB,1479.5259,0.0
2006,2,TB,2006_02_TB_ATL,1469.0965,0.0
2006,2,NO,2006_02_NO_GB,1468.61,0.0
2006,2,DET,2006_02_DET_CHI,1468.2685,0.0
2006,2,BUF,2006_02_BUF_MIA,1463.1104,0.0
2006,2,ARI,2006_02_ARI_SEA,1447.7632,0.0
2006,2,OAK,2006_02_OAK_BAL,1442.5372,0.0
2006,2,TEN,2006_02_TEN_LAC,1429.206,0.0
2006,2,CLE,2006_02_CLE_CIN,1426.0153,0.0
2006,2,HOU,2006_02_HOU_IND,1411.1896,0.0
2006,2,SF,2006_02_LAR_SF,1385.8221,0.0
2006,3,IND,2006_03_JAX_IND,1665.8188,0.0
2006,3,LAC,2006_02_TEN_LAC,1623.8762,0.0
2006,3,SEA,2006_03_NYG_SEA,1623.3995,0.0
2006,3,NE,2006_03_DEN_NE,1621.3267,0.0
2006,3,KC,2006_02_KC_DEN,1617.4644,-121.1494
2006,3,CIN,2006_03_CIN_PIT,1608.2395,0.0
2006,3,DEN,2006_03_DEN_NE,1589.5531,0.0
2006,3,JAX,2006_03_JAX_IND,1584.1652,0.0
2006,3,BAL,2006_03_BAL_CLE,1582.5851,0.0
2006,3,NYG,2006_03_NYG_SEA,1568.9764,0.0
2006,3,PIT,2006_03_CIN_PIT,1564.8813,26.8895
2006,3,PHI,2006_03_PHI_SF,1564.4508,0.0
2006,3,CHI,2006_03_CHI_MIN,1559.9216,0.0
2006,3,CAR,2006_03_CAR_TB,1555.9428,0.0
2006,3,ATL,2006_03_ATL_NO,1547.9456,0.0
2006,3,MIN,2006_03_CHI_MIN,1524.5328,0.0
2006,3,MIA,2006_03_TEN_MIA,1522.1377,0.0
2006,3,NYJ,2006_03_NYJ_BUF,1508.6362,0.0
2006,3,WAS,2006_03_WAS_HOU,1502.3834,0.0
2006,3,LAR,2006_03_LAR_ARI,1491.9946,0.0
2006,3,NO,2006_03_ATL_NO,1480.2662,0.0
2006,3,DAL,2006_02_WAS_DAL,1479.6696,0.0
2006,3,BUF,2006_03_NYJ_BUF,1474.014,0.0
2006,3,GB,2006_03_GB_DET,1470.9871,0.0
2006,3,DET,2006_03_GB_DET,1453.3906,0.0
2006,3,TB,2006_03_CAR_TB,1452.0027,0.0
2006,3,ARI,2006_03_LAR_ARI,1446.5393,0.0
2006,3,OAK,2006_02_OAK_BAL,1442.5372,0.0
2006,3,CLE,2006_03_BAL_CLE,1410.8448,0.0
2006,3,HOU,2006_03_WAS_HOU,1410.2341,0.0
2006,3,TEN,2006_03_TEN_MIA,1402.3288,0.0
2006,3,SF,2006_03_PHI_SF,1397.2321,0.0
2006,4,IND,2006_04_IND_NYJ,1663.1602,0.0
2006,4,LAC,2006_04_LAC_BAL,1654.0932,0.0
2006,4,SEA,2006_04_SEA_CHI,1627.9147,0.0
2006,4,KC,2006_04_SF_KC,1623.4405,-113.4463
2006,4,CIN,2006_04_NE_CIN,1617.9224,0.0
2006,4,NE,2006_04_NE_CIN,1606.9613,0.0
2006,4,DEN,2006_03_DEN_NE,1589.5531,0.0
2006,4,JAX,2006_04_JAX_WAS,1580.7833,0.0
2006,4,BAL,2006_04_LAC_BAL,1580.4107,0.0
2006,4,PHI,2006_04_GB_PHI,1574.5868,0.0
2006,4,NYG,2006_03_NYG_SEA,1568.9764,0.0
2006,4,CHI,2006_04_SEA_CHI,1567.3751,0.0
2006,4,PIT,2006_03_CIN_PIT,1564.8813,26.8895
2006,4,CAR,2006_04_NO_CAR,1564.8361,0.0
2006,4,WAS,2006_04_JAX_WAS,1523.8775,0.0
2006,4,ATL,2006_04_ARI_ATL,1521.7496,0.0
2006,4,MIA,2006_04_MIA_HOU,1518.3371,0.0
2006,4,MIN,2006_04_MIN_BUF,1514.8185,0.0
2006,4,NYJ,2006_04_IND_NYJ,1513.61,0.0
2006,4,NO,2006_04_NO_CAR,1501.5593,0.0
2006,4,DAL,2006_04_DAL_TEN,1499.0095,0.0
2006,4,LAR,2006_04_DET_LAR,1494.6296,0.0
2006,4,GB,2006_04_GB_PHI,1483.817,0.0
2006,4,BUF,2006_04_MIN_BUF,1472.1177,0.0
2006,4,TB,2006_03_CAR_TB,1452.0027,0.0
2006,4,ARI,2006_04_ARI_ATL,1447.0407,0.0
2006,4,DET,2006_04_DET_LAR,1446.4102,0.0
2006,4,OAK,2006_04_CLE_OAK,1418.0323,15.8708
2006,4,CLE,2006_04_CLE_OAK,1415.1888,0.0
2006,4,TEN,2006_04_DAL_TEN,1404.7096,69.7694
2006,4,HOU,2006_04_MIA_HOU,1398.2311,0.0
2006,4,SF,2006_04_SF_KC,1397.2634,0.0
2006,5,IND,2006_05_TEN_IND,1666.1819,0.0
2006,5,KC,2006_05_KC_ARI,1659.4408,-91.2857
2006,5,LAC,2006_05_PIT_LAC,1654.3052,0.0
2006,5,NE,2006_05_MIA_NE,1634.338,0.0
2006,5,SEA,2006_04_SEA_CHI,1627.9147,0.0
2006,5,CIN,2006_04_NE_CIN,1617.9224,0.0
2006,5,CHI,2006_05_BUF_CHI,1606.4528,0.0
2006,5,DEN,2006_05_BAL_DEN,1603.919,0.0
2006,5,PHI,2006_05_DAL_PHI,1601.2053,0.0
2006,5,BAL,2006_05_BAL_DEN,1579.1411,0.0
2006,5,JAX,2006_05_NYJ_JAX,1578.8891,0.0
2006,5,CAR,2006_05_CLE_CAR,1571.7853,0.0
2006,5,NYG,2006_05_WAS_NYG,1564.2128,0.0
2006,5,PIT,2006_05_PIT_LAC,1559.4526,1.0554
2006,5,DAL,2006_05_DAL_PHI,1539.0085,0.0
2006,5,WAS,2006_05_WAS_NYG,1535.8843,0.0
2006,5,ATL,2006_04_ARI_ATL,1521.7496,0.0
2006,5,MIA,2006_05_MIA_NE,1517.0597,-5.0914
2006,5,NYJ,2006_05_NYJ_JAX,1515.8567,0.0
2006,5,MIN,2006_05_DET_MIN,1506.8682,0.0
2006,5,NO,2006_05_TB_NO,1504.1643,0.0
2006,5,LAR,2006_05_LAR_GB,1495.7107,0.0
2006,5,BUF,2006_05_BUF_CHI,1477.1511,0.0
2006,5,GB,2006_05_LAR_GB,1460.2722,0.0
2006,5,DET,2006_05_DET_MIN,1455.1467,0.0
2006,5,TB,2006_05_TB_NO,1444.7511,-29.4815
2006,5,CLE,2006_05_CLE_CAR,1427.2329,0.0
2006,5,ARI,2006_05_KC_ARI,1418.0484,-1.7739
2006,5,OAK,2006_05_OAK_SF,1409.7672,-2.345
2006,5,HOU,2006_04_MIA_HOU,1398.2311,0.0
2006,5,SF,2006_05_OAK_SF,1366.019,0.0
2006,5,TEN,2006_05_TEN_IND,1363.5129,53.2485
2006,6,LAC,2006_06_LAC_SF,1667.2852,0.0
2006,6,IND,2006_05_TEN_IND,1666.1819,0.0
2006,6,KC,2006_06_KC_PIT,1662.7667,-74.1804
2006,6,CHI,2006_06_CHI_ARI,1638.7591,0.0
2006,6,NE,2006_05_MIA_NE,1634.338,0.0
2006,6,DEN,2006_06_OAK_DEN,1613.9705,0.0
2006,6,PHI,2006_06_PHI_NO,1612.888,0.0
2006,6,SEA,2006_06_SEA_LAR,1593.8087,0.0
2006,6,CIN,2006_06_CIN_TB,1588.6647,0.0
2006,6,NYG,2006_06_NYG_ATL,1582.1771,0.0
2006,6,JAX,2006_05_NYJ_JAX,1578.8891,0.0
2006,6,CAR,2006_06_CAR_BAL,1569.5228,0.0
2006,6,BAL,2006_06_CAR_BAL,1564.2376,0.0
2006,6,PIT,2006_06_KC_PIT,1548.2888,-10.6448
2006,6,ATL,2006_06_NYG_ATL,1541.1607,0.0
2006,6,DAL,2006_06_HOU_DAL,1528.8083,0.0
2006,6,WAS,2006_06_TEN_WAS,1517.5508,0.0
2006,6,MIA,2006_06_MIA_NYJ,1512.4939,-7.281
2006,6,MIN,2006_05_DET_MIN,1506.8682,0.0
2006,6,NO,2006_06_PHI_NO,1500.8076,0.0
2006,6,LAR,2006_06_SEA_LAR,1498.0861,0.0
2006,6,NYJ,2006_06_MIA_NYJ,1467.1898,0.0
2006,6,GB,2006_05_LAR_GB,1460.2722,0.0
2006,6,BUF,2006_06_BUF_DET,1448.1212,0.0
2006,6,TB,2006_06_CIN_TB,1446.5429,-11.9472
2006,6,DET,2006_06_BUF_DET,1445.1118,0.0
2006,6,CLE,2006_05_CLE_CAR,1427.2329,0.0
2006,6,ARI,2006_06_CHI_ARI,1417.5319,-0.5034
2006,6,OAK,2006_06_OAK_DEN,1402.6187,-7.0319
2006,6,HOU,2006_06_HOU_DAL,1400.4608,0.0
2006,6,SF,2006_06_LAC_SF,1376.5596,0.0
2006,6,TEN,2006_06_TEN_WAS,1376.4725,51.0925
2006,7,LAC,2006_07_LAC_KC,1701.2899,0.0
2006,7,IND,2006_07_WAS_IND,1644.6255,0.0
2006,7,CHI,2006_06_CHI_ARI,1638.7591,0.0
2006,7,NE,2006_07_NE_BUF,1634.6701,0.0
2006,7,KC,2006_07_LAC_KC,1623.4706,-77.3911
2006,7,JAX,2006_07_JAX_HOU,1620.1971,0.0
2006,7,PHI,2006_07_PHI_TB,1614.5302,0.0
2006,7,DEN,2006_07_DEN_CLE,1610.2102,0.0
2006,7,SEA,2006_07_MIN_SEA,1597.8632,0.0
2006,7,PIT,2006_07_PIT_ATL,1594.2028,9.9854
2006,7,NYG,2006_07_NYG_DAL,1593.5882,0.0
2006,7,CIN,2006_07_CAR_CIN,1577.2807,0.0
2006,7,CAR,2006_07_CAR_CIN,1576.982,0.0
2006,7,BAL,2006_06_CAR_BAL,1564.2376,0.0
2006,7,DAL,2006_07_NYG_DAL,1548.3951,0.0
2006,7,ATL,2006_07_PIT_ATL,1525.3589,0.0
2006,7,MIA,2006_07_GB_MIA,1514.8797,-1.1865
2006,7,MIN,2006_07_MIN_SEA,1509.0995,0.0
2006,7,WAS,2006_07_WAS_IND,1507.2619,0.0
2006,7,NO,2006_06_PHI_NO,1500.8076,0.0
2006,7,LAR,2006_06_SEA_LAR,1498.0861,0.0
2006,7,NYJ,2006_07_DET_NYJ,1466.5128,0.0
2006,7,GB,2006_07_GB_MIA,1461.9949,0.0
2006,7,TB,2006_07_PHI_TB,1455.1682,-5.4744
2006,7,DET,2006_07_DET_NYJ,1450.608,0.0
2006,7,BUF,2006_07_NE_BUF,1441.6059,0.0
2006,7,ARI,2006_07_ARI_OAK,1434.2613,10.4968
2006,7,CLE,2006_07_DEN_CLE,1422.6296,0.0
2006,7,OAK,2006_07_ARI_OAK,1404.4199,-19.0651
2006,7,HOU,2006_07_JAX_HOU,1380.155,0.0
2006,7,SF,2006_06_LAC_SF,1376.5596,0.0
2006,7,TEN,2006_06_TEN_WAS,1376.4725,51.0925
2006,8,LAC,2006_08_LAR_LAC,1699.688,0.0
2006,8,IND,2006_08_IND_DEN,1658.5955,0.0
2006,8,NE,2006_08_NE_MIN,1654.6343,0.0
2006,8,KC,2006_08_SEA_KC,1631.5138,-64.9067
2006,8,PHI,2006_08_JAX_PHI,1618.4372,0.0
2006,8,NYG,2006_08_TB_NYG,1616.6084,0.0
2006,8,PIT,2006_08_PIT_OAK,1614.1511,24.2999
2006,8,CHI,2006_08_SF_CHI,1612.2286,0.0
2006,8,DEN,2006_08_IND_DEN,1610.7084,0.0
2006,8,JAX,2006_08_JAX_PHI,1585.8571,-12.7914
2006,8,CAR,2006_08_DAL_CAR,1578.3798,0.0
2006,8,CIN,2006_08_ATL_CIN,1575.763,0.0
2006,8,SEA,2006_08_SEA_KC,1572.0687,-62.7084
2006,8,BAL,2006_08_BAL_NO,1562.7616,0.0
2006,8,MIN,2006_08_NE_MIN,1532.2137,0.0
2006,8,DAL,2006_08_DAL_CAR,1525.2741,-45.0133
2006,8,ATL,2006_08_ATL_CIN,1520.7532,0.0
2006,8,MIA,2006_07_GB_MIA,1514.8797,-1.1865
2006,8,WAS,2006_07_WAS_IND,1507.2619,0.0
2006,8,NO,2006_08_BAL_NO,1505.7039,0.0
2006,8,LAR,2006_08_LAR_LAC,1496.6684,0.0
2006,8,GB,2006_08_ARI_GB,1478.1253,0.0
2006,8,NYJ,2006_08_NYJ_CLE,1469.9913,0.0
2006,8,TB,2006_08_TB_NYG,1452.3715,-10.7335
2006,8,DET,2006_07_DET_NYJ,1450.608,0.0
2006,8,BUF,2006_07_NE_BUF,1441.6059,0.0
2006,8,OAK,2006_08_PIT_OAK,1424.4999,-20.5169
2006,8,CLE,2006_08_NYJ_CLE,1413.9434,0.0
2006,8,HOU,2006_08_HOU_TEN,1411.4188,0.0
2006,8,ARI,2006_08_ARI_GB,1408.0507,-13.7551
2006,8,TEN,2006_08_HOU_TEN,1384.2271,43.9003
2006,8,SF,2006_08_SF_CHI,1356.1684,0.0
2006,9,LAC,2006_09_CLE_LAC,1707.2191,0.0
2006,9,NE,2006_09_IND_NE,1681.4187,0.0
2006,9,IND,2006_09_IND_NE,1663.5955,0.0
2006,9,KC,2006_09_KC_LAR,1646.4916,-49.453
2006,9,CHI,2006_09_MIA_CHI,1639.5982,0.0
2006,9,DEN,2006_09_DEN_PIT,1620.8149,0.0
2006,9,PHI,2006_08_JAX_PHI,1618.4372,0.0
2006,9,NYG,2006_09_HOU_NYG,1613.8102,0.0
2006,9,JAX,2006_09_TEN_JAX,1595.6832,-14.4683
2006,9,PIT,2006_09_DEN_PIT,1592.0899,10.7423
2006,9,BAL,2006_09_CIN_BAL,1579.1668,0.0
2006,9,CAR,2006_08_DAL_CAR,1578.3798,0.0
2006,9,CIN,2006_09_CIN_BAL,1571.1049,0.0
2006,9,SEA,2006_09_OAK_SEA,1566.809,-59.5315
2006,9,DAL,2006_09_DAL_WAS,1555.146,-26.8394
2006,9,ATL,2006_09_ATL_DET,1540.5446,0.0
2006,9,LAR,2006_09_KC_LAR,1503.0556,0.0
2006,9,WAS,2006_09_DAL_WAS,1498.55,0.0
2006,9,MIA,2006_09_MIA_CHI,1497.3854,-5.8745
2006,9,MIN,2006_09_MIN_SF,1494.106,0.0
2006,9,GB,2006_09_GB_BUF,1492.8409,0.0
2006,9,NO,2006_09_NO_TB,1491.8269,0.0
2006,9,NYJ,2006_08_NYJ_CLE,1469.9913,0.0
2006,9,DET,2006_09_ATL_DET,1460.6325,0.0
2006,9,TB,2006_09_NO_TB,1439.2518,-18.8679
2006,9,OAK,2006_09_OAK_SEA,1433.681,-45.8701
2006,9,HOU,2006_09_HOU_NYG,1427.4971,0.0
2006,9,BUF,2006_09_GB_BUF,1422.0774,0.0
2006,9,CLE,2006_09_CLE_LAC,1421.2485,0.0
2006,9,ARI,2006_08_ARI_GB,1408.0507,-13.7551
2006,9,TEN,2006_09_TEN_JAX,1365.0533,49.5827
2006,9,SF,2006_09_MIN_SF,1335.275,0.0
2006,10,LAC,2006_10_LAC_CIN,1707.0055,0.0
2006,10,NE,2006_10_NYJ_NE,1677.8954,0.0
2006,10,IND,2006_10_BUF_IND,1668.3727,0.0
2006,10,KC,2006_10_KC_MIA,1663.1736,-42.2883
2006,10,DEN,2006_10_DEN_OAK,1631.8691,0.0
2006,10,JAX,2006_10_HOU_JAX,1619.1286,-6.3445
2006,10,CHI,2006_10_CHI_NYG,1614.2116,0.0
2006,10,NYG,2006_10_CHI_NYG,1609.2465,0.0
2006,10,PHI,2006_10_WAS_PHI,1605.2962,0.0
2006,10,BAL,2006_10_BAL_TEN,1581.7363,0.0
2006,10,PIT,2006_10_NO_PIT,1577.7245,17.4519
2006,10,SEA,2006_10_LAR_SEA,1573.0133,-49.021
2006,10,CIN,2006_10_LAC_CIN,1570.6126,0.0
2006,10,DAL,2006_10_DAL_ARI,1558.9492,-7.0772
2006,10,CAR,2006_10_TB_CAR,1547.4421,0.0
2006,10,NO,2006_10_NO_PIT,1520.0513,0.0
2006,10,ATL,2006_10_CLE_ATL,1519.26,0.0
2006,10,MIA,2006_10_KC_MIA,1517.1524,-4.5807
2006,10,WAS,2006_10_WAS_PHI,1500.5818,0.0
2006,10,LAR,2006_10_LAR_SEA,1495.5792,0.0
2006,10,DET,2006_10_SF_DET,1482.0364,0.0
2006,10,GB,2006_10_GB_MIN,1478.1309,0.0
2006,10,MIN,2006_10_GB_MIN,1476.1777,0.0
2006,10,NYJ,2006_10_NYJ_NE,1459.5867,0.0
2006,10,HOU,2006_10_HOU_JAX,1438.4097,0.0
2006,10,BUF,2006_10_BUF_IND,1431.3092,0.0
2006,10,CLE,2006_10_CLE_ATL,1423.4032,0.0
2006,10,OAK,2006_10_DEN_OAK,1418.8063,-68.0418
2006,10,TB,2006_10_TB_CAR,1415.1818,-13.9433
2006,10,ARI,2006_10_DAL_ARI,1400.0526,-34.9312
2006,10,SF,2006_10_SF_DET,1340.5921,0.0
2006,10,TEN,2006_10_BAL_TEN,1337.9723,32.9484
2006,11,LAC,2006_11_LAC_DEN,1722.4883,0.0
2006,11,IND,2006_11_IND_DAL,1668.6597,0.0
2006,11,NE,2006_11_NE_GB,1662.9578,0.0
2006,11,KC,2006_11_OAK_KC,1649.8829,0.0
2006,11,CHI,2006_11_CHI_NYJ,1638.712,0.0
2006,11,DEN,2006_11_LAC_DEN,1625.7781,0.0
2006,11,PHI,2006_11_TEN_PHI,1624.5811,0.0
2006,11,JAX,2006_11_NYG_JAX,1600.1115,-27.4924
2006,11,PIT,2006_11_PIT_CLE,1579.9304,29.8991
2006,11,NYG,2006_11_NYG_JAX,1579.211,0.0
2006,11,BAL,2006_11_ATL_BAL,1577.5685,0.0
2006,11,DAL,2006_11_IND_DAL,1571.3155,21.8818
2006,11,SEA,2006_11_SEA_SF,1570.7101,-45.7662
2006,11,CIN,2006_11_CIN_NO,1569.1239,0.0
2006,11,CAR,2006_11_LAR_CAR,1559.0605,0.0
2006,11,NO,2006_11_CIN_NO,1533.0477,0.0
2006,11,MIA,2006_11_MIN_MIA,1523.0065,-4.8261
2006,11,ATL,2006_11_ATL_BAL,1505.1251,0.0
2006,11,LAR,2006_11_LAR_CAR,1493.988,0.0
2006,11,GB,2006_11_NE_GB,1487.5662,0.0
2006,11,WAS,2006_11_WAS_TB,1481.5833,-4.3208
2006,11,NYJ,2006_11_CHI_NYJ,1473.6363,0.0
2006,11,DET,2006_11_DET_ARI,1470.0585,0.0
2006,11,MIN,2006_11_MIN_MIA,1466.5205,0.0
2006,11,HOU,2006_11_BUF_HOU,1450.6369,0.0
2006,11,BUF,2006_11_BUF_HOU,1430.291,0.0
2006,11,CLE,2006_11_PIT_CLE,1428.5311,0.0
2006,11,OAK,2006_11_OAK_KC,1416.1961,0.0
2006,11,TB,2006_11_WAS_TB,1402.3302,-19.2546
2006,11,ARI,2006_11_DET_ARI,1391.9103,-34.8386
2006,11,SF,2006_11_SEA_SF,1351.423,0.0
2006,11,TEN,2006_11_TEN_PHI,1344.9962,38.7929
2006,12,LAC,2006_12_OAK_LAC,1743.2325,0.0
2006,12,NE,2006_12_CHI_NE,1705.4579,0.0
2006,12,IND,2006_12_PHI_IND,1657.9842,0.0
2006,12,CHI,2006_12_CHI_NE,1649.4888,0.0
2006,12,KC,2006_12_DEN_KC,1648.3906,0.0
2006,12,JAX,2006_12_JAX_BUF,1616.7468,-16.1554
2006,12,DEN,2006_12_DEN_KC,1614.7562,0.0
2006,12,BAL,2006_12_PIT_BAL,1604.559,0.0
2006,12,PHI,2006_12_PHI_IND,1599.6344,-80.333
2006,12,DAL,2006_12_TB_DAL,1580.2632,27.7347
2006,12,PIT,2006_12_PIT_BAL,1579.6254,29.6963
2006,12,CIN,2006_12_CIN_CLE,1577.9716,0.0
2006,12,CAR,2006_12_CAR_WAS,1567.0976,0.0
2006,12,NYG,2006_12_NYG_TEN,1565.6306,0.0
2006,12,SEA,2006_12_GB_SEA,1554.2197,0.0
2006,12,NO,2006_12_NO_ATL,1520.4183,0.0
2006,12,MIA,2006_12_MIA_DET,1514.4566,1.4631
2006,12,ATL,2006_12_NO_ATL,1482.7062,0.0
2006,12,WAS,2006_12_CAR_WAS,1476.4696,-2.4477
2006,12,LAR,2006_12_SF_LAR,1473.8723,0.0
2006,12,MIN,2006_12_ARI_MIN,1468.9877,0.0
2006,12,NYJ,2006_12_HOU_NYJ,1460.174,0.0
2006,12,DET,2006_12_MIA_DET,1460.1718,0.0
2006,12,HOU,2006_12_HOU_NYJ,1454.8864,0.0
2006,12,GB,2006_12_GB_SEA,1438.2941,0.0
2006,12,BUF,2006_12_JAX_BUF,1432.2775,0.0
2006,12,CLE,2006_12_CIN_CLE,1431.6157,0.0
2006,12,OAK,2006_12_OAK_LAC,1422.0063,0.0
2006,12,TB,2006_12_TB_DAL,1411.26,-9.782
2006,12,ARI,2006_12_ARI_MIN,1404.7135,-21.3602
2006,12,TEN,2006_12_NYG_TEN,1368.9836,35.4833
2006,12,SF,2006_12_SF_LAR,1365.0466,0.0
2006,13,LAC,2006_13_LAC_BUF,1734.0732,0.0
2006,13,NE,2006_13_DET_NE,1707.0439,0.0
2006,13,IND,2006_13_IND_TEN,1665.6973,0.0
2006,13,KC,2006_13_KC_CLE,1659.9865,0.0
2006,13,CHI,2006_13_MIN_CHI,1656.0441,0.0
2006,13,BAL,2006_13_BAL_CIN,1629.2666,0.0
2006,13,JAX,2006_13_JAX_MIA,1620.0476,-10.84
2006,13,DAL,2006_13_DAL_NYG,1608.8993,57.4297
2006,13,CIN,2006_13_BAL_CIN,1608.8166,0.0
2006,13,DEN,2006_13_SEA_DEN,1607.643,18.0701
2006,13,PHI,2006_13_CAR_PHI,1591.1265,-68.2827
2006,13,CAR,2006_13_CAR_PHI,1554.6959,0.0
2006,13,NYG,2006_13_DAL_NYG,1553.4608,0.0
2006,13,SEA,2006_13_SEA_DEN,1549.1402,0.0
2006,13,NO,2006_13_SF_NO,1547.8651,0.0
2006,13,PIT,2006_13_TB_PIT,1547.64,-2.9849
2006,13,MIA,2006_13_JAX_MIA,1541.0322,10.9314
2006,13,WAS,2006_13_ATL_WAS,1480.9061,-5.7906
2006,13,MIN,2006_13_MIN_CHI,1470.435,0.0
2006,13,LAR,2006_13_ARI_LAR,1468.3613,0.0
2006,13,NYJ,2006_13_NYJ_GB,1467.1285,0.0
2006,13,ATL,2006_13_ATL_WAS,1459.7841,0.0
2006,13,HOU,2006_13_HOU_OAK,1450.5734,0.0
2006,13,GB,2006_13_NYJ_GB,1438.01,0.0
2006,13,BUF,2006_13_LAC_BUF,1434.8263,0.0
2006,13,DET,2006_13_DET_NE,1430.1412,0.0
2006,13,OAK,2006_13_HOU_OAK,1427.3086,0.0
2006,13,ARI,2006_13_ARI_LAR,1411.1609,-11.7754
2006,13,CLE,2006_13_KC_CLE,1397.9708,0.0
2006,13,TB,2006_13_TB_PIT,1396.1976,-17.486
2006,13,TEN,2006_13_IND_TEN,1381.7373,65.0064
2006,13,SF,2006_13_SF_NO,1367.6719,0.0
2006,14,LAC,2006_14_DEN_LAC,1728.8753,0.0
2006,14,NE,2006_14_NE_MIA,1707.6288,0.0
2006,14,IND,2006_14_IND_JAX,1658.8885,0.0
2006,14,KC,2006_14_BAL_KC,1654.5744,0.0
2006,14,CHI,2006_14_CHI_LAR,1641.802,0.0
2006,14,JAX,2006_14_IND_JAX,1640.8251,-0.033
2006,14,BAL,2006_14_BAL_KC,1626.7175,0.0
2006,14,CIN,2006_14_OAK_CIN,1614.353,0.0
2006,14,DAL,2006_14_NO_DAL,1614.2219,51.7126
2006,14,PHI,2006_14_PHI_WAS,1599.1771,-49.07
2006,14,DEN,2006_14_DEN_LAC,1593.4909,5.1095
2006,14,NO,2006_14_NO_DAL,1560.8942,0.0
2006,14,CAR,2006_14_NYG_CAR,1557.236,-31.6956
2006,14,NYG,2006_14_NYG_CAR,1556.1524,0.0
2006,14,SEA,2006_14_SEA_ARI,1547.5731,0.0
2006,14,PIT,2006_14_CLE_PIT,1545.2574,-5.1239
2006,14,MIA,2006_14_NE_MIA,1524.0291,6.9341
2006,14,NYJ,2006_14_BUF_NYJ,1506.2265,0.0
2006,14,ATL,2006_14_ATL_TB,1473.1936,0.0
2006,14,WAS,2006_14_PHI_WAS,1465.3354,-14.3224
2006,14,MIN,2006_14_MIN_DET,1464.0476,0.0
2006,14,HOU,2006_14_TEN_HOU,1449.3228,0.0
2006,14,LAR,2006_14_CHI_LAR,1441.9776,0.0
2006,14,BUF,2006_14_BUF_NYJ,1436.8341,0.0
2006,14,DET,2006_14_MIN_DET,1434.1903,0.0
2006,14,ARI,2006_14_SEA_ARI,1432.7937,-6.9691
2006,14,CLE,2006_14_CLE_PIT,1421.9667,-15.9717
2006,14,OAK,2006_14_OAK_CIN,1416.089,0.0
2006,14,GB,2006_14_GB_SF,1403.4556,0.0
2006,14,TEN,2006_14_TEN_HOU,1395.6131,74.5132
2006,14,TB,2006_14_ATL_TB,1386.7823,-34.5348
2006,14,SF,2006_14_GB_SF,1350.2895,0.0
2006,15,LAC,2006_15_KC_LAC,1755.0577,0.0
2006,15,NE,2006_15_HOU_NE,1677.7477,0.0
2006,15,JAX,2006_15_JAX_TEN,1666.3733,-15.3233
2006,15,CHI,2006_15_TB_CHI,1665.1939,0.0
2006,15,BAL,2006_15_CLE_BAL,1647.3286,0.0
2006,15,KC,2006_15_KC_LAC,1639.4693,0.0
2006,15,IND,2006_15_CIN_IND,1638.3887,0.0
2006,15,CIN,2006_15_CIN_IND,1635.5831,0.0
2006,15,NO,2006_15_WAS_NO,1614.736,0.0
2006,15,PHI,2006_15_PHI_NYG,1599.9594,-44.0074
2006,15,DAL,2006_15_DAL_ATL,1573.9805,40.6055
2006,15,DEN,2006_15_DEN_ARI,1573.526,4.4596
2006,15,NYG,2006_15_PHI_NYG,1565.5914,0.0
2006,15,PIT,2006_15_PIT_CAR,1563.2651,9.4851
2006,15,MIA,2006_15_MIA_BUF,1552.9435,14.0069
2006,15,CAR,2006_15_PIT_CAR,1547.8939,-27.2239
2006,15,SEA,2006_15_SF_SEA,1542.5203,0.0
2006,15,ATL,2006_15_DAL_ATL,1477.1805,0.0
2006,15,NYJ,2006_15_NYJ_MIN,1474.1609,0.0
2006,15,WAS,2006_15_WAS_NO,1469.1295,-17.3146
2006,15,MIN,2006_15_NYJ_MIN,1467.7477,0.0
2006,15,BUF,2006_15_MIA_BUF,1464.8131,0.0
2006,15,ARI,2006_15_DEN_ARI,1441.423,1.6964
2006,15,HOU,2006_15_HOU_NE,1440.8833,0.0
2006,15,LAR,2006_15_LAR_OAK,1430.7164,0.0
2006,15,DET,2006_15_DET_GB,1423.8003,0.0
2006,15,GB,2006_15_DET_GB,1416.8935,0.0
2006,15,CLE,2006_15_CLE_BAL,1414.7513,-0.3812
2006,15,TEN,2006_15_JAX_TEN,1407.9292,87.5576
2006,15,OAK,2006_15_LAR_OAK,1400.4682,0.0
2006,15,TB,2006_15_TB_CHI,1375.2223,-32.6574
2006,15,SF,2006_15_SF_SEA,1337.7021,0.0
2006,16,LAC,2006_16_LAC_SEA,1757.9126,0.0
2006,16,NE,2006_16_NE_JAX,1697.4202,0.0
2006,16,BAL,2006_16_BAL_PIT,1656.9711,0.0
2006,16,CHI,2006_16_CHI_DET,1654.7987,0.0
2006,16,JAX,2006_16_NE_JAX,1653.501,-24.8022
2006,16,IND,2006_16_IND_HOU,1652.97,0.0
2006,16,KC,2006_16_KC_OAK,1630.767,0.0
2006,16,CIN,2006_16_CIN_DEN,1623.8744,0.0
2006,16,PHI,2006_16_PHI_DAL,1613.3361,-43.7378
2006,16,PIT,2006_16_BAL_PIT,1597.5654,11.6666
2006,16,NO,2006_16_NO_NYG,1593.8891,0.0
2006,16,DEN,2006_16_CIN_DEN,1592.6668,15.1045
2006,16,DAL,2006_16_PHI_DAL,1589.6952,49.3867
2006,16,NYG,2006_16_NO_NYG,1547.1613,0.0
2006,16,MIA,2006_16_NYJ_MIA,1515.1137,-11.7791
2006,16,SEA,2006_16_LAC_SEA,1512.7909,0.0
2006,16,CAR,2006_16_CAR_ATL,1507.6984,-38.0549
2006,16,BUF,2006_16_TEN_BUF,1500.0205,0.0
2006,16,WAS,2006_16_WAS_LAR,1489.1623,-17.4868
2006,16,NYJ,2006_16_NYJ_MIA,1486.0321,0.0
2006,16,ATL,2006_16_CAR_ATL,1468.2127,0.0
2006,16,MIN,2006_16_MIN_GB,1451.2751,11.6373
2006,16,LAR,2006_16_WAS_LAR,1440.0219,0.0
2006,16,ARI,2006_16_ARI_SF,1423.7872,-10.6672
2006,16,GB,2006_16_MIN_GB,1423.4828,0.0
2006,16,TEN,2006_16_TEN_BUF,1416.63,72.0372
2006,16,HOU,2006_16_IND_HOU,1411.9703,0.0
2006,16,CLE,2006_16_TB_CLE,1406.692,3.8837
2006,16,DET,2006_16_CHI_DET,1401.6684,0.0
2006,16,TB,2006_16_TB_CLE,1389.27,-0.8507
2006,16,OAK,2006_16_KC_OAK,1380.8821,-40.5515
2006,16,SF,2006_16_ARI_SF,1369.2658,0.0
2006,17,LAC,2006_17_ARI_LAC,1752.5017,0.0
2006,17,NE,2006_17_NE_TEN,1705.3123,0.0
2006,17,BAL,2006_17_BUF_BAL,1690.6239,0.0
2006,17,CHI,2006_17_GB_CHI,1656.1838,0.0
2006,17,IND,2006_17_MIA_IND,1648.1307,0.0
2006,17,JAX,2006_17_JAX_KC,1646.7752,-9.9636
2006,17,PHI,2006_17_ATL_PHI,1636.979,-41.0938
2006,17,KC,2006_17_JAX_KC,1630.334,0.0
2006,17,CIN,2006_17_PIT_CIN,1628.6676,0.0
2006,17,NO,2006_17_CAR_NO,1612.3132,0.0
2006,17,DEN,2006_17_SF_DEN,1584.6571,5.4174
2006,17,DAL,2006_17_DET_DAL,1568.3449,39.3789
2006,17,PIT,2006_17_PIT_CIN,1568.1857,-1.6274
2006,17,NYG,2006_17_NYG_WAS,1522.5867,0.0
2006,17,SEA,2006_17_SEA_TB,1516.9321,0.0
2006,17,MIA,2006_17_MIA_IND,1513.9434,-80.3973
2006,17,CAR,2006_17_CAR_NO,1513.1044,0.0
2006,17,BUF,2006_17_BUF_BAL,1500.9983,0.0
2006,17,NYJ,2006_17_OAK_NYJ,1483.9166,0.0
2006,17,WAS,2006_17_NYG_WAS,1482.5015,-13.7602
2006,17,ATL,2006_17_ATL_PHI,1456.2748,0.0
2006,17,LAR,2006_17_LAR_MIN,1454.05,0.0
2006,17,ARI,2006_17_ARI_LAC,1437.616,0.0
2006,17,MIN,2006_17_LAR_MIN,1436.8524,-4.7947
2006,17,TEN,2006_17_NE_TEN,1431.1197,94.1073
2006,17,HOU,2006_17_CLE_HOU,1425.735,0.0
2006,17,GB,2006_17_GB_CHI,1422.1725,0.0
2006,17,TB,2006_17_SEA_TB,1406.7186,-4.7457
2006,17,DET,2006_17_DET_DAL,1402.9622,0.0
2006,17,CLE,2006_17_CLE_HOU,1381.2492,0.0
2006,17,OAK,2006_17_OAK_NYJ,1374.5953,0.0
2006,17,SF,2006_17_SF_DEN,1364.3693,0.0
2007,1,NE,2007_01_NE_NYJ,1643.2877,0.0
2007,1,LAC,2007_01_CHI_LAC,1640.2653,0.0
2007,1,IND,2007_01_NO_IND,1620.3407,0.0
2007,1,BAL,2007_01_BAL_CIN,1610.8688,0.0
2007,1,PHI,2007_01_PHI_GB,1602.8838,0.0
2007,1,CIN,2007_01_BAL_CIN,1590.8899,0.0
2007,1,JAX,2007_01_TEN_JAX,1587.2913,0.0
2007,1,NO,2007_01_NO_IND,1580.1224,0.0
2007,1,KC,2007_01_KC_HOU,1575.548,0.0
2007,1,CHI,2007_01_CHI_LAC,1562.8861,0.0
2007,1,DEN,2007_01_DEN_BUF,1543.5994,0.0
2007,1,PIT,2007_01_PIT_CLE,1534.5537,0.0
2007,1,DAL,2007_01_NYG_DAL,1527.4216,0.0
2007,1,CAR,2007_01_CAR_LAR,1524.7099,0.0
2007,1,NYG,2007_01_NYG_DAL,1523.2054,0.0
2007,1,SEA,2007_01_TB_SEA,1515.9978,0.0
2007,1,LAR,2007_01_CAR_LAR,1514.0789,0.0
2007,1,NYJ,2007_01_NE_NYJ,1511.2422,0.0
2007,1,MIA,2007_01_MIA_WAS,1507.812,0.0
2007,1,BUF,2007_01_DEN_BUF,1502.9743,0.0
2007,1,WAS,2007_01_MIA_WAS,1500.5465,0.0
2007,1,TEN,2007_01_TEN_JAX,1476.6346,0.0
2007,1,DET,2007_01_DET_OAK,1471.1321,0.0
2007,1,ATL,2007_01_ATL_MIN,1470.1736,0.0
2007,1,GB,2007_01_PHI_GB,1469.025,0.0
2007,1,ARI,2007_01_ARI_SF,1468.2819,0.0
2007,1,TB,2007_01_TB_SEA,1460.5104,0.0
2007,1,HOU,2007_01_KC_HOU,1460.4112,0.0
2007,1,MIN,2007_01_ATL_MIN,1445.5126,0.0
2007,1,OAK,2007_01_DET_OAK,1440.4018,0.0
2007,1,SF,2007_01_ARI_SF,1428.0905,0.0
2007,1,CLE,2007_01_PIT_CLE,1427.8457,0.0
2007,2,NE,2007_02_LAC_NE,1675.2184,0.0
2007,2,IND,2007_02_IND_TEN,1654.5486,0.0
2007,2,LAC,2007_02_LAC_NE,1649.9341,0.0
2007,2,BAL,2007_02_NYJ_BAL,1609.1517,-44.9366
2007,2,PHI,2007_02_WAS_PHI,1595.7419,0.0
2007,2,JAX,2007_02_ATL_JAX,1581.5613,0.0
2007,2,CIN,2007_02_CIN_CLE,1579.5502,0.0
2007,2,PIT,2007_02_BUF_PIT,1557.4325,0.0
2007,2,KC,2007_02_KC_CHI,1552.3032,0.0
2007,2,CHI,2007_02_KC_CHI,1550.0173,0.0
2007,2,DEN,2007_02_OAK_DEN,1546.9807,0.0
2007,2,CAR,2007_02_HOU_CAR,1546.2428,0.0
2007,2,DAL,2007_02_DAL_MIA,1545.7862,0.0
2007,2,NO,2007_02_NO_TB,1538.9935,0.0
2007,2,SEA,2007_02_SEA_ARI,1525.0337,0.0
2007,2,NYG,2007_02_GB_NYG,1520.0116,0.0
2007,2,MIA,2007_02_DAL_MIA,1508.3,0.0
2007,2,WAS,2007_02_WAS_PHI,1499.6096,0.0
2007,2,BUF,2007_02_BUF_PIT,1499.4673,0.0
2007,2,LAR,2007_02_SF_LAR,1494.0,0.0
2007,2,DET,2007_02_MIN_DET,1493.1497,0.0
2007,2,NYJ,2007_02_NYJ_BAL,1490.3128,-22.7284
2007,2,TEN,2007_02_IND_TEN,1482.0353,0.0
2007,2,HOU,2007_02_HOU_CAR,1480.288,0.0
2007,2,GB,2007_02_GB_NYG,1470.1609,0.0
2007,2,ARI,2007_02_SEA_ARI,1464.9679,0.0
2007,2,MIN,2007_02_MIN_DET,1462.783,0.0
2007,2,TB,2007_02_NO_TB,1453.5586,0.0
2007,2,ATL,2007_02_ATL_JAX,1448.0343,0.0
2007,2,SF,2007_02_SF_LAR,1428.6241,0.0
2007,2,OAK,2007_02_OAK_DEN,1427.7735,0.0
2007,2,CLE,2007_02_CIN_CLE,1400.6436,-58.0706
2007,3,NE,2007_03_BUF_NE,1707.9232,0.0
2007,3,IND,2007_03_IND_HOU,1653.1422,0.0
2007,3,LAC,2007_03_LAC_GB,1624.7525,0.0
2007,3,BAL,2007_03_ARI_BAL,1616.0983,0.0
2007,3,PIT,2007_03_SF_PIT,1592.2471,0.0
2007,3,JAX,2007_03_JAX_DEN,1580.1521,0.0
2007,3,PHI,2007_03_DET_PHI,1575.3568,0.0
2007,3,CIN,2007_03_CIN_SEA,1569.5976,0.0
2007,3,DAL,2007_03_DAL_CHI,1563.467,0.0
2007,3,CHI,2007_03_DAL_CHI,1552.1367,0.0
2007,3,DEN,2007_03_JAX_DEN,1544.7048,0.0
2007,3,KC,2007_03_MIN_KC,1538.7411,0.0
2007,3,CAR,2007_03_CAR_ATL,1530.1563,0.0
2007,3,SEA,2007_03_CIN_SEA,1526.7459,0.0
2007,3,NO,2007_03_TEN_NO,1522.5446,0.0
2007,3,WAS,2007_03_NYG_WAS,1521.8503,0.0
2007,3,GB,2007_03_LAC_GB,1501.005,0.0
2007,3,HOU,2007_03_IND_HOU,1499.7406,0.0
2007,3,NYG,2007_03_NYG_WAS,1495.9716,0.0
2007,3,MIA,2007_03_MIA_NYJ,1494.8478,0.0
2007,3,DET,2007_03_DET_PHI,1492.9616,0.0
2007,3,LAR,2007_03_LAR_TB,1490.9703,0.0
2007,3,TEN,2007_03_TEN_NO,1487.0144,0.0
2007,3,NYJ,2007_03_MIA_NYJ,1486.5187,0.0
2007,3,TB,2007_03_LAR_TB,1473.6493,0.0
2007,3,BUF,2007_03_BUF_NE,1469.8824,0.0
2007,3,ARI,2007_03_ARI_BAL,1467.6948,0.0
2007,3,MIN,2007_03_MIN_KC,1461.8609,25.4025
2007,3,ATL,2007_03_CAR_ATL,1451.0226,0.0
2007,3,SF,2007_03_SF_PIT,1428.9885,0.0
2007,3,OAK,2007_03_CLE_OAK,1427.9083,0.0
2007,3,CLE,2007_03_CLE_OAK,1425.3861,-24.2562
2007,4,NE,2007_04_NE_CIN,1727.8533,0.0
2007,4,IND,2007_04_DEN_IND,1661.6375,0.0
2007,4,LAC,2007_04_KC_LAC,1621.8489,0.0
2007,4,PHI,2007_04_PHI_NYG,1615.9388,0.0
2007,4,PIT,2007_04_PIT_ARI,1613.3713,0.0
2007,4,BAL,2007_04_BAL_CLE,1612.8699,0.0
2007,4,DAL,2007_04_LAR_DAL,1594.7138,0.0
2007,4,JAX,2007_03_JAX_DEN,1580.1521,0.0
2007,4,CIN,2007_04_NE_CIN,1570.1971,0.0
2007,4,CAR,2007_04_TB_CAR,1542.8398,-71.4389
2007,4,DEN,2007_04_DEN_IND,1530.4274,0.0
2007,4,SEA,2007_04_SEA_SF,1530.1397,0.0
2007,4,KC,2007_04_KC_LAC,1524.4052,0.0
2007,4,NO,2007_03_TEN_NO,1522.5446,0.0
2007,4,WAS,2007_03_NYG_WAS,1521.8503,0.0
2007,4,CHI,2007_04_CHI_DET,1518.615,54.9459
2007,4,GB,2007_04_GB_MIN,1514.7192,0.0
2007,4,NYG,2007_04_PHI_NYG,1513.8737,0.0
2007,4,MIA,2007_04_OAK_MIA,1511.6291,0.0
2007,4,TB,2007_04_TB_CAR,1506.1679,0.0
2007,4,HOU,2007_04_HOU_ATL,1496.5654,0.0
2007,4,TEN,2007_03_TEN_NO,1487.0144,0.0
2007,4,NYJ,2007_04_NYJ_BUF,1486.6702,0.0
2007,4,ARI,2007_04_PIT_ARI,1474.5984,0.0
2007,4,MIN,2007_04_GB_MIN,1469.8795,11.1506
2007,4,DET,2007_04_CHI_DET,1460.0258,0.0
2007,4,LAR,2007_04_LAR_DAL,1455.7463,0.0
2007,4,BUF,2007_04_NYJ_BUF,1451.7767,-1.5341
2007,4,ATL,2007_04_HOU_ATL,1445.9187,0.0
2007,4,OAK,2007_04_OAK_MIA,1436.2645,-9.1246
2007,4,CLE,2007_04_BAL_CLE,1426.8816,-17.4514
2007,4,SF,2007_04_SEA_SF,1414.6237,0.0
2007,5,NE,2007_05_CLE_NE,1761.6062,0.0
2007,5,IND,2007_05_TB_IND,1674.8688,0.0
2007,5,DAL,2007_05_DAL_BUF,1627.5276,0.0
2007,5,PHI,2007_04_PHI_NYG,1615.9388,0.0
2007,5,JAX,2007_05_JAX_KC,1599.0634,0.0
2007,5,LAC,2007_05_LAC_DEN,1598.8639,0.0
2007,5,BAL,2007_05_BAL_SF,1597.452,0.0
2007,5,PIT,2007_05_SEA_PIT,1594.799,0.0
2007,5,CIN,2007_04_NE_CIN,1570.1971,0.0
2007,5,SEA,2007_05_SEA_PIT,1545.2997,0.0
2007,5,KC,2007_05_JAX_KC,1538.9459,0.0
2007,5,CAR,2007_05_CAR_NO,1526.3993,-80.1759
2007,5,DEN,2007_05_LAC_DEN,1525.0425,0.0
2007,5,GB,2007_05_CHI_GB,1523.8987,0.0
2007,5,TB,2007_05_TB_IND,1522.4595,0.0
2007,5,NYG,2007_05_NYJ_NYG,1517.0429,0.0
2007,5,TEN,2007_05_ATL_TEN,1506.3021,0.0
2007,5,CHI,2007_05_CHI_GB,1504.2681,44.3194
2007,5,WAS,2007_05_DET_WAS,1503.8758,0.0
2007,5,MIA,2007_05_MIA_HOU,1497.9707,0.0
2007,5,ARI,2007_05_ARI_LAR,1494.802,0.0
2007,5,HOU,2007_05_MIA_HOU,1494.0116,0.0
2007,5,NO,2007_05_CAR_NO,1492.1388,0.0
2007,5,NYJ,2007_05_NYJ_NYG,1482.1255,0.0
2007,5,DET,2007_05_DET_WAS,1472.8104,0.0
2007,5,MIN,2007_04_GB_MIN,1469.8795,11.1506
2007,5,BUF,2007_05_DAL_BUF,1460.6298,4.6507
2007,5,ATL,2007_05_ATL_TEN,1453.2387,0.0
2007,5,CLE,2007_05_CLE_NE,1446.4157,-4.9592
2007,5,OAK,2007_04_OAK_MIA,1436.2645,-9.1246
2007,5,LAR,2007_05_ARI_LAR,1424.5182,-32.7096
2007,5,SF,2007_05_BAL_SF,1387.0365,10.7565
2007,6,NE,2007_06_NE_DAL,1756.1003,0.0
2007,6,IND,2007_05_TB_IND,1674.8688,0.0
2007,6,LAC,2007_06_OAK_LAC,1632.5332,0.0
2007,6,DAL,2007_06_NE_DAL,1629.268,0.0
2007,6,JAX,2007_06_HOU_JAX,1613.6376,0.0
2007,6,PHI,2007_06_PHI_NYJ,1598.297,0.0
2007,6,BAL,2007_06_LAR_BAL,1595.3009,-35.3189
2007,6,PIT,2007_05_SEA_PIT,1594.799,0.0
2007,6,CIN,2007_06_CIN_KC,1543.2515,0.0
2007,6,NYG,2007_06_NYG_ATL,1537.4299,0.0
2007,6,WAS,2007_06_WAS_GB,1533.4609,0.0
2007,6,KC,2007_06_CIN_KC,1528.3348,0.0
2007,6,CAR,2007_06_CAR_ARI,1525.7375,-92.8082
2007,6,SEA,2007_06_NO_SEA,1525.1134,0.0
2007,6,DEN,2007_05_LAC_DEN,1525.0425,0.0
2007,6,GB,2007_06_WAS_GB,1524.4234,0.0
2007,6,TB,2007_06_TEN_TB,1518.9393,0.0
2007,6,CHI,2007_06_MIN_CHI,1511.2401,48.2287
2007,6,MIA,2007_06_MIA_CLE,1504.3376,-57.8863
2007,6,TEN,2007_06_TEN_TB,1501.3474,0.0
2007,6,ARI,2007_06_CAR_ARI,1497.733,26.8142
2007,6,HOU,2007_06_HOU_JAX,1492.8365,0.0
2007,6,NO,2007_06_NO_SEA,1487.8315,0.0
2007,6,DET,2007_05_DET_WAS,1472.8104,0.0
2007,6,MIN,2007_06_MIN_CHI,1468.139,0.0
2007,6,NYJ,2007_06_PHI_NYJ,1461.5871,0.0
2007,6,BUF,2007_05_DAL_BUF,1460.6298,4.6507
2007,6,OAK,2007_06_OAK_LAC,1458.4331,8.0455
2007,6,CLE,2007_06_MIA_CLE,1451.7604,-8.4577
2007,6,ATL,2007_06_NYG_ATL,1445.8422,0.0
2007,6,LAR,2007_06_LAR_BAL,1416.5931,-34.4471
2007,6,SF,2007_05_BAL_SF,1387.0365,10.7565
2007,7,NE,2007_07_NE_MIA,1775.2375,0.0
2007,7,IND,2007_07_IND_JAX,1685.0011,0.0
2007,7,JAX,2007_07_IND_JAX,1639.6131,0.0
2007,7,LAC,2007_06_OAK_LAC,1632.5332,0.0
2007,7,PIT,2007_07_PIT_DEN,1616.2536,0.0
2007,7,DAL,2007_07_MIN_DAL,1615.517,0.0
2007,7,PHI,2007_07_CHI_PHI,1600.9,0.0
2007,7,BAL,2007_07_BAL_BUF,1599.7061,-42.2514
2007,7,NYG,2007_07_SF_NYG,1565.3959,0.0
2007,7,KC,2007_07_KC_OAK,1536.6578,0.0
2007,7,CIN,2007_07_NYJ_CIN,1532.9954,0.0
2007,7,WAS,2007_07_ARI_WAS,1532.1775,0.0
2007,7,CAR,2007_06_CAR_ARI,1525.7375,-92.8082
2007,7,GB,2007_06_WAS_GB,1524.4234,0.0
2007,7,TB,2007_07_TB_DET,1522.5354,0.0
2007,7,CHI,2007_07_CHI_PHI,1515.476,61.193
2007,7,SEA,2007_07_LAR_SEA,1513.1408,0.0
2007,7,TEN,2007_07_TEN_HOU,1505.0742,-61.8238
2007,7,NO,2007_07_ATL_NO,1504.3155,0.0
2007,7,MIA,2007_07_NE_MIA,1499.1662,-42.0983
2007,7,DEN,2007_07_PIT_DEN,1487.1249,0.0
2007,7,HOU,2007_07_TEN_HOU,1476.8756,0.0
2007,7,MIN,2007_07_MIN_DAL,1472.9765,0.0
2007,7,ARI,2007_07_ARI_WAS,1469.1953,11.593
2007,7,BUF,2007_07_BAL_BUF,1455.029,2.8505
2007,7,NYJ,2007_07_NYJ_CIN,1452.2264,0.0
2007,7,CLE,2007_06_MIA_CLE,1451.7604,-8.4577
2007,7,DET,2007_07_TB_DET,1442.9942,0.0
2007,7,OAK,2007_07_KC_OAK,1441.5587,-5.3075
2007,7,ATL,2007_07_ATL_NO,1414.6524,18.9651
2007,7,LAR,2007_07_LAR_SEA,1399.2847,0.0
2007,7,SF,2007_07_SF_NYG,1388.4444,7.9603
2007,8,NE,2007_08_WAS_NE,1793.1792,0.0
2007,8,IND,2007_08_IND_CAR,1707.3708,0.0
2007,8,LAC,2007_08_HOU_LAC,1647.8832,0.0
2007,8,PIT,2007_08_PIT_CIN,1618.3768,0.0
2007,8,JAX,2007_08_JAX_TB,1616.4585,-124.1592
2007,8,DAL,2007_07_MIN_DAL,1615.517,0.0
2007,8,BAL,2007_07_BAL_BUF,1599.7061,-42.2514
2007,8,PHI,2007_08_PHI_MIN,1592.0275,0.0
2007,8,NYG,2007_08_NYG_MIA,1572.2405,0.0
2007,8,CAR,2007_08_IND_CAR,1549.6989,-85.8193
2007,8,KC,2007_07_KC_OAK,1536.6578,0.0
2007,8,CIN,2007_08_PIT_CIN,1532.0144,0.0
2007,8,CHI,2007_08_DET_CHI,1531.5729,77.9362
2007,8,TB,2007_08_JAX_TB,1530.0025,0.0
2007,8,WAS,2007_08_WAS_NE,1527.429,0.0
2007,8,GB,2007_08_GB_DEN,1516.2524,0.0
2007,8,SEA,2007_07_LAR_SEA,1513.1408,0.0
2007,8,TEN,2007_08_OAK_TEN,1509.3872,0.0
2007,8,NO,2007_08_NO_SF,1503.3871,0.0
2007,8,DEN,2007_08_GB_DEN,1498.9188,0.0
2007,8,MIA,2007_08_NYG_MIA,1497.5496,-29.3704
2007,8,CLE,2007_08_CLE_LAR,1475.8976,19.3276
2007,8,HOU,2007_08_HOU_LAC,1474.5547,0.0
2007,8,MIN,2007_08_PHI_MIN,1469.5244,20.6821
2007,8,ARI,2007_07_ARI_WAS,1469.1953,11.593
2007,8,BUF,2007_08_BUF_NYJ,1457.6197,-2.4768
2007,8,NYJ,2007_08_BUF_NYJ,1457.1718,0.0
2007,8,DET,2007_08_DET_CHI,1445.8085,0.0
2007,8,OAK,2007_08_OAK_TEN,1427.3252,-3.552
2007,8,ATL,2007_07_ATL_NO,1414.6524,18.9651
2007,8,SF,2007_08_NO_SF,1379.6573,0.0
2007,8,LAR,2007_08_CLE_LAR,1376.6076,0.0
2007,9,NE,2007_09_NE_IND,1840.7777,0.0
2007,9,IND,2007_09_NE_IND,1726.8679,0.0
2007,9,LAC,2007_09_LAC_MIN,1662.3079,0.0
2007,9,PIT,2007_09_BAL_PIT,1634.2136,0.0
2007,9,JAX,2007_09_JAX_NO,1623.5661,-123.2731
2007,9,DAL,2007_09_DAL_PHI,1616.5499,0.0
2007,9,PHI,2007_09_DAL_PHI,1598.9899,0.0
2007,9,BAL,2007_09_BAL_PIT,1596.0781,0.0
2007,9,NYG,2007_08_NYG_MIA,1572.2405,0.0
2007,9,KC,2007_09_GB_KC,1548.3136,0.0
2007,9,CAR,2007_09_CAR_TEN,1535.1122,-83.825
2007,9,CHI,2007_08_DET_CHI,1531.5729,77.9362
2007,9,GB,2007_09_GB_KC,1530.7041,0.0
2007,9,CIN,2007_09_CIN_BUF,1528.1174,0.0
2007,9,SEA,2007_09_SEA_CLE,1526.8263,0.0
2007,9,NO,2007_09_JAX_NO,1526.7024,0.0
2007,9,TB,2007_09_ARI_TB,1522.7102,0.0
2007,9,TEN,2007_09_CAR_TEN,1513.0386,0.0
2007,9,MIA,2007_08_NYG_MIA,1497.5496,-29.3704
2007,9,CLE,2007_09_SEA_CLE,1495.8649,36.3934
2007,9,DEN,2007_09_DEN_DET,1492.5483,0.0
2007,9,WAS,2007_09_WAS_NYJ,1488.5987,0.0
2007,9,BUF,2007_09_CIN_BUF,1469.3608,0.0
2007,9,DET,2007_09_DEN_DET,1467.4805,0.0
2007,9,ARI,2007_09_ARI_TB,1465.6051,20.0127
2007,9,MIN,2007_09_LAC_MIN,1464.9324,0.0
2007,9,HOU,2007_09_HOU_OAK,1462.3202,-59.9054
2007,9,NYJ,2007_09_WAS_NYJ,1441.3927,-29.3604
2007,9,OAK,2007_09_HOU_OAK,1422.4347,0.0
2007,9,ATL,2007_09_SF_ATL,1413.4388,0.0
2007,9,LAR,2007_08_CLE_LAR,1376.6076,0.0
2007,9,SF,2007_09_SF_ATL,1362.6763,0.0
2007,10,NE,2007_09_NE_IND,1840.7777,0.0
2007,10,IND,2007_10_IND_LAC,1722.9373,0.0
2007,10,PIT,2007_10_CLE_PIT,1665.3971,0.0
2007,10,DAL,2007_10_DAL_NYG,1648.4632,0.0
2007,10,LAC,2007_10_IND_LAC,1635.3593,0.0
2007,10,JAX,2007_10_JAX_TEN,1610.8541,-112.6532
2007,10,PHI,2007_10_PHI_WAS,1575.0579,0.0
2007,10,NYG,2007_10_DAL_NYG,1570.5977,0.0
2007,10,BAL,2007_10_CIN_BAL,1560.9906,0.0
2007,10,GB,2007_10_MIN_GB,1551.6059,0.0
2007,10,NO,2007_10_LAR_NO,1549.3965,0.0
2007,10,KC,2007_10_DEN_KC,1532.712,0.0
2007,10,SEA,2007_10_SF_SEA,1530.3165,0.0
2007,10,TEN,2007_10_JAX_TEN,1526.4479,0.0
2007,10,TB,2007_09_ARI_TB,1522.7102,0.0
2007,10,CAR,2007_10_ATL_CAR,1517.8637,-90.3453
2007,10,CIN,2007_10_CIN_BAL,1515.3292,0.0
2007,10,CHI,2007_10_CHI_OAK,1505.3267,54.5864
2007,10,CLE,2007_10_CLE_PIT,1499.5186,50.425
2007,10,DET,2007_10_DET_ARI,1499.1501,0.0
2007,10,MIA,2007_10_BUF_MIA,1498.356,-22.7753
2007,10,MIN,2007_10_MIN_GB,1496.5318,-23.5498
2007,10,BUF,2007_10_BUF_MIA,1489.5792,0.0
2007,10,WAS,2007_10_PHI_WAS,1488.1054,0.0
2007,10,DEN,2007_10_DEN_KC,1462.399,0.0
2007,10,HOU,2007_09_HOU_OAK,1462.3202,-59.9054
2007,10,ARI,2007_10_DET_ARI,1454.9788,2.5122
2007,10,NYJ,2007_09_WAS_NYJ,1441.3927,-29.3604
2007,10,ATL,2007_10_ATL_CAR,1406.7606,0.0
2007,10,OAK,2007_10_CHI_OAK,1406.3742,0.0
2007,10,LAR,2007_10_LAR_NO,1361.1486,0.0
2007,10,SF,2007_10_SF_SEA,1359.7495,0.0
2007,11,NE,2007_11_NE_BUF,1844.9347,0.0
2007,11,IND,2007_11_KC_IND,1717.8036,0.0
2007,11,DAL,2007_11_WAS_DAL,1666.2311,0.0
2007,11,PIT,2007_11_PIT_NYJ,1661.6124,0.0
2007,11,LAC,2007_11_LAC_JAX,1632.9711,0.0
2007,11,JAX,2007_11_LAC_JAX,1629.753,0.0
2007,11,GB,2007_11_CAR_GB,1591.4342,0.0
2007,11,PHI,2007_11_MIA_PHI,1588.28,0.0
2007,11,NYG,2007_11_NYG_DET,1562.5829,0.0
2007,11,SEA,2007_11_CHI_SEA,1551.2105,0.0
2007,11,BAL,2007_11_CLE_BAL,1538.1816,-16.9795
2007,11,TB,2007_11_TB_ATL,1534.9163,0.0
2007,11,NO,2007_11_NO_HOU,1530.7366,0.0
2007,11,CIN,2007_11_ARI_CIN,1528.6302,0.0
2007,11,CLE,2007_11_CLE_BAL,1513.724,54.2606
2007,11,CHI,2007_11_CHI_SEA,1512.8016,0.0
2007,11,TEN,2007_11_TEN_DEN,1511.1233,0.0
2007,11,KC,2007_11_KC_IND,1509.259,5.24
2007,11,CAR,2007_11_CAR_GB,1500.7902,-94.5684
2007,11,MIA,2007_11_MIA_PHI,1499.7635,33.3654
2007,11,DET,2007_11_NYG_DET,1491.837,0.0
2007,11,BUF,2007_11_NE_BUF,1487.6401,0.0
2007,11,WAS,2007_11_WAS_DAL,1486.1963,0.0
2007,11,DEN,2007_11_TEN_DEN,1481.2323,0.0
2007,11,HOU,2007_11_NO_HOU,1477.1677,0.0
2007,11,MIN,2007_11_OAK_MIN,1467.3032,0.0
2007,11,ARI,2007_11_ARI_CIN,1460.731,14.8358
2007,11,NYJ,2007_11_PIT_NYJ,1446.2472,-23.5538
2007,11,ATL,2007_11_TB_ATL,1421.2176,42.622
2007,11,OAK,2007_11_OAK_MIN,1391.5069,-6.7074
2007,11,LAR,2007_11_LAR_SF,1387.9546,0.0
2007,11,SF,2007_11_LAR_SF,1334.8116,28.6699
2007,12,NE,2007_12_PHI_NE,1893.3712,0.0
2007,12,IND,2007_12_IND_ATL,1705.2978,0.0
2007,12,DAL,2007_12_NYJ_DAL,1668.9145,0.0
2007,12,PIT,2007_12_MIA_PIT,1649.2083,0.0
2007,12,JAX,2007_12_BUF_JAX,1638.7991,0.0
2007,12,LAC,2007_12_BAL_LAC,1630.7629,0.0
2007,12,GB,2007_12_GB_DET,1594.8412,0.0
2007,12,PHI,2007_12_PHI_NE,1594.1585,-92.9237
2007,12,NYG,2007_12_MIN_NYG,1569.8386,0.0
2007,12,TB,2007_12_WAS_TB,1565.0757,0.0
2007,12,SEA,2007_12_SEA_LAR,1556.0982,0.0
2007,12,BAL,2007_12_BAL_LAC,1530.2618,-32.8964
2007,12,CLE,2007_12_HOU_CLE,1520.7846,60.3102
2007,12,NO,2007_12_NO_CAR,1514.5129,0.0
2007,12,CHI,2007_12_DEN_CHI,1514.2254,0.0
2007,12,CIN,2007_12_TEN_CIN,1511.9334,0.0
2007,12,TEN,2007_12_TEN_CIN,1507.0715,0.0
2007,12,KC,2007_12_OAK_KC,1506.8549,11.9541
2007,12,CAR,2007_12_NO_CAR,1503.4537,-102.0786
2007,12,DEN,2007_12_DEN_CHI,1497.5232,0.0
2007,12,WAS,2007_12_WAS_TB,1495.555,0.0
2007,12,HOU,2007_12_HOU_CLE,1492.1251,0.0
2007,12,MIA,2007_12_MIA_PIT,1483.2219,24.9932
2007,12,DET,2007_12_GB_DET,1482.3906,0.0
2007,12,MIN,2007_12_MIN_NYG,1481.9835,0.0
2007,12,ARI,2007_12_SF_ARI,1467.3463,13.3706
2007,12,NYJ,2007_12_NYJ_DAL,1454.5683,-31.9324
2007,12,BUF,2007_12_BUF_JAX,1453.1761,0.0
2007,12,ATL,2007_12_IND_ATL,1381.5497,0.0
2007,12,LAR,2007_12_SEA_LAR,1380.7847,0.0
2007,12,OAK,2007_12_OAK_KC,1379.4951,-8.3732
2007,12,SF,2007_12_SF_ARI,1328.4416,14.6253
2007,13,NE,2007_13_NE_BAL,1884.4272,0.0
2007,13,IND,2007_13_JAX_IND,1713.4651,0.0
2007,13,DAL,2007_13_GB_DAL,1692.6363,0.0
2007,13,JAX,2007_13_JAX_IND,1652.5676,0.0
2007,13,LAC,2007_13_LAC_KC,1646.3404,0.0
2007,13,PIT,2007_13_CIN_PIT,1630.6549,0.0
2007,13,PHI,2007_13_SEA_PHI,1615.148,-78.9214
2007,13,GB,2007_13_GB_DAL,1614.6857,0.0
2007,13,SEA,2007_13_SEA_PHI,1560.8976,0.0
2007,13,TB,2007_13_TB_NO,1554.079,-113.2433
2007,13,CIN,2007_13_CIN_PIT,1543.8697,0.0
2007,13,NO,2007_13_TB_NO,1543.4112,0.0
2007,13,NYG,2007_13_NYG_CHI,1540.0158,0.0
2007,13,CLE,2007_13_CLE_ARI,1526.9178,66.5877
2007,13,BAL,2007_13_NE_BAL,1518.56,-31.6852
2007,13,MIN,2007_13_DET_MIN,1509.5974,0.0
2007,13,DEN,2007_13_DEN_OAK,1508.06,0.0
2007,13,CHI,2007_13_NYG_CHI,1506.2943,0.0
2007,13,WAS,2007_13_BUF_WAS,1502.0428,0.0
2007,13,MIA,2007_13_NYJ_MIA,1489.6729,17.7214
2007,13,HOU,2007_13_HOU_TEN,1486.2104,0.0
2007,13,KC,2007_13_LAC_KC,1485.67,0.0
2007,13,TEN,2007_13_HOU_TEN,1478.6557,0.0
2007,13,CAR,2007_13_SF_CAR,1476.5181,-88.6488
2007,13,DET,2007_13_DET_MIN,1467.3208,0.0
2007,13,ARI,2007_13_CLE_ARI,1463.8035,27.8068
2007,13,BUF,2007_13_BUF_WAS,1446.2317,-1.1654
2007,13,NYJ,2007_13_NYJ_MIA,1424.2542,-47.5781
2007,13,OAK,2007_13_DEN_OAK,1401.444,0.0
2007,13,ATL,2007_13_ATL_LAR,1370.5777,0.0
2007,13,LAR,2007_13_ATL_LAR,1364.9832,-28.0203
2007,13,SF,2007_13_SF_CAR,1332.9408,30.7871
2007,14,NE,2007_14_PIT_NE,1884.2996,0.0
2007,14,DAL,2007_14_DAL_DET,1712.1038,0.0
2007,14,IND,2007_14_IND_BAL,1702.8478,0.0
2007,14,JAX,2007_14_CAR_JAX,1675.4632,0.0
2007,14,LAC,2007_14_LAC_TEN,1659.2763,0.0
2007,14,PIT,2007_14_PIT_NE,1635.0511,0.0
2007,14,GB,2007_14_OAK_GB,1613.7346,0.0
2007,14,PHI,2007_14_NYG_PHI,1596.4453,0.0
2007,14,TB,2007_14_TB_HOU,1572.5469,-87.5966
2007,14,SEA,2007_14_ARI_SEA,1569.2303,0.0
2007,14,MIN,2007_14_MIN_SF,1551.0864,0.0
2007,14,NYG,2007_14_NYG_PHI,1549.7229,0.0
2007,14,NO,2007_14_NO_ATL,1529.7292,0.0
2007,14,CIN,2007_14_LAR_CIN,1529.0904,0.0
2007,14,BAL,2007_14_IND_BAL,1529.0372,-19.3029
2007,14,CLE,2007_14_CLE_NYJ,1527.3887,65.1746
2007,14,CHI,2007_14_CHI_WAS,1496.1494,0.0
2007,14,DEN,2007_14_KC_DEN,1495.7373,0.0
2007,14,WAS,2007_14_CHI_WAS,1495.537,0.0
2007,14,TEN,2007_14_LAC_TEN,1491.3336,0.0
2007,14,CAR,2007_14_CAR_JAX,1487.2829,-91.8607
2007,14,HOU,2007_14_TB_HOU,1482.443,-51.3659
2007,14,ARI,2007_14_ARI_SEA,1467.9414,27.5157
2007,14,KC,2007_14_KC_DEN,1467.7336,23.2207
2007,14,BUF,2007_14_MIA_BUF,1454.1357,7.6867
2007,14,NYJ,2007_14_CLE_NYJ,1449.7819,-53.1629
2007,14,MIA,2007_14_MIA_BUF,1448.7941,-1.409
2007,14,DET,2007_14_DAL_DET,1442.4983,0.0
2007,14,OAK,2007_14_OAK_GB,1418.0719,0.0
2007,14,LAR,2007_14_LAR_CIN,1367.1539,-79.1008
2007,14,ATL,2007_14_NO_ATL,1362.9484,13.1984
2007,14,SF,2007_14_MIN_SF,1315.5166,2.4351
2007,15,NE,2007_15_NYJ_NE,1903.5843,0.0
2007,15,IND,2007_15_IND_OAK,1723.0285,0.0
2007,15,DAL,2007_15_PHI_DAL,1707.7065,0.0
2007,15,JAX,2007_15_JAX_PIT,1701.8294,0.0
2007,15,LAC,2007_15_DET_LAC,1658.5008,0.0
2007,15,GB,2007_15_GB_LAR,1644.1069,0.0
2007,15,PIT,2007_15_JAX_PIT,1631.8886,0.0
2007,15,SEA,2007_15_SEA_CAR,1590.7807,0.0
2007,15,PHI,2007_15_PHI_DAL,1590.6756,0.0
2007,15,TB,2007_15_ATL_TB,1567.5879,0.0
2007,15,MIN,2007_15_CHI_MIN,1557.71,0.0
2007,15,NO,2007_15_ARI_NO,1556.099,0.0
2007,15,NYG,2007_15_WAS_NYG,1552.5079,0.0
2007,15,CLE,2007_15_BUF_CLE,1537.9241,66.0818
2007,15,DEN,2007_15_DEN_HOU,1534.7018,0.0
2007,15,CIN,2007_15_CIN_SF,1526.9514,0.0
2007,15,BAL,2007_15_BAL_MIA,1512.6664,-30.5582
2007,15,WAS,2007_15_WAS_NYG,1504.4488,-80.7224
2007,15,CHI,2007_15_CHI_MIN,1492.9825,-1.1854
2007,15,HOU,2007_15_DEN_HOU,1492.2478,-31.1062
2007,15,TEN,2007_15_TEN_KC,1484.8997,0.0
2007,15,BUF,2007_15_BUF_CLE,1470.3114,22.2836
2007,15,CAR,2007_15_SEA_CAR,1460.0729,-142.361
2007,15,DET,2007_15_DET_LAC,1456.0573,0.0
2007,15,ARI,2007_15_ARI_NO,1452.8228,16.3167
2007,15,NYJ,2007_15_NYJ_NE,1441.751,-57.3523
2007,15,KC,2007_15_TEN_KC,1434.7795,6.1314
2007,15,MIA,2007_15_BAL_MIA,1429.057,-17.7629
2007,15,OAK,2007_15_IND_OAK,1389.2639,0.0
2007,15,LAR,2007_15_GB_LAR,1360.1826,0.0
2007,15,ATL,2007_15_ATL_TB,1335.2794,18.301
2007,15,SF,2007_15_CIN_SF,1305.4977,-20.2922
2007,16,NE,2007_16_MIA_NE,1889.5925,0.0
2007,16,IND,2007_16_HOU_IND,1717.9124,0.0
2007,16,JAX,2007_16_OAK_JAX,1715.9809,0.0
2007,16,DAL,2007_16_DAL_CAR,1688.8965,0.0
2007,16,LAC,2007_16_DEN_LAC,1684.6652,0.0
2007,16,GB,2007_16_GB_CHI,1660.1277,0.0
2007,16,PIT,2007_16_PIT_LAR,1623.5395,0.0
2007,16,PHI,2007_16_PHI_NO,1603.2359,0.0
2007,16,TB,2007_16_TB_SF,1586.4547,0.0
2007,16,SEA,2007_16_BAL_SEA,1582.6286,0.0
2007,16,NO,2007_16_PHI_NO,1568.2525,0.0
2007,16,MIN,2007_16_WAS_MIN,1559.9764,0.0
2007,16,CLE,2007_16_CLE_CIN,1542.4087,50.7068
2007,16,NYG,2007_16_NYG_BUF,1530.9157,0.0
2007,16,WAS,2007_16_WAS_MIN,1526.106,-87.2705
2007,16,HOU,2007_16_HOU_IND,1521.5569,-21.8106
2007,16,CIN,2007_16_CLE_CIN,1510.1563,0.0
2007,16,DEN,2007_16_DEN_LAC,1510.091,0.0
2007,16,BAL,2007_16_BAL_SEA,1508.5822,-71.3105
2007,16,TEN,2007_16_NYJ_TEN,1500.8323,0.0
2007,16,CHI,2007_16_GB_CHI,1486.1621,-1.0749
2007,16,CAR,2007_16_DAL_CAR,1476.6562,-122.1726
2007,16,BUF,2007_16_NYG_BUF,1462.6236,13.3182
2007,16,NYJ,2007_16_NYJ_TEN,1446.906,0.0
2007,16,ARI,2007_16_ATL_ARI,1445.5226,21.6749
2007,16,MIA,2007_16_MIA_NE,1438.6997,-10.5575
2007,16,DET,2007_16_KC_DET,1429.4925,0.0
2007,16,KC,2007_16_KC_DET,1424.0609,14.5255
2007,16,OAK,2007_16_OAK_JAX,1393.2245,0.0
2007,16,LAR,2007_16_PIT_LAR,1340.5529,0.0
2007,16,SF,2007_16_TB_SF,1323.3717,0.1968
2007,16,ATL,2007_16_ATL_ARI,1313.9007,-4.121
2007,17,NE,2007_17_NE_NYG,1890.0904,0.0
2007,17,JAX,2007_17_JAX_HOU,1754.5392,-127.472
2007,17,IND,2007_17_TEN_IND,1741.6117,0.0
2007,17,LAC,2007_17_LAC_OAK,1705.8851,0.0
2007,17,DAL,2007_17_DAL_WAS,1689.6926,0.0
2007,17,PIT,2007_17_PIT_BAL,1644.8371,-21.5055
2007,17,PHI,2007_17_BUF_PHI,1638.7186,0.0
2007,17,GB,2007_17_DET_GB,1624.3972,0.0
2007,17,SEA,2007_17_SEA_ATL,1589.7863,0.0
2007,17,TB,2007_17_CAR_TB,1571.8276,-50.7874
2007,17,MIN,2007_17_MIN_DEN,1546.5095,0.0
2007,17,NYG,2007_17_NE_NYG,1544.3253,0.0
2007,17,WAS,2007_17_DAL_WAS,1541.3939,-62.379
2007,17,NO,2007_17_NO_CHI,1541.3026,0.0
2007,17,CLE,2007_17_SF_CLE,1528.8324,40.8922
2007,17,CHI,2007_17_NO_CHI,1518.7925,8.625
2007,17,CIN,2007_17_CIN_MIA,1508.2008,0.0
2007,17,HOU,2007_17_JAX_HOU,1506.8963,-18.4223
2007,17,TEN,2007_17_TEN_IND,1504.938,0.0
2007,17,BAL,2007_17_PIT_BAL,1500.9206,-62.8704
2007,17,DEN,2007_17_MIN_DEN,1488.0758,0.0
2007,17,CAR,2007_17_CAR_TB,1480.5246,-127.3184
2007,17,BUF,2007_17_BUF_PHI,1439.5387,-4.5812
2007,17,ARI,2007_17_LAR_ARI,1437.636,50.0035
2007,17,NYJ,2007_17_KC_NYJ,1437.5145,-55.1831
2007,17,MIA,2007_17_CIN_MIA,1435.3564,-25.1265
2007,17,DET,2007_17_DET_GB,1429.794,0.0
2007,17,KC,2007_17_KC_NYJ,1419.2468,6.1981
2007,17,OAK,2007_17_LAC_OAK,1361.0265,36.8058
2007,17,SF,2007_17_SF_CLE,1337.9519,36.3656
2007,17,ATL,2007_17_SEA_ATL,1330.0037,9.7396
2007,17,LAR,2007_17_LAR_ARI,1329.7537,0.0
2008,1,NE,2008_01_KC_NE,1763.109,0.0
2008,1,IND,2008_01_CHI_IND,1656.5293,0.0
2008,1,JAX,2008_01_JAX_TEN,1651.7884,0.0
2008,1,LAC,2008_01_CAR_LAC,1623.5742,0.0
2008,1,DAL,2008_01_DAL_CLE,1592.6258,0.0
2008,1,PHI,2008_01_LAR_PHI,1590.9627,0.0
2008,1,GB,2008_01_MIN_GB,1572.3941,0.0
2008,1,PIT,2008_01_HOU_PIT,1571.8464,0.0
2008,1,SEA,2008_01_SEA_BUF,1556.1203,0.0
2008,1,NO,2008_01_TB_NO,1553.7299,0.0
2008,1,WAS,2008_01_WAS_NYG,1540.4607,0.0
2008,1,TB,2008_01_TB_NO,1536.0939,0.0
2008,1,NYG,2008_01_WAS_NYG,1535.2819,0.0
2008,1,CIN,2008_01_CIN_BAL,1534.804,0.0
2008,1,CLE,2008_01_DAL_CLE,1527.7318,0.0
2008,1,HOU,2008_01_HOU_PIT,1522.7472,0.0
2008,1,TEN,2008_01_JAX_TEN,1521.7592,0.0
2008,1,MIN,2008_01_MIN_GB,1521.4292,0.0
2008,1,CAR,2008_01_CAR_LAC,1511.998,0.0
2008,1,CHI,2008_01_CHI_IND,1508.9814,0.0
2008,1,BAL,2008_01_CIN_BAL,1506.4378,0.0
2008,1,DEN,2008_01_DEN_OAK,1504.7377,0.0
2008,1,NYJ,2008_01_NYJ_MIA,1501.8154,0.0
2008,1,ARI,2008_01_ARI_SF,1494.5406,0.0
2008,1,MIA,2008_01_NYJ_MIA,1464.9924,0.0
2008,1,BUF,2008_01_SEA_BUF,1462.1644,0.0
2008,1,DET,2008_01_DET_ATL,1459.0085,0.0
2008,1,OAK,2008_01_DEN_OAK,1436.2693,0.0
2008,1,KC,2008_01_KC_NE,1435.0647,0.0
2008,1,ATL,2008_01_DET_ATL,1431.6315,0.0
2008,1,SF,2008_01_ARI_SF,1394.3446,0.0
2008,1,LAR,2008_01_LAR_PHI,1379.7022,0.0
2008,2,NE,2008_02_NE_NYJ,1759.4321,-222.2422
2008,2,JAX,2008_02_BUF_JAX,1637.0874,0.0
2008,2,IND,2008_02_IND_MIN,1635.3491,0.0
2008,2,PHI,2008_02_PHI_DAL,1628.7716,0.0
2008,2,DAL,2008_02_PHI_DAL,1623.2903,0.0
2008,2,LAC,2008_02_LAC_DEN,1617.8802,0.0
2008,2,PIT,2008_02_PIT_CLE,1586.6305,0.0
2008,2,GB,2008_02_GB_DET,1573.7386,0.0
2008,2,NO,2008_02_NO_WAS,1554.8304,0.0
2008,2,DEN,2008_02_LAC_DEN,1549.2347,0.0
2008,2,NYG,2008_02_NYG_LAR,1548.7114,0.0
2008,2,TB,2008_02_ATL_TB,1531.0736,-6.2423
2008,2,CHI,2008_02_CHI_CAR,1528.5543,0.0
2008,2,TEN,2008_02_TEN_CIN,1528.534,-35.7203
2008,2,SEA,2008_02_SF_SEA,1528.4091,0.0
2008,2,WAS,2008_02_NO_WAS,1527.7053,0.0
2008,2,MIN,2008_02_IND_MIN,1525.6844,0.0
2008,2,CAR,2008_02_CHI_CAR,1523.7475,0.0
2008,2,HOU,2008_01_HOU_PIT,1522.7472,0.0
2008,2,NYJ,2008_02_NE_NYJ,1516.5848,0.0
2008,2,CIN,2008_02_TEN_CIN,1507.0473,0.0
2008,2,BAL,2008_01_CIN_BAL,1506.4378,0.0
2008,2,CLE,2008_02_PIT_CLE,1503.533,0.0
2008,2,ARI,2008_02_MIA_ARI,1500.9862,0.0
2008,2,BUF,2008_02_BUF_JAX,1483.2326,0.0
2008,2,DET,2008_02_GB_DET,1450.7015,0.0
2008,2,MIA,2008_02_MIA_ARI,1449.5739,0.0
2008,2,ATL,2008_02_ATL_TB,1444.6129,0.0
2008,2,KC,2008_02_OAK_KC,1438.6994,-3.6713
2008,2,OAK,2008_02_OAK_KC,1402.9191,0.0
2008,2,SF,2008_02_SF_SEA,1386.5433,0.0
2008,2,LAR,2008_02_NYG_LAR,1350.4544,0.0
2008,3,NE,2008_03_MIA_NE,1769.2262,-217.6885
2008,3,PHI,2008_03_PIT_PHI,1636.3868,0.0
2008,3,IND,2008_03_JAX_IND,1626.969,0.0
2008,3,DAL,2008_03_DAL_GB,1626.9431,0.0
2008,3,LAC,2008_03_NYJ_LAC,1625.5696,0.0
2008,3,JAX,2008_03_JAX_IND,1619.236,0.0
2008,3,GB,2008_03_DAL_GB,1602.0656,0.0
2008,3,PIT,2008_03_PIT_PHI,1589.1546,0.0
2008,3,NYG,2008_03_CIN_NYG,1587.2066,0.0
2008,3,DEN,2008_03_NO_DEN,1558.0932,0.0
2008,3,TEN,2008_03_HOU_TEN,1550.1701,-31.0184
2008,3,WAS,2008_03_ARI_WAS,1544.1916,0.0
2008,3,TB,2008_03_TB_CHI,1544.0295,-9.6855
2008,3,NO,2008_03_NO_DEN,1543.1253,0.0
2008,3,ARI,2008_03_ARI_WAS,1530.6554,0.0
2008,3,CHI,2008_03_TB_CHI,1528.7678,0.0
2008,3,BAL,2008_03_CLE_BAL,1525.7178,0.0
2008,3,MIN,2008_03_CAR_MIN,1522.0615,-18.1797
2008,3,CAR,2008_03_CAR_MIN,1517.0414,0.0
2008,3,NYJ,2008_03_NYJ_LAC,1508.7014,0.0
2008,3,SEA,2008_03_LAR_SEA,1507.983,0.0
2008,3,HOU,2008_03_HOU_TEN,1507.1899,0.0
2008,3,CLE,2008_03_CLE_BAL,1503.3483,0.0
2008,3,BUF,2008_03_OAK_BUF,1500.883,0.0
2008,3,CIN,2008_03_CIN_NYG,1480.9437,0.0
2008,3,MIA,2008_03_MIA_NE,1434.4682,0.0
2008,3,ATL,2008_03_KC_ATL,1426.9387,0.0
2008,3,OAK,2008_03_OAK_BUF,1421.6579,0.0
2008,3,DET,2008_03_DET_SF,1419.3659,0.0
2008,3,KC,2008_03_KC_ATL,1417.6311,-36.6333
2008,3,SF,2008_03_DET_SF,1406.745,0.0
2008,3,LAR,2008_03_LAR_SEA,1315.3121,0.0
2008,4,NE,2008_03_MIA_NE,1769.2262,-217.6885
2008,4,DAL,2008_04_WAS_DAL,1640.7901,0.0
2008,4,LAC,2008_04_LAC_OAK,1640.1044,0.0
2008,4,PHI,2008_04_PHI_CHI,1638.5305,0.0
2008,4,IND,2008_03_JAX_IND,1626.969,0.0
2008,4,JAX,2008_04_HOU_JAX,1620.6505,0.0
2008,4,GB,2008_04_GB_TB,1589.7846,0.0
2008,4,NYG,2008_03_CIN_NYG,1587.2066,0.0
2008,4,PIT,2008_04_BAL_PIT,1579.0998,0.0
2008,4,TEN,2008_04_MIN_TEN,1567.5936,-25.9225
2008,4,DEN,2008_04_DEN_KC,1562.6749,0.0
2008,4,WAS,2008_04_WAS_DAL,1550.3289,0.0
2008,4,NO,2008_04_SF_NO,1548.3941,0.0
2008,4,TB,2008_04_GB_TB,1547.4279,0.2096
2008,4,BAL,2008_04_BAL_PIT,1541.5268,0.0
2008,4,MIN,2008_04_MIN_TEN,1531.4782,-25.2616
2008,4,ARI,2008_04_ARI_NYJ,1530.0421,0.0
2008,4,CHI,2008_04_PHI_CHI,1525.9649,0.0
2008,4,SEA,2008_03_LAR_SEA,1507.983,0.0
2008,4,NYJ,2008_04_ARI_NYJ,1505.7927,0.0
2008,4,CAR,2008_04_ATL_CAR,1505.5627,0.0
2008,4,BUF,2008_04_BUF_LAR,1504.7081,0.0
2008,4,CIN,2008_04_CLE_CIN,1485.7567,-105.0867
2008,4,HOU,2008_04_HOU_JAX,1484.1758,0.0
2008,4,CLE,2008_04_CLE_CIN,1477.4855,0.0
2008,4,ATL,2008_04_ATL_CAR,1453.1656,0.0
2008,4,MIA,2008_03_MIA_NE,1434.4682,0.0
2008,4,SF,2008_04_SF_NO,1431.9532,0.0
2008,4,OAK,2008_04_LAC_OAK,1419.8105,0.0
2008,4,DET,2008_03_DET_SF,1419.3659,0.0
2008,4,KC,2008_04_DEN_KC,1390.0738,-12.8715
2008,4,LAR,2008_04_BUF_LAR,1306.0113,12.5668
2008,5,NE,2008_05_NE_SF,1735.1141,-223.1113
2008,5,LAC,2008_05_LAC_MIA,1646.3451,0.0
2008,5,DAL,2008_05_CIN_DAL,1631.5966,0.0
2008,5,PHI,2008_05_WAS_PHI,1628.7319,0.0
2008,5,IND,2008_05_IND_HOU,1623.5958,0.0
2008,5,JAX,2008_05_PIT_JAX,1618.1929,0.0
2008,5,NYG,2008_05_SEA_NYG,1588.6006,0.0
2008,5,GB,2008_05_ATL_GB,1574.6244,0.0
2008,5,PIT,2008_05_PIT_JAX,1574.0302,0.0
2008,5,TEN,2008_05_TEN_BAL,1573.7471,-25.3304
2008,5,WAS,2008_05_WAS_PHI,1565.1049,0.0
2008,5,NO,2008_05_MIN_NO,1564.189,0.0
2008,5,TB,2008_05_TB_DEN,1548.4254,-13.8389
2008,5,DEN,2008_05_TB_DEN,1546.5718,0.0
2008,5,BAL,2008_05_TEN_BAL,1541.1224,0.0
2008,5,MIN,2008_05_MIN_NO,1530.9964,-22.7034
2008,5,CHI,2008_05_CHI_DET,1530.9016,0.0
2008,5,CAR,2008_05_KC_CAR,1521.0833,0.0
2008,5,SEA,2008_05_SEA_NYG,1520.866,0.0
2008,5,ARI,2008_05_BUF_ARI,1516.6741,0.0
2008,5,BUF,2008_05_BUF_ARI,1512.1344,0.0
2008,5,NYJ,2008_04_ARI_NYJ,1505.7927,0.0
2008,5,HOU,2008_05_IND_HOU,1500.695,7.3904
2008,5,CIN,2008_05_CIN_DAL,1482.1104,0.0
2008,5,CLE,2008_04_CLE_CIN,1477.4855,0.0
2008,5,MIA,2008_05_LAC_MIA,1469.4343,0.0
2008,5,ATL,2008_05_ATL_GB,1441.6766,0.0
2008,5,SF,2008_05_NE_SF,1425.7299,0.0
2008,5,OAK,2008_04_LAC_OAK,1419.8105,0.0
2008,5,KC,2008_05_KC_CAR,1406.92,-3.5487
2008,5,DET,2008_05_CHI_DET,1404.6033,0.0
2008,5,LAR,2008_04_BUF_LAR,1306.0113,12.5668
2008,6,NE,2008_06_NE_LAC,1743.5173,-223.1903
2008,6,DAL,2008_06_DAL_ARI,1633.2544,0.0
2008,6,NYG,2008_06_NYG_CLE,1632.0886,0.0
2008,6,LAC,2008_06_NE_LAC,1630.6538,0.0
2008,6,IND,2008_06_BAL_IND,1620.8135,0.0
2008,6,PHI,2008_06_PHI_SF,1616.1509,0.0
2008,6,JAX,2008_06_JAX_DEN,1604.8267,0.0
2008,6,WAS,2008_06_LAR_WAS,1579.6797,0.0
2008,6,PIT,2008_05_PIT_JAX,1574.0302,0.0
2008,6,TEN,2008_05_TEN_BAL,1573.7471,-25.3304
2008,6,GB,2008_06_GB_SEA,1565.9573,0.0
2008,6,CHI,2008_06_CHI_ATL,1562.7059,0.0
2008,6,NO,2008_06_OAK_NO,1557.6674,0.0
2008,6,CAR,2008_06_CAR_TB,1554.332,0.0
2008,6,TB,2008_06_CAR_TB,1551.2001,0.0
2008,6,DEN,2008_06_JAX_DEN,1544.963,0.0
2008,6,BAL,2008_06_BAL_IND,1541.3959,0.0
2008,6,ARI,2008_06_DAL_ARI,1538.0607,0.0
2008,6,MIN,2008_06_DET_MIN,1536.3796,-18.033
2008,6,NYJ,2008_06_CIN_NYJ,1528.8236,0.0
2008,6,BUF,2008_05_BUF_ARI,1512.1344,0.0
2008,6,HOU,2008_06_MIA_HOU,1503.6674,0.0
2008,6,MIA,2008_06_MIA_HOU,1488.5526,0.0
2008,6,SEA,2008_06_GB_SEA,1484.9917,-38.5846
2008,6,CLE,2008_06_NYG_CLE,1478.5498,0.0
2008,6,CIN,2008_06_CIN_NYJ,1478.0727,-111.6317
2008,6,ATL,2008_06_CHI_ATL,1462.2754,0.0
2008,6,SF,2008_06_PHI_SF,1418.5603,0.0
2008,6,OAK,2008_06_OAK_NO,1410.079,0.0
2008,6,KC,2008_05_KC_CAR,1406.92,-3.5487
2008,6,DET,2008_06_DET_MIN,1367.2968,-18.2103
2008,6,LAR,2008_06_LAR_WAS,1289.6937,0.0
2008,7,NE,2008_07_DEN_NE,1726.9242,-224.2564
2008,7,LAC,2008_07_LAC_BUF,1646.8383,0.0
2008,7,IND,2008_07_IND_GB,1637.3755,0.0
2008,7,DAL,2008_07_DAL_LAR,1617.5185,-93.5566
2008,7,PHI,2008_06_PHI_SF,1616.1509,0.0
2008,7,JAX,2008_06_JAX_DEN,1604.8267,0.0
2008,7,NYG,2008_07_SF_NYG,1603.8152,0.0
2008,7,PIT,2008_07_PIT_CIN,1591.5015,0.0
2008,7,NO,2008_07_NO_CAR,1583.6893,0.0
2008,7,GB,2008_07_IND_GB,1581.4073,0.0
2008,7,TEN,2008_07_TEN_KC,1577.408,-27.191
2008,7,TB,2008_07_SEA_TB,1575.9156,0.0
2008,7,WAS,2008_07_CLE_WAS,1575.8894,0.0
2008,7,CHI,2008_07_MIN_CHI,1566.0399,0.0
2008,7,ARI,2008_06_DAL_ARI,1538.0607,0.0
2008,7,NYJ,2008_07_NYJ_OAK,1533.5461,0.0
2008,7,DEN,2008_07_DEN_NE,1529.208,0.0
2008,7,MIN,2008_07_MIN_CHI,1528.9924,-26.5435
2008,7,CAR,2008_07_NO_CAR,1528.1316,0.0
2008,7,BAL,2008_07_BAL_MIA,1521.5796,0.0
2008,7,CLE,2008_07_CLE_WAS,1516.3896,0.0
2008,7,HOU,2008_07_DET_HOU,1505.4468,0.0
2008,7,BUF,2008_07_LAC_BUF,1499.3994,0.0
2008,7,MIA,2008_07_BAL_MIA,1491.5072,0.0
2008,7,SEA,2008_07_SEA_TB,1472.2578,-14.7069
2008,7,CIN,2008_07_PIT_CIN,1467.719,-106.637
2008,7,ATL,2008_06_CHI_ATL,1462.2754,0.0
2008,7,SF,2008_07_SF_NYG,1409.5959,0.0
2008,7,OAK,2008_07_NYJ_OAK,1378.6955,0.0
2008,7,DET,2008_07_DET_HOU,1371.5142,-26.9883
2008,7,KC,2008_07_TEN_KC,1368.6584,0.0
2008,7,LAR,2008_07_DAL_LAR,1289.9604,0.0
2008,8,NE,2008_08_LAR_NE,1757.2866,-216.7995
2008,8,LAC,2008_08_LAC_NO,1631.3288,0.0
2008,8,PHI,2008_08_ATL_PHI,1624.7862,0.0
2008,8,PIT,2008_08_NYG_PIT,1624.2804,0.0
2008,8,IND,2008_08_IND_TEN,1623.2135,0.0
2008,8,JAX,2008_08_CLE_JAX,1621.2018,0.0
2008,8,NYG,2008_08_NYG_PIT,1604.5931,0.0
2008,8,TEN,2008_08_IND_TEN,1600.1848,-26.3397
2008,8,DAL,2008_08_TB_DAL,1591.0515,-108.7401
2008,8,TB,2008_08_TB_DAL,1587.7221,0.0
2008,8,GB,2008_07_IND_GB,1581.4073,0.0
2008,8,WAS,2008_08_WAS_DET,1576.7618,0.0
2008,8,CHI,2008_07_MIN_CHI,1566.0399,0.0
2008,8,NO,2008_08_LAC_NO,1562.565,0.0
2008,8,ARI,2008_08_ARI_CAR,1555.083,0.0
2008,8,CAR,2008_08_ARI_CAR,1551.3209,0.0
2008,8,BAL,2008_08_OAK_BAL,1543.5195,0.0
2008,8,DEN,2008_07_DEN_NE,1529.208,0.0
2008,8,NYJ,2008_08_KC_NYJ,1529.1451,0.0
2008,8,MIN,2008_07_MIN_CHI,1528.9924,-26.5435
2008,8,BUF,2008_08_BUF_MIA,1524.0947,0.0
2008,8,CLE,2008_08_CLE_JAX,1510.027,0.0
2008,8,HOU,2008_08_CIN_HOU,1509.0967,0.0
2008,8,MIA,2008_08_BUF_MIA,1478.3216,0.0
2008,8,ATL,2008_08_ATL_PHI,1472.0836,0.0
2008,8,SEA,2008_08_SEA_SF,1459.9816,-18.9918
2008,8,CIN,2008_08_CIN_HOU,1435.3149,-107.6397
2008,8,SF,2008_08_SEA_SF,1405.7098,0.0
2008,8,OAK,2008_08_OAK_BAL,1378.6293,0.0
2008,8,DET,2008_08_WAS_DET,1373.0165,-21.1879
2008,8,KC,2008_08_KC_NYJ,1345.764,-50.648
2008,8,LAR,2008_08_LAR_NE,1309.1381,0.0
2008,9,NE,2008_09_NE_IND,1751.0351,-211.0844
2008,9,PHI,2008_09_PHI_SEA,1635.8966,0.0
2008,9,LAC,2008_08_LAC_NO,1631.3288,0.0
2008,9,TEN,2008_09_GB_TEN,1620.2797,-18.4478
2008,9,NYG,2008_09_DAL_NYG,1613.3052,0.0
2008,9,IND,2008_09_NE_IND,1608.4324,0.0
2008,9,PIT,2008_09_PIT_WAS,1606.5776,0.0
2008,9,JAX,2008_09_JAX_CIN,1605.7672,0.0
2008,9,GB,2008_09_GB_TEN,1595.2964,0.0
2008,9,DAL,2008_09_DAL_NYG,1593.6746,-109.9151
2008,9,TB,2008_09_TB_KC,1580.5753,0.0
2008,9,WAS,2008_09_PIT_WAS,1579.074,0.0
2008,9,CHI,2008_09_DET_CHI,1572.6005,0.0
2008,9,BAL,2008_09_BAL_CLE,1562.8786,0.0
2008,9,NO,2008_08_LAC_NO,1562.565,0.0
2008,9,ARI,2008_09_ARI_LAR,1560.0234,0.0
2008,9,CAR,2008_08_ARI_CAR,1551.3209,0.0
2008,9,MIN,2008_09_HOU_MIN,1538.1619,-28.3
2008,9,HOU,2008_09_HOU_MIN,1534.9953,0.0
2008,9,CLE,2008_09_BAL_CLE,1527.2637,0.0
2008,9,NYJ,2008_09_NYJ_BUF,1526.9932,0.0
2008,9,BUF,2008_09_NYJ_BUF,1516.791,0.0
2008,9,DEN,2008_09_MIA_DEN,1502.2085,0.0
2008,9,MIA,2008_09_MIA_DEN,1493.4413,0.0
2008,9,SEA,2008_09_PHI_SEA,1476.1583,-7.5527
2008,9,ATL,2008_09_ATL_OAK,1463.0681,0.0
2008,9,CIN,2008_09_JAX_CIN,1411.2417,-109.1085
2008,9,SF,2008_08_SEA_SF,1405.7098,0.0
2008,9,DET,2008_09_DET_CHI,1370.8357,-6.7272
2008,9,OAK,2008_09_ATL_OAK,1359.8909,0.0
2008,9,KC,2008_09_TB_KC,1349.5422,-28.1277
2008,9,LAR,2008_09_ARI_LAR,1312.8902,0.0
2008,10,NE,2008_10_BUF_NE,1762.8321,-196.4402
2008,10,PHI,2008_10_NYG_PHI,1646.5267,0.0
2008,10,LAC,2008_10_KC_LAC,1629.3904,0.0
2008,10,NYG,2008_10_NYG_PHI,1627.1177,0.0
2008,10,TEN,2008_10_TEN_CHI,1620.155,-20.3379
2008,10,PIT,2008_10_IND_PIT,1617.6266,0.0
2008,10,IND,2008_10_IND_PIT,1601.7575,0.0
2008,10,GB,2008_10_GB_MIN,1596.4493,0.0
2008,10,DAL,2008_09_DAL_NYG,1593.6746,-109.9151
2008,10,JAX,2008_10_JAX_DET,1592.6877,0.0
2008,10,BAL,2008_10_BAL_HOU,1585.2951,0.0
2008,10,NO,2008_10_NO_ATL,1581.3061,0.0
2008,10,TB,2008_09_TB_KC,1580.5753,0.0
2008,10,WAS,2008_09_PIT_WAS,1579.074,0.0
2008,10,ARI,2008_10_SF_ARI,1577.3377,0.0
2008,10,CHI,2008_10_TEN_CHI,1567.9638,-64.0836
2008,10,CAR,2008_10_CAR_OAK,1556.5536,0.0
2008,10,MIN,2008_10_GB_MIN,1548.2411,-27.9774
2008,10,NYJ,2008_10_LAR_NYJ,1538.8015,0.0
2008,10,HOU,2008_10_BAL_HOU,1527.3576,-60.9535
2008,10,CLE,2008_10_DEN_CLE,1508.3875,29.9742
2008,10,BUF,2008_10_BUF_NE,1504.6018,0.0
2008,10,MIA,2008_10_SEA_MIA,1500.4475,0.0
2008,10,DEN,2008_10_DEN_CLE,1491.3773,0.0
2008,10,ATL,2008_10_NO_ATL,1485.3441,0.0
2008,10,SEA,2008_10_SEA_MIA,1461.9271,-15.0827
2008,10,CIN,2008_09_JAX_CIN,1411.2417,-109.1085
2008,10,SF,2008_10_SF_ARI,1393.2399,-1.8784
2008,10,DET,2008_10_JAX_DET,1374.6057,10.0019
2008,10,KC,2008_10_KC_LAC,1363.4846,-15.5291
2008,10,OAK,2008_10_CAR_OAK,1330.2851,-72.8756
2008,10,LAR,2008_10_LAR_NYJ,1290.4769,0.0
2008,11,NE,2008_11_NYJ_NE,1776.6331,-178.3481
2008,11,NYG,2008_11_BAL_NYG,1638.7211,0.0
2008,11,PHI,2008_11_PHI_CIN,1638.1186,0.0
2008,11,LAC,2008_11_LAC_PIT,1624.6151,0.0
2008,11,TEN,2008_11_TEN_JAX,1624.4584,2.2515
2008,11,JAX,2008_11_TEN_JAX,1614.5328,0.0
2008,11,BAL,2008_11_BAL_NYG,1613.6426,0.0
2008,11,PIT,2008_11_LAC_PIT,1611.0869,0.0
2008,11,IND,2008_11_HOU_IND,1609.807,0.0
2008,11,GB,2008_11_CHI_GB,1587.6365,0.0
2008,11,TB,2008_11_MIN_TB,1581.0158,0.0
2008,11,ARI,2008_11_ARI_SEA,1575.4128,0.0
2008,11,DAL,2008_11_DAL_WAS,1574.3577,0.0
2008,11,NO,2008_11_NO_KC,1571.7705,0.0
2008,11,NYJ,2008_11_NYJ_NE,1569.8743,0.0
2008,11,CHI,2008_11_CHI_GB,1565.2332,0.0
2008,11,WAS,2008_11_DAL_WAS,1560.9817,0.0
2008,11,MIN,2008_11_MIN_TB,1544.8757,-36.5886
2008,11,CAR,2008_11_DET_CAR,1544.5254,0.0
2008,11,CLE,2008_11_CLE_BUF,1506.0029,43.714
2008,11,DEN,2008_11_DEN_ATL,1505.8641,0.0
2008,11,MIA,2008_11_OAK_MIA,1502.3828,0.0
2008,11,HOU,2008_11_HOU_IND,1501.5271,-65.7823
2008,11,ATL,2008_11_DEN_ATL,1498.8806,0.0
2008,11,BUF,2008_11_CLE_BUF,1496.2857,0.0
2008,11,SEA,2008_11_ARI_SEA,1461.3053,0.0
2008,11,CIN,2008_11_PHI_CIN,1417.9807,-90.7286
2008,11,SF,2008_11_LAR_SF,1403.4437,1.8687
2008,11,KC,2008_11_NO_KC,1379.7032,12.3674
2008,11,DET,2008_11_DET_CAR,1349.7155,-4.7345
2008,11,OAK,2008_11_OAK_MIA,1321.8543,0.0
2008,11,LAR,2008_11_LAR_SF,1255.6625,0.0
2008,12,NE,2008_12_NE_MIA,1772.2387,-144.2125
2008,12,NYG,2008_12_NYG_ARI,1665.5121,0.0
2008,12,TEN,2008_12_NYJ_TEN,1639.009,8.8791
2008,12,PHI,2008_12_PHI_BAL,1634.8015,0.0
2008,12,LAC,2008_12_IND_LAC,1627.6717,0.0
2008,12,GB,2008_12_GB_NO,1616.3361,0.0
2008,12,PIT,2008_12_CIN_PIT,1606.36,0.0
2008,12,IND,2008_12_IND_LAC,1603.9845,0.0
2008,12,JAX,2008_12_MIN_JAX,1596.7996,0.0
2008,12,BAL,2008_12_PHI_BAL,1595.1853,0.0
2008,12,TB,2008_12_TB_DET,1588.0322,0.0
2008,12,NYJ,2008_12_NYJ_TEN,1587.2637,0.0
2008,12,ARI,2008_12_NYG_ARI,1584.016,0.0
2008,12,NO,2008_12_GB_NO,1583.1964,0.0
2008,12,DAL,2008_12_SF_DAL,1582.0542,0.0
2008,12,CAR,2008_12_CAR_ATL,1558.0786,0.0
2008,12,WAS,2008_12_WAS_SEA,1546.5336,0.0
2008,12,CHI,2008_12_CHI_LAR,1543.3222,0.0
2008,12,MIN,2008_12_MIN_JAX,1540.9569,-38.8121
2008,12,HOU,2008_12_HOU_CLE,1519.8337,-67.8543
2008,12,DEN,2008_12_OAK_DEN,1519.3527,0.0
2008,12,CLE,2008_12_HOU_CLE,1512.5486,32.9316
2008,12,MIA,2008_12_NE_MIA,1498.3399,0.0
2008,12,BUF,2008_12_BUF_KC,1491.4708,0.0
2008,12,ATL,2008_12_CAR_ATL,1489.9044,0.0
2008,12,SEA,2008_12_WAS_SEA,1458.5239,0.0
2008,12,SF,2008_12_SF_DAL,1419.6121,22.8765
2008,12,CIN,2008_12_CIN_PIT,1411.4971,-87.5034
2008,12,KC,2008_12_BUF_KC,1374.9964,15.1384
2008,12,DET,2008_12_TB_DET,1332.9567,-5.1658
2008,12,OAK,2008_12_OAK_DEN,1323.6763,0.0
2008,12,LAR,2008_12_CHI_LAR,1244.4337,0.0
2008,13,NE,2008_13_PIT_NE,1807.983,-111.7726
2008,13,NYG,2008_13_NYG_WAS,1682.4982,0.0
2008,13,LAC,2008_13_ATL_LAC,1629.2427,0.0
2008,13,NYJ,2008_13_DEN_NYJ,1621.4605,0.0
2008,13,BAL,2008_13_BAL_CIN,1620.9537,0.0
2008,13,PIT,2008_13_PIT_NE,1617.8044,0.0
2008,13,TEN,2008_13_TEN_DET,1615.6899,12.8418
2008,13,NO,2008_13_NO_TB,1612.1158,0.0
2008,13,IND,2008_13_IND_CLE,1610.3899,0.0
2008,13,TB,2008_13_NO_TB,1596.7731,0.0
2008,13,GB,2008_13_CAR_GB,1593.7682,0.0
2008,13,PHI,2008_13_ARI_PHI,1591.0675,0.0
2008,13,DAL,2008_13_SEA_DAL,1586.7852,0.0
2008,13,ARI,2008_13_ARI_PHI,1583.2518,0.0
2008,13,JAX,2008_13_JAX_HOU,1574.9648,0.0
2008,13,CHI,2008_13_CHI_MIN,1568.1124,0.0
2008,13,MIN,2008_13_CHI_MIN,1559.1565,-51.8424
2008,13,WAS,2008_13_NYG_WAS,1550.7655,0.0
2008,13,CAR,2008_13_CAR_GB,1539.6133,0.0
2008,13,HOU,2008_13_JAX_HOU,1532.1122,-61.3925
2008,13,BUF,2008_13_SF_BUF,1525.5517,0.0
2008,13,ATL,2008_13_ATL_LAC,1519.4974,0.0
2008,13,DEN,2008_13_DEN_NYJ,1495.294,0.0
2008,13,CLE,2008_13_IND_CLE,1494.4891,0.0
2008,13,MIA,2008_13_MIA_LAR,1478.003,0.0
2008,13,SEA,2008_13_SEA_DAL,1451.1355,0.0
2008,13,SF,2008_13_SF_BUF,1422.7138,31.6758
2008,13,CIN,2008_13_BAL_CIN,1404.2185,-81.3878
2008,13,OAK,2008_13_KC_OAK,1353.2162,0.0
2008,13,KC,2008_13_KC_OAK,1346.5923,20.1845
2008,13,DET,2008_13_TEN_DET,1312.0106,-22.0165
2008,13,LAR,2008_13_MIA_LAR,1209.1175,0.0
2008,14,NE,2008_14_NE_SEA,1771.7992,-138.296
2008,14,NYG,2008_14_PHI_NYG,1697.2579,0.0
2008,14,BAL,2008_14_WAS_BAL,1653.6685,0.0
2008,14,TEN,2008_14_CLE_TEN,1647.3289,7.5992
2008,14,PIT,2008_14_DAL_PIT,1638.7494,0.0
2008,14,PHI,2008_14_PHI_NYG,1619.7463,0.0
2008,14,IND,2008_14_CIN_IND,1609.273,0.0
2008,14,DAL,2008_14_DAL_PIT,1608.3717,0.0
2008,14,NO,2008_14_ATL_NO,1605.0916,0.0
2008,14,LAC,2008_14_OAK_LAC,1604.9233,0.0
2008,14,TB,2008_14_TB_CAR,1603.7828,0.0
2008,14,NYJ,2008_14_NYJ_SF,1600.5232,0.0
2008,14,GB,2008_14_HOU_GB,1585.5355,0.0
2008,14,MIN,2008_14_MIN_DET,1579.9012,-42.5091
2008,14,ARI,2008_14_LAR_ARI,1561.8655,0.0
2008,14,JAX,2008_14_JAX_CHI,1561.6428,0.0
2008,14,CAR,2008_14_TB_CAR,1558.0551,0.0
2008,14,ATL,2008_14_ATL_NO,1548.6931,0.0
2008,14,HOU,2008_14_HOU_GB,1542.2746,0.0
2008,14,CHI,2008_14_JAX_CHI,1540.2002,0.0
2008,14,WAS,2008_14_WAS_BAL,1536.2872,0.0
2008,14,DEN,2008_14_KC_DEN,1518.6728,0.0
2008,14,BUF,2008_14_MIA_BUF,1515.3793,-29.5951
2008,14,CLE,2008_14_CLE_TEN,1487.8968,-38.2508
2008,14,MIA,2008_14_MIA_BUF,1474.8277,0.0
2008,14,SEA,2008_14_NE_SEA,1434.0742,14.7017
2008,14,SF,2008_14_NYJ_SF,1433.9069,30.1839
2008,14,CIN,2008_14_CIN_IND,1366.6042,-84.8892
2008,14,KC,2008_14_KC_DEN,1351.743,25.8172
2008,14,OAK,2008_14_OAK_LAC,1343.5031,0.0
2008,14,DET,2008_14_MIN_DET,1274.6804,-24.9245
2008,14,LAR,2008_14_LAR_ARI,1207.316,0.0
2008,15,NE,2008_15_NE_OAK,1772.9556,-137.5364
2008,15,NYG,2008_15_NYG_DAL,1680.4885,0.0
2008,15,BAL,2008_15_PIT_BAL,1658.2555,0.0
2008,15,TEN,2008_15_TEN_HOU,1656.198,5.781
2008,15,PIT,2008_15_PIT_BAL,1643.6313,0.0
2008,15,PHI,2008_15_CLE_PHI,1638.8146,0.0
2008,15,LAC,2008_15_LAC_KC,1634.2109,0.0
2008,15,IND,2008_15_DET_IND,1629.0896,0.0
2008,15,NO,2008_15_NO_CHI,1609.8831,0.0
2008,15,TB,2008_15_TB_ATL,1602.1593,-45.4246
2008,15,DAL,2008_15_NYG_DAL,1592.7462,0.0
2008,15,NYJ,2008_15_BUF_NYJ,1583.6766,0.0
2008,15,CAR,2008_15_DEN_CAR,1578.9895,0.0
2008,15,MIN,2008_15_MIN_ARI,1577.8978,0.0
2008,15,GB,2008_15_GB_JAX,1570.6861,0.0
2008,15,ARI,2008_15_MIN_ARI,1567.1333,0.0
2008,15,HOU,2008_15_TEN_HOU,1565.6725,0.0
2008,15,CHI,2008_15_NO_CHI,1556.011,0.0
2008,15,ATL,2008_15_TB_ATL,1554.5167,0.0
2008,15,JAX,2008_15_GB_JAX,1542.9032,0.0
2008,15,WAS,2008_15_WAS_CIN,1530.0771,0.0
2008,15,DEN,2008_15_DEN_CAR,1526.1829,0.0
2008,15,BUF,2008_15_BUF_NYJ,1499.717,-39.9543
2008,15,MIA,2008_15_SF_MIA,1488.1267,0.0
2008,15,CLE,2008_15_CLE_PHI,1474.6376,-42.311
2008,15,SF,2008_15_SF_MIA,1456.3935,46.4648
2008,15,SEA,2008_15_SEA_LAR,1439.2729,40.4663
2008,15,KC,2008_15_LAC_KC,1346.7386,31.6697
2008,15,CIN,2008_15_WAS_CIN,1338.6832,-91.0511
2008,15,OAK,2008_15_NE_OAK,1315.8177,0.0
2008,15,DET,2008_15_DET_IND,1279.3975,-0.2845
2008,15,LAR,2008_15_SEA_LAR,1196.6369,0.0
2008,16,NE,2008_16_ARI_NE,1798.4131,-128.2194
2008,16,NYG,2008_16_CAR_NYG,1666.8492,0.0
2008,16,PIT,2008_16_PIT_TEN,1651.8509,0.0
2008,16,PHI,2008_16_PHI_WAS,1648.7175,0.0
2008,16,BAL,2008_16_BAL_DAL,1645.1458,0.0
2008,16,TEN,2008_16_PIT_TEN,1643.6963,-4.3272
2008,16,LAC,2008_16_LAC_TB,1633.4894,0.0
2008,16,IND,2008_16_IND_JAX,1622.7243,0.0
2008,16,DAL,2008_16_BAL_DAL,1607.7319,0.0
2008,16,NO,2008_16_NO_DET,1605.7193,0.0
2008,16,MIN,2008_16_ATL_MIN,1605.1429,0.0
2008,16,CAR,2008_16_CAR_NYG,1598.813,0.0
2008,16,TB,2008_16_LAC_TB,1595.2313,0.0
2008,16,NYJ,2008_16_NYJ_SEA,1579.3851,0.0
2008,16,HOU,2008_16_HOU_OAK,1575.5041,0.0
2008,16,CHI,2008_16_GB_CHI,1566.9161,0.0
2008,16,GB,2008_16_GB_CHI,1563.7891,0.0
2008,16,ATL,2008_16_ATL_MIN,1557.7883,0.0
2008,16,JAX,2008_16_IND_JAX,1554.0984,0.0
2008,16,ARI,2008_16_ARI_NE,1538.3593,0.0
2008,16,WAS,2008_16_PHI_WAS,1515.6336,0.0
2008,16,BUF,2008_16_BUF_DEN,1505.1665,0.0
2008,16,DEN,2008_16_BUF_DEN,1504.6919,0.0
2008,16,MIA,2008_16_MIA_KC,1488.3577,0.0
2008,16,CLE,2008_16_CIN_CLE,1459.9897,-55.8157
2008,16,SF,2008_16_SF_LAR,1458.6317,47.0858
2008,16,SEA,2008_16_NYJ_SEA,1425.7986,35.2266
2008,16,CIN,2008_16_CIN_CLE,1356.2354,-74.2428
2008,16,KC,2008_16_MIA_KC,1353.1183,43.4438
2008,16,OAK,2008_16_HOU_OAK,1297.5073,0.0
2008,16,DET,2008_16_NO_DET,1296.1888,16.0257
2008,16,LAR,2008_16_SF_LAR,1206.5178,0.0
2008,17,NE,2008_17_NE_BUF,1841.4607,-108.8844
2008,17,NYG,2008_17_NYG_MIN,1674.3268,0.0
2008,17,BAL,2008_17_JAX_BAL,1666.4156,0.0
2008,17,TEN,2008_17_TEN_IND,1661.1103,10.6318
2008,17,LAC,2008_17_DEN_LAC,1658.6427,0.0
2008,17,NO,2008_17_CAR_NO,1650.6469,0.0
2008,17,PIT,2008_17_CLE_PIT,1638.6993,0.0
2008,17,PHI,2008_17_DAL_PHI,1636.5153,0.0
2008,17,IND,2008_17_TEN_IND,1634.7544,0.0
2008,17,CAR,2008_17_CAR_NO,1609.3141,0.0
2008,17,DAL,2008_17_DAL_PHI,1600.35,0.0
2008,17,MIN,2008_17_NYG_MIN,1598.8201,0.0
2008,17,TB,2008_17_OAK_TB,1579.2293,0.0
2008,17,ATL,2008_17_LAR_ATL,1571.8534,0.0
2008,17,GB,2008_17_DET_GB,1567.5766,0.0
2008,17,CHI,2008_17_CHI_HOU,1567.3417,0.0
2008,17,NYJ,2008_17_MIA_NYJ,1559.1128,0.0
2008,17,HOU,2008_17_CHI_HOU,1554.1311,0.0
2008,17,JAX,2008_17_JAX_BAL,1551.1415,0.0
2008,17,BUF,2008_17_NE_BUF,1521.4734,0.0
2008,17,WAS,2008_17_WAS_SF,1517.7267,0.0
2008,17,MIA,2008_17_MIA_NYJ,1512.8197,0.0
2008,17,DEN,2008_17_DEN_LAC,1501.4077,0.0
2008,17,ARI,2008_17_SEA_ARI,1496.7717,0.0
2008,17,SF,2008_17_WAS_SF,1453.7219,40.1143
2008,17,SEA,2008_17_SEA_ARI,1439.6494,41.5163
2008,17,CLE,2008_17_CLE_PIT,1434.1522,-40.4899
2008,17,CIN,2008_17_KC_CIN,1368.3914,-72.1371
2008,17,KC,2008_17_KC_CIN,1341.3365,50.032
2008,17,OAK,2008_17_OAK_TB,1314.3422,0.0
2008,17,DET,2008_17_DET_GB,1258.7007,-2.1146
2008,17,LAR,2008_17_LAR_ATL,1203.7724,0.0
2009,1,NE,2009_01_BUF_NE,1733.1032,0.0
2009,1,NO,2009_01_DET_NO,1626.7083,0.0
2009,1,IND,2009_01_JAX_IND,1624.016,0.0
2009,1,LAC,2009_01_LAC_OAK,1616.5739,0.0
2009,1,PHI,2009_01_PHI_CAR,1609.2433,0.0
2009,1,NYG,2009_01_WAS_NYG,1588.6948,0.0
2009,1,BAL,2009_01_KC_BAL,1574.445,0.0
2009,1,PIT,2009_01_TEN_PIT,1570.1498,0.0
2009,1,TEN,2009_01_TEN_PIT,1569.8169,0.0
2009,1,CHI,2009_01_CHI_GB,1569.0987,0.0
2009,1,CAR,2009_01_PHI_CAR,1562.2662,0.0
2009,1,HOU,2009_01_NYJ_HOU,1561.5465,0.0
2009,1,GB,2009_01_CHI_GB,1551.889,0.0
2009,1,DAL,2009_01_DAL_TB,1547.2751,0.0
2009,1,ARI,2009_01_SF_ARI,1544.8704,0.0
2009,1,ATL,2009_01_MIA_ATL,1542.856,0.0
2009,1,MIN,2009_01_MIN_CLE,1542.2106,0.0
2009,1,NYJ,2009_01_NYJ_HOU,1529.4278,0.0
2009,1,JAX,2009_01_JAX_IND,1528.052,0.0
2009,1,TB,2009_01_DAL_TB,1524.6912,0.0
2009,1,MIA,2009_01_MIA_ATL,1518.1684,0.0
2009,1,BUF,2009_01_BUF_NE,1514.7649,0.0
2009,1,WAS,2009_01_WAS_NYG,1509.6898,0.0
2009,1,SF,2009_01_SF_ARI,1480.1007,0.0
2009,1,DEN,2009_01_DEN_CIN,1474.5888,0.0
2009,1,CLE,2009_01_MIN_CLE,1457.793,0.0
2009,1,SEA,2009_01_LAR_SEA,1440.1623,0.0
2009,1,CIN,2009_01_DEN_CIN,1436.8395,0.0
2009,1,OAK,2009_01_LAC_OAK,1414.6052,0.0
2009,1,DET,2009_01_DET_NO,1392.9617,0.0
2009,1,KC,2009_01_KC_BAL,1379.8244,0.0
2009,1,LAR,2009_01_LAR_SEA,1329.7378,0.0
2009,2,NE,2009_02_NE_NYJ,1720.9806,0.0
2009,2,NO,2009_02_NO_PHI,1646.3067,0.0
2009,2,PHI,2009_02_NO_PHI,1635.1233,-74.8405
2009,2,IND,2009_02_IND_MIA,1618.8535,0.0
2009,2,LAC,2009_02_BAL_LAC,1615.8075,0.0
2009,2,NYG,2009_02_NYG_DAL,1588.5911,0.0
2009,2,BAL,2009_02_BAL_LAC,1584.3121,0.0
2009,2,TEN,2009_02_HOU_TEN,1578.2667,0.0
2009,2,PIT,2009_02_PIT_CHI,1564.7071,0.0
2009,2,DAL,2009_02_NYG_DAL,1564.6119,0.0
2009,2,CHI,2009_02_PIT_CHI,1559.8498,0.0
2009,2,NYJ,2009_02_NE_NYJ,1557.1561,0.0
2009,2,MIN,2009_02_MIN_DET,1555.4079,0.0
2009,2,GB,2009_02_CIN_GB,1554.7555,0.0
2009,2,ATL,2009_02_CAR_ATL,1545.4708,0.0
2009,2,ARI,2009_02_ARI_JAX,1538.3728,0.0
2009,2,JAX,2009_02_ARI_JAX,1530.3012,0.0
2009,2,BUF,2009_02_TB_BUF,1529.285,0.0
2009,2,HOU,2009_02_HOU_TEN,1526.8741,0.0
2009,2,TB,2009_02_TB_BUF,1520.3482,0.0
2009,2,CAR,2009_02_CAR_ATL,1515.0585,0.0
2009,2,WAS,2009_02_LAR_WAS,1508.5209,0.0
2009,2,MIA,2009_02_IND_MIA,1505.9849,0.0
2009,2,DEN,2009_02_CLE_DEN,1480.9786,0.0
2009,2,SF,2009_02_SEA_SF,1479.0745,0.0
2009,2,SEA,2009_02_SEA_SF,1467.4324,0.0
2009,2,CLE,2009_02_CLE_DEN,1439.3497,0.0
2009,2,CIN,2009_02_CIN_GB,1424.6714,0.0
2009,2,OAK,2009_02_OAK_KC,1423.7273,0.0
2009,2,DET,2009_02_MIN_DET,1378.7987,0.0
2009,2,KC,2009_02_OAK_KC,1375.912,57.8011
2009,2,LAR,2009_02_LAR_WAS,1303.5681,0.0
2009,3,NE,2009_03_ATL_NE,1704.8248,0.0
2009,3,NO,2009_03_NO_BUF,1677.7725,0.0
2009,3,IND,2009_03_IND_ARI,1624.585,0.0
2009,3,LAC,2009_03_MIA_LAC,1610.7897,0.0
2009,3,PHI,2009_03_KC_PHI,1608.7352,-67.9543
2009,3,BAL,2009_03_CLE_BAL,1599.1498,0.0
2009,3,NYG,2009_03_NYG_TB,1589.7233,0.0
2009,3,TEN,2009_03_TEN_NYJ,1580.8017,0.0
2009,3,MIN,2009_03_SF_MIN,1569.4157,0.0
2009,3,PIT,2009_03_PIT_CIN,1567.423,0.0
2009,3,DAL,2009_03_CAR_DAL,1565.9525,0.0
2009,3,NYJ,2009_03_TEN_NYJ,1565.8813,0.0
2009,3,CHI,2009_03_CHI_SEA,1565.7929,0.0
2009,3,ARI,2009_03_IND_ARI,1558.6871,0.0
2009,3,ATL,2009_03_ATL_NE,1552.166,0.0
2009,3,BUF,2009_03_NO_BUF,1547.5467,0.0
2009,3,GB,2009_03_GB_LAR,1543.0523,0.0
2009,3,HOU,2009_03_JAX_HOU,1531.827,0.0
2009,3,CAR,2009_03_CAR_DAL,1517.1327,0.0
2009,3,JAX,2009_03_JAX_HOU,1510.0494,0.0
2009,3,MIA,2009_03_MIA_LAC,1506.5887,0.0
2009,3,WAS,2009_03_WAS_DET,1504.9628,0.0
2009,3,TB,2009_03_NYG_TB,1504.5256,0.0
2009,3,DEN,2009_03_DEN_OAK,1497.207,0.0
2009,3,SF,2009_03_SF_MIN,1494.7921,0.0
2009,3,SEA,2009_03_CHI_SEA,1453.0749,30.924
2009,3,CIN,2009_03_PIT_CIN,1437.2575,0.0
2009,3,OAK,2009_03_DEN_OAK,1429.9128,0.0
2009,3,CLE,2009_03_CLE_BAL,1415.9285,0.0
2009,3,KC,2009_03_KC_PHI,1366.3893,58.0777
2009,3,DET,2009_03_WAS_DET,1361.4644,0.0
2009,3,LAR,2009_03_GB_LAR,1308.8345,0.0
2009,4,NE,2009_04_BAL_NE,1714.4492,0.0
2009,4,NO,2009_04_NYJ_NO,1692.6311,0.0
2009,4,IND,2009_04_SEA_IND,1639.2275,0.0
2009,4,BAL,2009_04_BAL_NE,1633.0811,0.0
2009,4,NYG,2009_04_NYG_KC,1611.2565,0.0
2009,4,PHI,2009_03_KC_PHI,1608.7352,-67.9543
2009,4,LAC,2009_04_LAC_PIT,1603.1441,0.0
2009,4,DAL,2009_04_DAL_DEN,1582.2466,0.0
2009,4,TEN,2009_04_TEN_JAX,1575.8027,0.0
2009,4,CHI,2009_04_DET_CHI,1570.2106,0.0
2009,4,MIN,2009_04_GB_MIN,1569.929,0.0
2009,4,GB,2009_04_GB_MIN,1561.2856,0.0
2009,4,PIT,2009_04_LAC_PIT,1561.2054,0.0
2009,4,NYJ,2009_04_NYJ_NO,1560.08,0.0
2009,4,ARI,2009_03_IND_ARI,1558.6871,0.0
2009,4,ATL,2009_03_ATL_NE,1552.166,0.0
2009,4,JAX,2009_04_TEN_JAX,1529.5181,0.0
2009,4,BUF,2009_04_BUF_MIA,1528.3044,0.0
2009,4,DEN,2009_04_DAL_DEN,1522.373,0.0
2009,4,HOU,2009_04_OAK_HOU,1519.8946,0.0
2009,4,CAR,2009_03_CAR_DAL,1517.1327,0.0
2009,4,MIA,2009_04_BUF_MIA,1511.1904,-27.1154
2009,4,WAS,2009_04_TB_WAS,1497.554,0.0
2009,4,SF,2009_04_LAR_SF,1493.4664,0.0
2009,4,TB,2009_04_TB_WAS,1478.1785,-60.1034
2009,4,SEA,2009_04_SEA_IND,1452.14,27.952
2009,4,CIN,2009_04_CIN_CLE,1445.8558,0.0
2009,4,OAK,2009_04_OAK_HOU,1401.1711,0.0
2009,4,CLE,2009_04_CIN_CLE,1388.0267,12.8831
2009,4,DET,2009_04_DET_CHI,1374.4224,0.0
2009,4,KC,2009_04_NYG_KC,1350.6192,57.5822
2009,4,LAR,2009_04_LAR_SF,1294.2828,27.9593
2009,5,NE,2009_05_NE_DEN,1715.1067,0.0
2009,5,NO,2009_04_NYJ_NO,1692.6311,0.0
2009,5,IND,2009_05_IND_TEN,1650.3543,0.0
2009,5,PHI,2009_05_TB_PHI,1633.359,0.0
2009,5,BAL,2009_05_CIN_BAL,1632.3071,0.0
2009,5,NYG,2009_05_OAK_NYG,1620.7381,0.0
2009,5,LAC,2009_04_LAC_PIT,1603.1441,0.0
2009,5,PIT,2009_05_PIT_DET,1591.2975,0.0
2009,5,MIN,2009_05_MIN_LAR,1582.2808,0.0
2009,5,CHI,2009_04_DET_CHI,1570.2106,0.0
2009,5,DAL,2009_05_DAL_KC,1569.66,0.0
2009,5,GB,2009_04_GB_MIN,1561.2856,0.0
2009,5,TEN,2009_05_IND_TEN,1557.7738,0.0
2009,5,JAX,2009_05_JAX_SEA,1557.2314,0.0
2009,5,ATL,2009_05_ATL_SF,1544.8016,0.0
2009,5,ARI,2009_05_HOU_ARI,1542.1496,0.0
2009,5,NYJ,2009_05_NYJ_MIA,1540.0923,0.0
2009,5,HOU,2009_05_HOU_ARI,1536.2248,0.0
2009,5,MIA,2009_05_NYJ_MIA,1535.6751,-38.28
2009,5,DEN,2009_05_NE_DEN,1533.3658,0.0
2009,5,SF,2009_05_ATL_SF,1516.9977,0.0
2009,5,BUF,2009_05_CLE_BUF,1500.4512,0.0
2009,5,CAR,2009_05_WAS_CAR,1494.2324,0.0
2009,5,WAS,2009_05_WAS_CAR,1492.0179,0.0
2009,5,TB,2009_05_TB_PHI,1474.9029,-60.6175
2009,5,CIN,2009_05_CIN_BAL,1448.6329,0.0
2009,5,SEA,2009_05_JAX_SEA,1444.9555,0.0
2009,5,CLE,2009_05_CLE_BUF,1381.6166,16.9676
2009,5,OAK,2009_05_OAK_NYG,1381.4445,0.0
2009,5,DET,2009_05_PIT_DET,1369.0068,-34.0618
2009,5,KC,2009_05_DAL_KC,1341.6097,49.2092
2009,5,LAR,2009_05_MIN_LAR,1265.032,8.1923
2009,6,NE,2009_06_TEN_NE,1701.1546,0.0
2009,6,NO,2009_06_NYG_NO,1694.6184,0.0
2009,6,NYG,2009_06_NYG_NO,1651.2243,0.0
2009,6,PHI,2009_06_PHI_OAK,1650.6378,0.0
2009,6,IND,2009_05_IND_TEN,1650.3543,0.0
2009,6,BAL,2009_06_BAL_MIN,1615.1934,0.0
2009,6,MIN,2009_06_BAL_MIN,1602.1867,0.0
2009,6,PIT,2009_06_CLE_PIT,1596.748,0.0
2009,6,LAC,2009_06_DEN_LAC,1593.0143,0.0
2009,6,ATL,2009_06_CHI_ATL,1592.092,0.0
2009,6,CHI,2009_06_CHI_ATL,1580.567,0.0
2009,6,DAL,2009_05_DAL_KC,1569.66,0.0
2009,6,GB,2009_06_DET_GB,1559.4389,0.0
2009,6,ARI,2009_06_ARI_SEA,1551.2641,0.0
2009,6,DEN,2009_06_DEN_LAC,1548.5617,0.0
2009,6,NYJ,2009_06_BUF_NYJ,1547.2071,0.0
2009,6,TEN,2009_06_TEN_NE,1536.9191,0.0
2009,6,MIA,2009_05_NYJ_MIA,1535.6751,-38.28
2009,6,HOU,2009_06_HOU_CIN,1524.7905,0.0
2009,6,SF,2009_05_ATL_SF,1516.9977,0.0
2009,6,JAX,2009_06_LAR_JAX,1505.9389,0.0
2009,6,SEA,2009_06_ARI_SEA,1495.9396,0.0
2009,6,WAS,2009_06_KC_WAS,1491.2281,0.0
2009,6,BUF,2009_06_BUF_NYJ,1491.2101,0.0
2009,6,CAR,2009_06_CAR_TB,1487.9286,0.0
2009,6,CIN,2009_06_HOU_CIN,1469.1186,0.0
2009,6,TB,2009_06_CAR_TB,1462.8958,-59.5175
2009,6,CLE,2009_06_CLE_PIT,1386.7984,-7.4451
2009,6,DET,2009_06_DET_GB,1369.6661,-31.2116
2009,6,OAK,2009_06_PHI_OAK,1355.8216,0.0
2009,6,KC,2009_06_KC_WAS,1326.6401,54.4791
2009,6,LAR,2009_06_LAR_JAX,1254.4739,0.0
2009,7,NE,2009_07_NE_TB,1763.5738,0.0
2009,7,NO,2009_07_NO_MIA,1720.7753,0.0
2009,7,IND,2009_07_IND_LAR,1671.948,0.0
2009,7,NYG,2009_07_ARI_NYG,1635.8665,0.0
2009,7,PHI,2009_07_PHI_WAS,1633.0079,0.0
2009,7,BAL,2009_06_BAL_MIN,1615.1934,0.0
2009,7,PIT,2009_07_MIN_PIT,1612.2626,0.0
2009,7,MIN,2009_07_MIN_PIT,1610.8547,0.0
2009,7,DAL,2009_07_ATL_DAL,1589.9376,0.0
2009,7,ATL,2009_07_ATL_DAL,1589.7398,0.0
2009,7,CHI,2009_07_CHI_CIN,1583.3069,0.0
2009,7,GB,2009_07_GB_CLE,1579.9819,0.0
2009,7,LAC,2009_07_LAC_KC,1573.4024,0.0
2009,7,ARI,2009_07_ARI_NYG,1572.6387,0.0
2009,7,DEN,2009_06_DEN_LAC,1548.5617,0.0
2009,7,MIA,2009_07_NO_MIA,1545.9839,-16.1969
2009,7,HOU,2009_07_SF_HOU,1539.04,0.0
2009,7,TEN,2009_06_TEN_NE,1536.9191,0.0
2009,7,NYJ,2009_07_NYJ_OAK,1530.1817,0.0
2009,7,JAX,2009_06_LAR_JAX,1505.9389,0.0
2009,7,SEA,2009_06_ARI_SEA,1495.9396,0.0
2009,7,BUF,2009_07_BUF_CAR,1495.3798,-11.7963
2009,7,CAR,2009_07_BUF_CAR,1483.1655,0.0
2009,7,SF,2009_07_SF_HOU,1477.2753,0.0
2009,7,WAS,2009_07_PHI_WAS,1474.0517,0.0
2009,7,TB,2009_07_NE_TB,1465.3752,-63.214
2009,7,CIN,2009_07_CHI_CIN,1460.2792,0.0
2009,7,CLE,2009_07_GB_CLE,1377.7764,-17.4517
2009,7,DET,2009_06_DET_GB,1369.6661,-31.2116
2009,7,OAK,2009_07_NYJ_OAK,1366.3807,0.0
2009,7,KC,2009_07_LAC_KC,1332.0811,41.1578
2009,7,LAR,2009_07_IND_LAR,1259.2857,0.0
2009,8,NE,2009_07_NE_TB,1763.5738,0.0
2009,8,NO,2009_08_ATL_NO,1725.1524,0.0
2009,8,IND,2009_08_SF_IND,1704.0003,0.0
2009,8,PHI,2009_08_NYG_PHI,1641.5651,0.0
2009,8,NYG,2009_08_NYG_PHI,1623.9233,0.0
2009,8,BAL,2009_08_DEN_BAL,1621.2154,0.0
2009,8,PIT,2009_07_MIN_PIT,1612.2626,0.0
2009,8,DAL,2009_08_SEA_DAL,1612.1868,0.0
2009,8,MIN,2009_08_MIN_GB,1612.134,0.0
2009,8,GB,2009_08_MIN_GB,1599.534,0.0
2009,8,LAC,2009_08_OAK_LAC,1598.8356,0.0
2009,8,ARI,2009_08_CAR_ARI,1578.9022,0.0
2009,8,ATL,2009_08_ATL_NO,1574.049,0.0
2009,8,DEN,2009_08_DEN_BAL,1568.4413,0.0
2009,8,NYJ,2009_08_MIA_NYJ,1551.5087,0.0
2009,8,CHI,2009_08_CLE_CHI,1548.8062,0.0
2009,8,HOU,2009_08_HOU_BUF,1539.9495,0.0
2009,8,MIA,2009_08_MIA_NYJ,1537.2852,-28.4408
2009,8,JAX,2009_08_JAX_TEN,1502.9968,0.0
2009,8,BUF,2009_08_HOU_BUF,1500.4301,-14.5229
2009,8,TEN,2009_08_JAX_TEN,1491.5745,-3.0061
2009,8,SF,2009_08_SF_IND,1484.0214,-37.4232
2009,8,WAS,2009_07_PHI_WAS,1474.0517,0.0
2009,8,CAR,2009_08_CAR_ARI,1473.2155,0.0
2009,8,SEA,2009_08_SEA_DAL,1468.0368,0.0
2009,8,TB,2009_07_NE_TB,1465.3752,-63.214
2009,8,CIN,2009_07_CHI_CIN,1460.2792,0.0
2009,8,CLE,2009_08_CLE_CHI,1355.1671,-31.2061
2009,8,DET,2009_08_LAR_DET,1345.0883,0.0
2009,8,OAK,2009_08_OAK_LAC,1332.8893,0.0
2009,8,KC,2009_07_LAC_KC,1332.0811,41.1578
2009,8,LAR,2009_08_LAR_DET,1226.6816,0.0
2009,9,NE,2009_09_MIA_NE,1785.7514,0.0
2009,9,NO,2009_09_CAR_NO,1722.9215,0.0
2009,9,IND,2009_09_HOU_IND,1685.0868,0.0
2009,9,PHI,2009_09_DAL_PHI,1668.4673,0.0
2009,9,BAL,2009_09_BAL_CIN,1638.9939,0.0
2009,9,DAL,2009_09_DAL_PHI,1620.4821,0.0
2009,9,MIN,2009_08_MIN_GB,1612.134,0.0
2009,9,PIT,2009_09_PIT_DEN,1611.6847,0.0
2009,9,NYG,2009_09_LAC_NYG,1600.9226,0.0
2009,9,LAC,2009_09_LAC_NYG,1596.5416,0.0
2009,9,GB,2009_09_GB_TB,1587.8506,0.0
2009,9,ATL,2009_09_WAS_ATL,1573.5668,0.0
2009,9,ARI,2009_09_ARI_CHI,1562.1729,0.0
2009,9,HOU,2009_09_HOU_IND,1562.0061,0.0
2009,9,CHI,2009_09_ARI_CHI,1554.8339,0.0
2009,9,DEN,2009_09_PIT_DEN,1552.3109,0.0
2009,9,NYJ,2009_08_MIA_NYJ,1551.5087,0.0
2009,9,MIA,2009_09_MIA_NE,1533.9582,-40.6177
2009,9,TEN,2009_09_TEN_SF,1512.0487,3.5001
2009,9,CIN,2009_09_BAL_CIN,1506.0867,0.0
2009,9,SF,2009_09_TEN_SF,1501.2881,-35.949
2009,9,BUF,2009_08_HOU_BUF,1500.4301,-14.5229
2009,9,JAX,2009_09_KC_JAX,1484.2245,0.0
2009,9,CAR,2009_09_CAR_NO,1481.986,0.0
2009,9,WAS,2009_09_WAS_ATL,1466.0861,0.0
2009,9,SEA,2009_09_DET_SEA,1463.2041,0.0
2009,9,TB,2009_09_GB_TB,1435.3549,4.7357
2009,9,CLE,2009_08_CLE_CHI,1355.1671,-31.2061
2009,9,OAK,2009_08_OAK_LAC,1332.8893,0.0
2009,9,DET,2009_09_DET_SEA,1316.5014,0.0
2009,9,KC,2009_09_KC_JAX,1293.7288,9.5231
2009,9,LAR,2009_08_LAR_DET,1226.6816,0.0
2009,10,NE,2009_10_NE_IND,1784.0344,0.0
2009,10,NO,2009_10_NO_LAR,1709.2658,0.0
2009,10,IND,2009_10_NE_IND,1678.6732,0.0
2009,10,PHI,2009_10_PHI_LAC,1657.9783,0.0
2009,10,PIT,2009_10_CIN_PIT,1637.0206,0.0
2009,10,MIN,2009_10_DET_MIN,1634.7853,0.0
2009,10,DAL,2009_10_DAL_GB,1633.9691,0.0
2009,10,BAL,2009_10_BAL_CLE,1614.642,0.0
2009,10,NYG,2009_09_LAC_NYG,1600.9226,0.0
2009,10,LAC,2009_10_PHI_LAC,1595.7918,0.0
2009,10,ARI,2009_10_SEA_ARI,1587.7143,0.0
2009,10,ATL,2009_10_ATL_CAR,1584.051,0.0
2009,10,GB,2009_10_DAL_GB,1577.4361,0.0
2009,10,HOU,2009_09_HOU_IND,1562.0061,0.0
2009,10,NYJ,2009_10_JAX_NYJ,1554.846,0.0
2009,10,MIA,2009_10_TB_MIA,1539.2007,-39.1975
2009,10,CIN,2009_10_CIN_PIT,1530.4189,0.0
2009,10,CHI,2009_10_CHI_SF,1529.3053,0.0
2009,10,DEN,2009_10_DEN_WAS,1522.4827,0.0
2009,10,TEN,2009_10_BUF_TEN,1520.3999,9.0802
2009,10,SF,2009_10_CHI_SF,1501.0175,-37.2055
2009,10,CAR,2009_10_ATL_CAR,1492.59,0.0
2009,10,JAX,2009_10_JAX_NYJ,1487.4728,0.0
2009,10,BUF,2009_10_BUF_TEN,1467.534,0.0
2009,10,SEA,2009_10_SEA_ARI,1463.5187,0.0
2009,10,WAS,2009_10_DEN_WAS,1453.509,0.0
2009,10,TB,2009_10_TB_MIA,1438.7816,9.5516
2009,10,CLE,2009_10_BAL_CLE,1336.6544,0.0
2009,10,OAK,2009_10_KC_OAK,1335.498,0.0
2009,10,DET,2009_10_DET_MIN,1312.8768,0.0
2009,10,KC,2009_10_KC_OAK,1289.4723,15.7021
2009,10,LAR,2009_10_NO_LAR,1252.8002,0.0
2009,11,NE,2009_11_NYJ_NE,1788.0973,0.0
2009,11,NO,2009_11_NO_TB,1701.3729,0.0
2009,11,IND,2009_11_IND_BAL,1679.2237,0.0
2009,11,PHI,2009_11_PHI_CHI,1651.4953,0.0
2009,11,MIN,2009_11_SEA_MIN,1644.0138,0.0
2009,11,DAL,2009_11_WAS_DAL,1623.1727,0.0
2009,11,BAL,2009_11_IND_BAL,1621.1985,0.0
2009,11,PIT,2009_11_PIT_KC,1618.3275,0.0
2009,11,LAC,2009_11_LAC_DEN,1614.7559,0.0
2009,11,NYG,2009_11_ATL_NYG,1599.8392,0.0
2009,11,ARI,2009_11_ARI_LAR,1590.5688,0.0
2009,11,GB,2009_11_SF_GB,1583.2933,0.0
2009,11,ATL,2009_11_ATL_NYG,1582.4685,0.0
2009,11,HOU,2009_11_TEN_HOU,1567.3153,0.0
2009,11,CIN,2009_11_CIN_OAK,1549.9679,0.0
2009,11,TEN,2009_11_TEN_HOU,1542.7982,21.564
2009,11,NYJ,2009_11_NYJ_NE,1540.0924,0.0
2009,11,MIA,2009_11_MIA_CAR,1539.5322,-38.0552
2009,11,CHI,2009_11_PHI_CHI,1516.6453,0.0
2009,11,DEN,2009_11_LAC_DEN,1514.0261,-39.0037
2009,11,SF,2009_11_SF_GB,1504.1169,-42.4628
2009,11,CAR,2009_11_MIA_CAR,1503.4587,0.0
2009,11,JAX,2009_11_BUF_JAX,1503.1767,0.0
2009,11,SEA,2009_11_SEA_MIN,1469.2262,0.0
2009,11,WAS,2009_11_WAS_DAL,1465.8795,0.0
2009,11,BUF,2009_11_BUF_JAX,1447.1037,-21.6358
2009,11,TB,2009_11_NO_TB,1440.3201,3.5694
2009,11,CLE,2009_11_CLE_DET,1318.8635,0.0
2009,11,OAK,2009_11_CIN_OAK,1313.6023,43.3748
2009,11,DET,2009_11_CLE_DET,1303.0872,0.0
2009,11,KC,2009_11_PIT_KC,1299.5813,9.9527
2009,11,LAR,2009_11_ARI_LAR,1265.6428,0.0
2009,12,NE,2009_12_NE_NO,1800.1842,0.0
2009,12,NO,2009_12_NE_NO,1721.2536,0.0
2009,12,IND,2009_12_IND_HOU,1687.4126,0.0
2009,12,MIN,2009_12_CHI_MIN,1671.3874,0.0
2009,12,PHI,2009_12_WAS_PHI,1662.1948,0.0
2009,12,LAC,2009_12_KC_LAC,1633.4559,0.0
2009,12,DAL,2009_12_OAK_DAL,1617.8283,0.0
2009,12,BAL,2009_12_PIT_BAL,1617.5493,0.0
2009,12,PIT,2009_12_PIT_BAL,1608.8946,-78.3991
2009,12,ARI,2009_12_ARI_TEN,1602.974,-119.9644
2009,12,NYG,2009_12_NYG_DEN,1602.7156,0.0
2009,12,ATL,2009_12_TB_ATL,1593.6511,0.0
2009,12,GB,2009_12_GB_DET,1590.3602,0.0
2009,12,HOU,2009_12_IND_HOU,1558.6991,0.0
2009,12,TEN,2009_12_ARI_TEN,1555.1311,30.696
2009,12,MIA,2009_12_MIA_BUF,1549.1053,-31.0703
2009,12,CIN,2009_12_CLE_CIN,1546.9112,0.0
2009,12,NYJ,2009_12_CAR_NYJ,1522.0477,0.0
2009,12,SF,2009_12_JAX_SF,1506.1224,-35.6326
2009,12,CHI,2009_12_CHI_MIN,1503.985,0.0
2009,12,JAX,2009_12_JAX_SF,1496.2327,0.0
2009,12,CAR,2009_12_CAR_NYJ,1495.0035,0.0
2009,12,DEN,2009_12_NYG_DEN,1490.0126,0.0
2009,12,WAS,2009_12_WAS_PHI,1467.4602,0.0
2009,12,BUF,2009_12_MIA_BUF,1453.5075,-20.0974
2009,12,SEA,2009_12_SEA_LAR,1450.8215,0.0
2009,12,TB,2009_12_TB_ATL,1415.0685,-12.1221
2009,12,CLE,2009_12_CLE_CIN,1329.8042,0.0
2009,12,OAK,2009_12_OAK_DAL,1321.7773,50.0322
2009,12,KC,2009_12_KC_LAC,1311.906,12.3483
2009,12,DET,2009_12_GB_DET,1306.9584,0.0
2009,12,LAR,2009_12_SEA_LAR,1251.9665,7.1957
2009,13,NE,2009_13_NE_MIA,1780.6241,0.0
2009,13,NO,2009_13_NO_WAS,1740.9448,0.0
2009,13,MIN,2009_13_MIN_ARI,1703.1252,0.0
2009,13,IND,2009_13_TEN_IND,1697.3637,0.0
2009,13,PHI,2009_13_PHI_ATL,1658.4647,0.0
2009,13,LAC,2009_13_LAC_CLE,1652.8422,0.0
2009,13,DAL,2009_13_DAL_NYG,1630.6263,0.0
2009,13,BAL,2009_13_BAL_GB,1625.6997,0.0
2009,13,ARI,2009_13_MIN_ARI,1605.2068,0.0
2009,13,PIT,2009_13_OAK_PIT,1604.9377,0.0
2009,13,GB,2009_13_BAL_GB,1604.0145,0.0
2009,13,ATL,2009_13_PHI_ATL,1588.3523,-20.5374
2009,13,NYG,2009_13_DAL_NYG,1578.0584,0.0
2009,13,TEN,2009_13_TEN_IND,1558.8304,40.1051
2009,13,HOU,2009_13_HOU_JAX,1553.9813,0.0
2009,13,CIN,2009_13_DET_CIN,1544.5973,0.0
2009,13,NYJ,2009_13_NYJ_BUF,1533.0617,0.0
2009,13,MIA,2009_13_NE_MIA,1529.9312,-40.7529
2009,13,SF,2009_13_SF_SEA,1523.5683,-15.7084
2009,13,DEN,2009_13_DEN_KC,1514.4271,0.0
2009,13,CHI,2009_13_LAR_CHI,1481.3309,0.0
2009,13,JAX,2009_13_HOU_JAX,1476.0101,0.0
2009,13,BUF,2009_13_NYJ_BUF,1475.8164,-9.9436
2009,13,WAS,2009_13_NO_WAS,1470.9134,0.0
2009,13,CAR,2009_13_TB_CAR,1470.0048,-36.3621
2009,13,SEA,2009_13_SF_SEA,1462.5268,0.0
2009,13,TB,2009_13_TB_CAR,1415.6902,2.3859
2009,13,CLE,2009_13_LAC_CLE,1328.2532,0.0
2009,13,OAK,2009_13_OAK_PIT,1309.9691,55.925
2009,13,KC,2009_13_DEN_KC,1298.0239,16.9968
2009,13,DET,2009_13_DET_CIN,1282.6233,0.0
2009,13,LAR,2009_13_LAR_CHI,1235.3698,5.8247
2009,14,NE,2009_14_CAR_NE,1771.2929,0.0
2009,14,NO,2009_14_NO_ATL,1721.5901,0.0
2009,14,IND,2009_14_DEN_IND,1706.2065,0.0
2009,14,PHI,2009_14_PHI_NYG,1693.1935,0.0
2009,14,MIN,2009_14_CIN_MIN,1689.53,0.0
2009,14,LAC,2009_14_LAC_DAL,1655.1599,0.0
2009,14,ARI,2009_14_ARI_SF,1628.4916,0.0
2009,14,BAL,2009_14_DET_BAL,1623.3663,0.0
2009,14,DAL,2009_14_LAC_DAL,1621.3066,0.0
2009,14,GB,2009_14_GB_CHI,1618.3842,0.0
2009,14,PIT,2009_14_PIT_CLE,1593.8918,0.0
2009,14,NYG,2009_14_PHI_NYG,1590.2744,0.0
2009,14,TEN,2009_14_LAR_TEN,1553.3312,42.839
2009,14,ATL,2009_14_NO_ATL,1552.0552,-27.8714
2009,14,HOU,2009_14_SEA_HOU,1546.1124,0.0
2009,14,NYJ,2009_14_NYJ_TB,1540.7896,-11.862
2009,14,CIN,2009_14_CIN_MIN,1539.6448,0.0
2009,14,MIA,2009_14_MIA_JAX,1538.105,-29.0445
2009,14,SF,2009_14_ARI_SF,1533.652,1.3528
2009,14,DEN,2009_14_DEN_IND,1528.5648,0.0
2009,14,WAS,2009_14_WAS_OAK,1507.358,0.0
2009,14,JAX,2009_14_MIA_JAX,1482.5675,0.0
2009,14,CHI,2009_14_GB_CHI,1480.0861,0.0
2009,14,CAR,2009_14_CAR_NE,1473.5464,-33.905
2009,14,BUF,2009_14_BUF_KC,1460.3007,-20.356
2009,14,SEA,2009_14_SEA_HOU,1453.178,0.0
2009,14,TB,2009_14_NYJ_TB,1409.3754,-14.0244
2009,14,CLE,2009_14_PIT_CLE,1338.467,0.0
2009,14,OAK,2009_14_WAS_OAK,1328.1759,79.6355
2009,14,DET,2009_14_DET_BAL,1278.8413,-27.5799
2009,14,KC,2009_14_BUF_KC,1271.9284,-5.5526
2009,14,LAR,2009_14_LAR_TEN,1230.1437,-25.5621
2009,15,NE,2009_15_NE_BUF,1775.5326,0.0
2009,15,NO,2009_15_DAL_NO,1722.1476,0.0
2009,15,IND,2009_15_IND_JAX,1712.9203,0.0
2009,15,MIN,2009_15_MIN_CAR,1703.1252,0.0
2009,15,PHI,2009_15_SF_PHI,1696.5646,0.0
2009,15,LAC,2009_15_CIN_LAC,1663.7841,0.0
2009,15,BAL,2009_15_CHI_BAL,1657.6209,0.0
2009,15,GB,2009_15_GB_PIT,1628.3263,0.0
2009,15,DAL,2009_15_DAL_NO,1620.7294,0.0
2009,15,ARI,2009_15_ARI_DET,1611.3149,0.0
2009,15,NYG,2009_15_NYG_WAS,1601.8187,0.0
2009,15,HOU,2009_15_HOU_LAR,1581.6641,0.0
2009,15,TEN,2009_15_MIA_TEN,1580.5797,51.1417
2009,15,PIT,2009_15_GB_PIT,1574.4944,0.0
2009,15,ATL,2009_15_ATL_NYJ,1560.1216,0.0
2009,15,NYJ,2009_15_ATL_NYJ,1559.2617,0.0
2009,15,MIA,2009_15_MIA_TEN,1545.4255,-27.379
2009,15,SF,2009_15_SF_PHI,1541.372,-4.3845
2009,15,WAS,2009_15_NYG_WAS,1532.6378,0.0
2009,15,CIN,2009_15_CIN_LAC,1531.0752,0.0
2009,15,DEN,2009_15_OAK_DEN,1515.8626,0.0
2009,15,JAX,2009_15_IND_JAX,1465.8146,0.0
2009,15,CHI,2009_15_CHI_BAL,1465.0897,0.0
2009,15,CAR,2009_15_MIN_CAR,1463.2795,-29.6091
2009,15,BUF,2009_15_NE_BUF,1455.4246,-26.3965
2009,15,SEA,2009_15_TB_SEA,1408.4003,0.0
2009,15,TB,2009_15_TB_SEA,1372.6929,-39.6717
2009,15,CLE,2009_15_CLE_KC,1356.0187,0.0
2009,15,OAK,2009_15_OAK_DEN,1303.4717,67.4117
2009,15,KC,2009_15_CLE_KC,1264.3891,-21.3074
2009,15,DET,2009_15_ARI_DET,1245.6633,-41.2565
2009,15,LAR,2009_15_HOU_LAR,1201.396,-39.9013
2009,16,NE,2009_16_JAX_NE,1769.8799,0.0
2009,16,IND,2009_16_NYJ_IND,1711.6107,0.0
2009,16,NO,2009_16_TB_NO,1702.7959,0.0
2009,16,PHI,2009_16_DEN_PHI,1700.8603,0.0
2009,16,MIN,2009_16_MIN_CHI,1672.2873,0.0
2009,16,BAL,2009_16_BAL_PIT,1668.2403,0.0
2009,16,LAC,2009_16_LAC_TEN,1660.4573,0.0
2009,16,NYG,2009_16_CAR_NYG,1648.5362,0.0
2009,16,DAL,2009_16_DAL_WAS,1642.5929,0.0
2009,16,GB,2009_16_SEA_GB,1641.3116,0.0
2009,16,ARI,2009_16_LAR_ARI,1603.2886,0.0
2009,16,PIT,2009_16_BAL_PIT,1578.9093,0.0
2009,16,HOU,2009_16_HOU_MIA,1575.3934,0.0
2009,16,TEN,2009_16_LAC_TEN,1575.0339,55.8515
2009,16,ATL,2009_16_BUF_ATL,1568.5151,0.0
2009,16,MIA,2009_16_HOU_MIA,1552.9171,-24.0456
2009,16,NYJ,2009_16_NYJ_IND,1542.4458,0.0
2009,16,SF,2009_16_DET_SF,1541.6142,-20.4947
2009,16,CIN,2009_16_KC_CIN,1540.7401,0.0
2009,16,DEN,2009_16_DEN_PHI,1497.4752,0.0
2009,16,WAS,2009_16_DAL_WAS,1493.5811,0.0
2009,16,CAR,2009_16_CAR_NYG,1493.5364,-8.5186
2009,16,JAX,2009_16_JAX_NE,1479.5156,0.0
2009,16,BUF,2009_16_BUF_ATL,1456.7993,24.2156
2009,16,CHI,2009_16_MIN_CHI,1445.3177,0.0
2009,16,SEA,2009_16_SEA_GB,1389.7788,0.0
2009,16,TB,2009_16_TB_NO,1387.8261,-33.4951
2009,16,CLE,2009_16_OAK_CLE,1355.3565,-41.4504
2009,16,OAK,2009_16_OAK_CLE,1318.4732,65.8561
2009,16,KC,2009_16_KC_CIN,1270.6883,-0.2007
2009,16,DET,2009_16_DET_SF,1246.3432,16.4788
2009,16,LAR,2009_16_LAR_ARI,1209.1931,-37.628
2009,17,NE,2009_17_NE_HOU,1794.8083,0.0
2009,17,PHI,2009_17_PHI_DAL,1697.9874,0.0
2009,17,LAC,2009_17_WAS_LAC,1693.6022,0.0
2009,17,IND,2009_17_IND_BUF,1688.4582,0.0
2009,17,NO,2009_17_NO_CAR,1684.7115,-155.8554
2009,17,GB,2009_17_GB_ARI,1676.388,0.0
2009,17,MIN,2009_17_NYG_MIN,1671.2476,0.0
2009,17,BAL,2009_17_BAL_OAK,1667.6498,0.0
2009,17,DAL,2009_17_PHI_DAL,1657.535,0.0
2009,17,NYG,2009_17_NYG_MIN,1616.4252,0.0
2009,17,ARI,2009_17_GB_ARI,1607.2664,0.0
2009,17,ATL,2009_17_ATL_TB,1593.4729,0.0
2009,17,HOU,2009_17_NE_HOU,1588.152,0.0
2009,17,PIT,2009_17_PIT_MIA,1581.6913,0.0
2009,17,NYJ,2009_17_CIN_NYJ,1561.4058,0.0
2009,17,TEN,2009_17_TEN_SEA,1551.1866,39.5741
2009,17,SF,2009_17_SF_LAR,1542.4717,-13.7391
2009,17,MIA,2009_17_PIT_MIA,1541.1087,-16.7866
2009,17,CIN,2009_17_CIN_NYJ,1537.634,0.0
2009,17,CAR,2009_17_NO_CAR,1536.2621,6.8714
2009,17,DEN,2009_17_KC_DEN,1501.9841,0.0
2009,17,WAS,2009_17_WAS_LAC,1478.9722,0.0
2009,17,JAX,2009_17_JAX_CLE,1460.7157,0.0
2009,17,CHI,2009_17_CHI_DET,1460.1615,0.0
2009,17,BUF,2009_17_IND_BUF,1426.9897,-27.7272
2009,17,TB,2009_17_ATL_TB,1401.8072,-35.3349
2009,17,CLE,2009_17_JAX_CLE,1376.8253,-41.2673
2009,17,SEA,2009_17_TEN_SEA,1361.1029,0.0
2009,17,OAK,2009_17_BAL_OAK,1296.8648,56.1383
2009,17,KC,2009_17_KC_DEN,1271.8498,2.1599
2009,17,DET,2009_17_CHI_DET,1241.2473,-51.0205
2009,17,LAR,2009_17_SF_LAR,1201.5719,-45.123
2010,1,NE,2010_01_CIN_NE,1681.3063,0.0
2010,1,NO,2010_01_MIN_NO,1660.7495,0.0
2010,1,MIN,2010_01_MIN_NO,1644.4156,0.0
2010,1,GB,2010_01_GB_PHI,1633.9241,0.0
2010,1,LAC,2010_01_LAC_KC,1624.0075,0.0
2010,1,IND,2010_01_IND_HOU,1623.5712,0.0
2010,1,DAL,2010_01_DAL_WAS,1613.5807,0.0
2010,1,PHI,2010_01_GB_PHI,1595.5368,0.0
2010,1,HOU,2010_01_IND_HOU,1585.4356,0.0
2010,1,BAL,2010_01_BAL_NYJ,1575.7323,0.0
2010,1,ATL,2010_01_ATL_PIT,1556.9811,0.0
2010,1,NYG,2010_01_CAR_NYG,1553.0763,0.0
2010,1,NYJ,2010_01_BAL_NYJ,1539.6937,0.0
2010,1,TEN,2010_01_OAK_TEN,1532.6657,0.0
2010,1,PIT,2010_01_ATL_PIT,1517.724,0.0
2010,1,MIA,2010_01_MIA_BUF,1516.9882,0.0
2010,1,CAR,2010_01_CAR_NYG,1514.7073,0.0
2010,1,SF,2010_01_SF_SEA,1514.3179,0.0
2010,1,ARI,2010_01_ARI_LAR,1511.1164,0.0
2010,1,WAS,2010_01_DAL_WAS,1502.2124,0.0
2010,1,CHI,2010_01_DET_CHI,1499.9401,0.0
2010,1,CIN,2010_01_CIN_NE,1498.7728,0.0
2010,1,DEN,2010_01_DEN_JAX,1486.6273,0.0
2010,1,JAX,2010_01_DEN_JAX,1484.1065,0.0
2010,1,BUF,2010_01_MIA_BUF,1475.7002,0.0
2010,1,CLE,2010_01_CLE_TB,1439.6236,0.0
2010,1,TB,2010_01_CLE_TB,1425.9087,0.0
2010,1,OAK,2010_01_OAK_TEN,1413.442,0.0
2010,1,SEA,2010_01_SF_SEA,1409.1632,0.0
2010,1,KC,2010_01_LAC_KC,1380.1914,0.0
2010,1,DET,2010_01_DET_CHI,1352.9211,0.0
2010,1,LAR,2010_01_ARI_LAR,1344.0538,0.0
2010,2,NE,2010_02_NE_NYJ,1686.0623,0.0
2010,2,NO,2010_02_NO_SF,1661.5895,0.0
2010,2,GB,2010_02_BUF_GB,1640.9936,0.0
2010,2,MIN,2010_02_MIA_MIN,1632.546,0.0
2010,2,IND,2010_02_NYG_IND,1617.006,0.0
2010,2,DAL,2010_02_CHI_DAL,1615.0619,0.0
2010,2,LAC,2010_02_JAX_LAC,1610.5523,0.0
2010,2,HOU,2010_02_HOU_WAS,1590.7709,0.0
2010,2,PHI,2010_02_PHI_DET,1590.4725,-24.8053
2010,2,BAL,2010_02_BAL_CIN,1575.5068,0.0
2010,2,NYG,2010_02_NYG_IND,1570.5296,0.0
2010,2,TEN,2010_02_PIT_TEN,1552.3453,0.0
2010,2,ATL,2010_02_ARI_ATL,1543.9886,0.0
2010,2,NYJ,2010_02_NE_NYJ,1533.9114,0.0
2010,2,PIT,2010_02_PIT_TEN,1527.7381,0.0
2010,2,MIA,2010_02_MIA_MIN,1521.7999,0.0
2010,2,ARI,2010_02_ARI_ATL,1515.6644,0.0
2010,2,CIN,2010_02_BAL_CIN,1501.669,0.0
2010,2,CHI,2010_02_CHI_DAL,1500.1005,0.0
2010,2,CAR,2010_02_TB_CAR,1495.9648,0.0
2010,2,WAS,2010_02_HOU_WAS,1495.4637,0.0
2010,2,JAX,2010_02_JAX_LAC,1493.2228,0.0
2010,2,DEN,2010_02_SEA_DEN,1485.2865,0.0
2010,2,SF,2010_02_NO_SF,1481.6844,0.0
2010,2,BUF,2010_02_BUF_GB,1465.7669,0.0
2010,2,CLE,2010_02_KC_CLE,1439.4009,59.2507
2010,2,SEA,2010_02_SEA_DEN,1439.0151,0.0
2010,2,TB,2010_02_TB_CAR,1422.5754,0.0
2010,2,OAK,2010_02_LAR_OAK,1395.2115,0.0
2010,2,KC,2010_02_KC_CLE,1386.3541,0.0
2010,2,DET,2010_02_PHI_DET,1348.3196,2.1756
2010,2,LAR,2010_02_LAR_OAK,1335.8878,0.0
2010,3,NE,2010_03_BUF_NE,1671.4481,0.0
2010,3,GB,2010_03_GB_CHI,1664.2085,0.0
2010,3,NO,2010_03_ATL_NO,1643.8297,0.0
2010,3,IND,2010_03_IND_DEN,1641.1707,0.0
2010,3,LAC,2010_03_LAC_SEA,1631.8455,0.0
2010,3,MIN,2010_03_DET_MIN,1612.4306,0.0
2010,3,DAL,2010_03_DAL_HOU,1601.8428,0.0
2010,3,HOU,2010_03_DAL_HOU,1596.6031,0.0
2010,3,PHI,2010_03_PHI_JAX,1596.5478,-19.9594
2010,3,ATL,2010_03_ATL_NO,1584.4216,0.0
2010,3,BAL,2010_03_CLE_BAL,1560.285,0.0
2010,3,NYJ,2010_03_NYJ_MIA,1557.1267,0.0
2010,3,NYG,2010_03_TEN_NYG,1546.024,0.0
2010,3,TEN,2010_03_TEN_NYG,1537.3366,0.0
2010,3,MIA,2010_03_NYJ_MIA,1530.4622,0.0
2010,3,PIT,2010_03_PIT_TB,1529.066,41.9644
2010,3,CHI,2010_03_GB_CHI,1515.4421,0.0
2010,3,CIN,2010_03_CIN_CAR,1506.8067,0.0
2010,3,SF,2010_03_SF_KC,1506.7973,0.0
2010,3,DEN,2010_03_IND_DEN,1504.6171,0.0
2010,3,WAS,2010_03_WAS_LAR,1499.7827,0.0
2010,3,ARI,2010_03_OAK_ARI,1476.4494,0.0
2010,3,CAR,2010_03_CIN_CAR,1475.9419,40.6935
2010,3,JAX,2010_03_PHI_JAX,1473.4727,0.0
2010,3,BUF,2010_03_BUF_NE,1444.5154,-0.801
2010,3,TB,2010_03_PIT_TB,1444.0743,0.0
2010,3,SEA,2010_03_LAC_SEA,1436.3755,0.0
2010,3,CLE,2010_03_CLE_BAL,1432.2224,55.8931
2010,3,OAK,2010_03_OAK_ARI,1398.4083,-28.1518
2010,3,KC,2010_03_SF_KC,1393.5338,0.0
2010,3,DET,2010_03_DET_MIN,1352.9521,10.0981
2010,3,LAR,2010_03_WAS_LAR,1333.3969,0.0
2010,4,NE,2010_04_NE_MIA,1672.5185,0.0
2010,4,GB,2010_04_DET_GB,1660.9731,0.0
2010,4,IND,2010_04_IND_JAX,1653.0337,0.0
2010,4,NO,2010_04_CAR_NO,1634.8943,0.0
2010,4,LAC,2010_04_ARI_LAC,1624.9341,0.0
2010,4,PHI,2010_04_WAS_PHI,1619.8175,-3.2218
2010,4,MIN,2010_03_DET_MIN,1612.4306,0.0
2010,4,DAL,2010_03_DAL_HOU,1601.8428,0.0
2010,4,ATL,2010_04_SF_ATL,1597.4954,0.0
2010,4,HOU,2010_04_HOU_OAK,1587.4321,0.0
2010,4,NYJ,2010_04_NYJ_BUF,1580.9987,0.0
2010,4,BAL,2010_04_BAL_PIT,1569.1239,0.0
2010,4,PIT,2010_04_BAL_PIT,1552.7421,53.7102
2010,4,TEN,2010_04_DEN_TEN,1552.4881,0.0
2010,4,NYG,2010_04_CHI_NYG,1528.7952,0.0
2010,4,CHI,2010_04_CHI_NYG,1524.458,0.0
2010,4,MIA,2010_04_NE_MIA,1521.1332,0.0
2010,4,CIN,2010_04_CIN_CLE,1511.6795,0.0
2010,4,DEN,2010_04_DEN_TEN,1496.7359,0.0
2010,4,WAS,2010_04_WAS_PHI,1483.2188,0.0
2010,4,SF,2010_04_SF_ATL,1483.1831,0.0
2010,4,ARI,2010_04_ARI_LAC,1469.5763,0.0
2010,4,CAR,2010_04_CAR_NO,1465.5402,33.2639
2010,4,BUF,2010_04_NYJ_BUF,1453.702,9.9336
2010,4,SEA,2010_04_SEA_LAR,1446.2193,0.0
2010,4,TB,2010_03_PIT_TB,1444.0743,0.0
2010,4,JAX,2010_04_IND_JAX,1442.9113,0.0
2010,4,CLE,2010_04_CIN_CLE,1433.221,59.5532
2010,4,OAK,2010_04_HOU_OAK,1411.0287,-31.9672
2010,4,KC,2010_03_SF_KC,1393.5338,0.0
2010,4,LAR,2010_04_SEA_LAR,1350.2425,0.0
2010,4,DET,2010_04_DET_GB,1345.9025,13.4313
2010,5,NE,2010_04_NE_MIA,1672.5185,0.0
2010,5,LAC,2010_05_LAC_OAK,1656.0561,0.0
2010,5,IND,2010_05_KC_IND,1649.0001,0.0
2010,5,GB,2010_05_GB_WAS,1644.6636,0.0
2010,5,NO,2010_05_NO_ARI,1634.0254,0.0
2010,5,DAL,2010_05_TEN_DAL,1615.1166,0.0
2010,5,MIN,2010_05_MIN_NYJ,1613.8557,0.0
2010,5,PHI,2010_05_PHI_SF,1607.4275,0.0
2010,5,NYJ,2010_05_MIN_NYJ,1603.5496,0.0
2010,5,HOU,2010_05_NYG_HOU,1590.7983,0.0
2010,5,ATL,2010_05_ATL_CLE,1590.7828,0.0
2010,5,BAL,2010_05_DEN_BAL,1578.6582,0.0
2010,5,TEN,2010_05_TEN_DAL,1553.7525,0.0
2010,5,PIT,2010_04_BAL_PIT,1552.7421,53.7102
2010,5,NYG,2010_05_NYG_HOU,1548.0419,0.0
2010,5,MIA,2010_04_NE_MIA,1521.1332,0.0
2010,5,CIN,2010_05_TB_CIN,1513.4469,0.0
2010,5,DEN,2010_05_DEN_BAL,1501.3115,0.0
2010,5,WAS,2010_05_GB_WAS,1495.8334,0.0
2010,5,CHI,2010_05_CHI_CAR,1492.6088,-60.2796
2010,5,SF,2010_05_PHI_SF,1487.3677,0.0
2010,5,CAR,2010_05_CHI_CAR,1467.5289,29.3588
2010,5,JAX,2010_05_JAX_BUF,1456.0895,0.0
2010,5,SEA,2010_04_SEA_LAR,1446.2193,0.0
2010,5,CLE,2010_05_ATL_CLE,1440.2412,57.8932
2010,5,ARI,2010_05_NO_ARI,1434.5183,-39.9331
2010,5,BUF,2010_05_JAX_BUF,1432.2273,18.2709
2010,5,TB,2010_05_TB_CIN,1421.7327,0.0
2010,5,KC,2010_05_KC_IND,1420.808,0.0
2010,5,OAK,2010_05_LAC_OAK,1407.3948,-34.0584
2010,5,LAR,2010_05_LAR_DET,1366.2463,0.0
2010,5,DET,2010_05_LAR_DET,1365.2172,30.4336
2010,6,NE,2010_06_BAL_NE,1694.557,0.0
2010,6,IND,2010_06_IND_WAS,1644.7412,0.0
2010,6,LAC,2010_06_LAC_LAR,1641.5674,0.0
2010,6,GB,2010_06_MIA_GB,1636.7921,0.0
2010,6,NO,2010_06_NO_TB,1618.6185,0.0
2010,6,MIN,2010_06_DAL_MIN,1615.656,0.0
2010,6,NYJ,2010_06_NYJ_DEN,1606.9829,0.0
2010,6,PHI,2010_06_ATL_PHI,1604.2746,0.0
2010,6,DAL,2010_06_DAL_MIN,1603.9605,0.0
2010,6,ATL,2010_06_ATL_PHI,1599.6407,0.0
2010,6,BAL,2010_06_BAL_NE,1586.6269,0.0
2010,6,NYG,2010_06_DET_NYG,1580.9321,0.0
2010,6,TEN,2010_06_TEN_JAX,1570.5014,0.0
2010,6,HOU,2010_06_KC_HOU,1549.9853,0.0
2010,6,PIT,2010_06_CLE_PIT,1542.6977,83.195
2010,6,CIN,2010_05_TB_CIN,1513.4469,0.0
2010,6,CHI,2010_06_SEA_CHI,1507.9202,0.0
2010,6,DEN,2010_06_NYJ_DEN,1501.9905,0.0
2010,6,WAS,2010_06_IND_WAS,1497.6128,0.0
2010,6,MIA,2010_06_MIA_GB,1495.7431,0.0
2010,6,SF,2010_06_OAK_SF,1493.5296,0.0
2010,6,JAX,2010_06_TEN_JAX,1474.9682,0.0
2010,6,CAR,2010_05_CHI_CAR,1467.5289,29.3588
2010,6,TB,2010_06_NO_TB,1436.8823,0.0
2010,6,ARI,2010_05_NO_ARI,1434.5183,-39.9331
2010,6,CLE,2010_06_CLE_PIT,1432.8575,21.6257
2010,6,BUF,2010_05_JAX_BUF,1432.2273,18.2709
2010,6,OAK,2010_06_OAK_SF,1426.7573,0.0
2010,6,KC,2010_06_KC_HOU,1423.9879,0.0
2010,6,SEA,2010_06_SEA_CHI,1420.7811,0.0
2010,6,DET,2010_06_DET_NYG,1400.9106,47.2535
2010,6,LAR,2010_06_LAC_LAR,1333.458,0.0
2010,7,NE,2010_07_NE_LAC,1691.0035,0.0
2010,7,IND,2010_06_IND_WAS,1644.7412,0.0
2010,7,NO,2010_07_CLE_NO,1644.49,0.0
2010,7,GB,2010_07_MIN_GB,1626.2451,0.0
2010,7,PHI,2010_07_PHI_TEN,1619.9571,0.0
2010,7,LAC,2010_07_NE_LAC,1618.5722,0.0
2010,7,MIN,2010_07_MIN_GB,1614.953,0.0
2010,7,NYJ,2010_06_NYJ_DEN,1606.9829,0.0
2010,7,DAL,2010_07_NYG_DAL,1603.0163,0.0
2010,7,TEN,2010_07_PHI_TEN,1599.0205,-40.8021
2010,7,BAL,2010_07_BUF_BAL,1592.1905,0.0
2010,7,ATL,2010_07_CIN_ATL,1585.9888,0.0
2010,7,NYG,2010_07_NYG_DAL,1584.4588,0.0
2010,7,PIT,2010_07_PIT_MIA,1553.6071,92.5879
2010,7,HOU,2010_06_KC_HOU,1549.9853,0.0
2010,7,MIA,2010_07_PIT_MIA,1509.3977,0.0
2010,7,SF,2010_07_SF_CAR,1501.3328,0.0
2010,7,CIN,2010_07_CIN_ATL,1498.9363,0.0
2010,7,DEN,2010_07_OAK_DEN,1495.8359,0.0
2010,7,CHI,2010_07_WAS_CHI,1490.7929,0.0
2010,7,WAS,2010_07_WAS_CHI,1489.5223,0.0
2010,7,JAX,2010_07_JAX_KC,1449.7097,-75.5912
2010,7,ARI,2010_07_ARI_SEA,1441.6428,-43.0962
2010,7,KC,2010_07_JAX_KC,1437.2976,0.0
2010,7,SEA,2010_07_ARI_SEA,1436.624,0.0
2010,7,CAR,2010_07_SF_CAR,1434.3145,0.0
2010,7,CLE,2010_07_CLE_NO,1427.9847,22.6431
2010,7,BUF,2010_07_BUF_BAL,1420.0712,25.8918
2010,7,OAK,2010_07_OAK_DEN,1417.6085,0.0
2010,7,TB,2010_07_LAR_TB,1413.7027,0.0
2010,7,DET,2010_06_DET_NYG,1400.9106,47.2535
2010,7,LAR,2010_07_LAR_TB,1352.506,0.0
2010,8,NE,2010_08_MIN_NE,1685.2839,0.0
2010,8,IND,2010_08_HOU_IND,1654.3085,0.0
2010,8,GB,2010_08_GB_NYJ,1629.8215,0.0
2010,8,PHI,2010_07_PHI_TEN,1619.9571,0.0
2010,8,LAC,2010_08_TEN_LAC,1619.7924,0.0
2010,8,NYJ,2010_08_GB_NYJ,1617.9995,0.0
2010,8,TEN,2010_08_TEN_LAC,1617.7073,0.0
2010,8,MIN,2010_08_MIN_NE,1611.9784,0.0
2010,8,NO,2010_08_PIT_NO,1608.7039,0.0
2010,8,BAL,2010_07_BUF_BAL,1592.1905,0.0
2010,8,ATL,2010_07_CIN_ATL,1585.9888,0.0
2010,8,NYG,2010_07_NYG_DAL,1584.4588,0.0
2010,8,DAL,2010_08_JAX_DAL,1580.0656,-129.9206
2010,8,HOU,2010_08_HOU_IND,1559.0587,0.0
2010,8,PIT,2010_08_PIT_NO,1555.5432,99.6755
2010,8,MIA,2010_08_MIA_CIN,1511.5693,0.0
2010,8,CIN,2010_08_MIA_CIN,1506.2821,0.0
2010,8,SF,2010_08_DEN_SF,1497.3554,-34.4329
2010,8,CHI,2010_07_WAS_CHI,1490.7929,0.0
2010,8,WAS,2010_08_WAS_DET,1484.9061,0.0
2010,8,OAK,2010_08_SEA_OAK,1463.4195,0.0
2010,8,KC,2010_08_BUF_KC,1456.1572,0.0
2010,8,SEA,2010_08_SEA_OAK,1446.1386,0.0
2010,8,DEN,2010_08_DEN_SF,1445.551,0.0
2010,8,JAX,2010_08_JAX_DAL,1443.5232,0.0
2010,8,CAR,2010_08_CAR_LAR,1435.6408,0.0
2010,8,ARI,2010_08_TB_ARI,1432.2143,-57.6251
2010,8,BUF,2010_08_BUF_KC,1429.21,52.8589
2010,8,CLE,2010_07_CLE_NO,1427.9847,22.6431
2010,8,TB,2010_08_TB_ARI,1408.2034,0.0
2010,8,DET,2010_08_WAS_DET,1403.1165,0.0
2010,8,LAR,2010_08_CAR_LAR,1364.2143,0.0
2010,9,NE,2010_09_NE_CLE,1701.104,0.0
2010,9,IND,2010_09_IND_PHI,1663.1106,0.0
2010,9,LAC,2010_09_LAC_HOU,1630.474,0.0
2010,9,GB,2010_09_DAL_GB,1629.9261,0.0
2010,9,TEN,2010_08_TEN_LAC,1617.7073,0.0
2010,9,NO,2010_09_NO_CAR,1617.2543,0.0
2010,9,NYJ,2010_09_NYJ_DET,1608.2328,0.0
2010,9,PHI,2010_09_IND_PHI,1605.0147,-15.6958
2010,9,NYG,2010_09_NYG_SEA,1603.3149,0.0
2010,9,MIN,2010_09_ARI_MIN,1599.2634,0.0
2010,9,ATL,2010_09_TB_ATL,1597.5577,0.0
2010,9,BAL,2010_09_MIA_BAL,1591.9307,0.0
2010,9,DAL,2010_09_DAL_GB,1554.8614,-127.54
2010,9,HOU,2010_09_LAC_HOU,1548.059,0.0
2010,9,PIT,2010_09_PIT_CIN,1540.0026,85.376
2010,9,MIA,2010_09_MIA_BAL,1525.4095,0.0
2010,9,OAK,2010_09_KC_OAK,1500.3702,0.0
2010,9,SF,2010_08_DEN_SF,1497.3554,-34.4329
2010,9,CIN,2010_09_PIT_CIN,1495.1803,0.0
2010,9,WAS,2010_08_WAS_DET,1484.9061,0.0
2010,9,CHI,2010_09_CHI_BUF,1478.3951,0.0
2010,9,KC,2010_09_KC_OAK,1453.5125,0.0
2010,9,CLE,2010_09_NE_CLE,1452.9264,14.1015
2010,9,DEN,2010_08_DEN_SF,1445.551,0.0
2010,9,JAX,2010_08_JAX_DAL,1443.5232,0.0
2010,9,BUF,2010_09_CHI_BUF,1428.8256,46.5393
2010,9,CAR,2010_09_NO_CAR,1426.5225,0.0
2010,9,ARI,2010_09_ARI_MIN,1424.1953,0.0
2010,9,TB,2010_09_TB_ATL,1417.8156,0.0
2010,9,DET,2010_09_NYJ_DET,1411.8514,0.0
2010,9,SEA,2010_09_NYG_SEA,1411.6029,9.6687
2010,9,LAR,2010_08_CAR_LAR,1364.2143,0.0
2010,10,NE,2010_10_NE_PIT,1679.4887,0.0
2010,10,IND,2010_10_CIN_IND,1659.3463,0.0
2010,10,NYG,2010_10_DAL_NYG,1642.5601,0.0
2010,10,LAC,2010_09_LAC_HOU,1630.474,0.0
2010,10,GB,2010_09_DAL_GB,1629.9261,0.0
2010,10,TEN,2010_10_TEN_MIA,1622.0025,-28.5803
2010,10,PHI,2010_10_PHI_WAS,1617.7782,-1.865
2010,10,NO,2010_09_NO_CAR,1617.2543,0.0
2010,10,NYJ,2010_10_NYJ_CLE,1612.6386,0.0
2010,10,BAL,2010_10_BAL_ATL,1609.4011,0.0
2010,10,ATL,2010_10_BAL_ATL,1608.5781,0.0
2010,10,MIN,2010_10_MIN_CHI,1599.0695,0.0
2010,10,PIT,2010_10_NE_PIT,1542.9698,80.9276
2010,10,HOU,2010_10_HOU_JAX,1542.0748,0.0
2010,10,DAL,2010_10_DAL_NYG,1527.1498,-133.874
2010,10,SF,2010_10_LAR_SF,1508.2179,-18.336
2010,10,MIA,2010_10_TEN_MIA,1507.5789,-13.2155
2010,10,OAK,2010_09_KC_OAK,1500.3702,0.0
2010,10,CIN,2010_10_CIN_IND,1486.9618,0.0
2010,10,CHI,2010_10_MIN_CHI,1485.8093,0.0
2010,10,CLE,2010_10_NYJ_CLE,1481.8089,28.3315
2010,10,JAX,2010_10_HOU_JAX,1471.1761,0.0
2010,10,WAS,2010_10_PHI_WAS,1464.7247,0.0
2010,10,KC,2010_10_KC_DEN,1460.927,0.0
2010,10,DEN,2010_10_KC_DEN,1443.2971,0.0
2010,10,BUF,2010_10_DET_BUF,1424.8103,48.3326
2010,10,ARI,2010_10_SEA_ARI,1421.7227,0.0
2010,10,TB,2010_10_CAR_TB,1417.9076,0.0
2010,10,DET,2010_10_DET_BUF,1413.2234,36.961
2010,10,CAR,2010_10_CAR_TB,1394.7991,-0.6614
2010,10,SEA,2010_10_SEA_ARI,1378.7242,0.0
2010,10,LAR,2010_10_LAR_SF,1372.8023,0.0
2010,11,NE,2010_11_IND_NE,1701.3453,0.0
2010,11,GB,2010_11_GB_MIN,1663.3588,0.0
2010,11,PHI,2010_11_NYG_PHI,1659.8488,45.312
2010,11,IND,2010_11_IND_NE,1645.1426,0.0
2010,11,LAC,2010_11_DEN_LAC,1638.0355,0.0
2010,11,NO,2010_11_SEA_NO,1634.0301,0.0
2010,11,NYG,2010_11_NYG_PHI,1617.0689,0.0
2010,11,NYJ,2010_11_HOU_NYJ,1617.0042,0.0
2010,11,ATL,2010_11_ATL_LAR,1615.9119,0.0
2010,11,BAL,2010_11_BAL_CAR,1611.3646,0.0
2010,11,TEN,2010_11_WAS_TEN,1611.1385,0.0
2010,11,MIN,2010_11_GB_MIN,1577.5196,0.0
2010,11,DAL,2010_11_DET_DAL,1553.0034,-110.3754
2010,11,HOU,2010_11_HOU_NYJ,1536.4327,0.0
2010,11,PIT,2010_11_OAK_PIT,1525.856,87.1231
2010,11,MIA,2010_11_CHI_MIA,1517.5095,-19.3646
2010,11,SF,2010_11_TB_SF,1511.7888,-8.5666
2010,11,CHI,2010_11_CHI_MIA,1507.2662,0.0
2010,11,CIN,2010_11_BUF_CIN,1493.0812,0.0
2010,11,OAK,2010_11_OAK_PIT,1490.373,0.0
2010,11,JAX,2010_11_CLE_JAX,1488.382,0.0
2010,11,CLE,2010_11_CLE_JAX,1486.5509,30.6677
2010,11,DEN,2010_11_DEN_LAC,1473.2193,0.0
2010,11,KC,2010_11_ARI_KC,1444.357,0.0
2010,11,TB,2010_11_TB_SF,1441.4741,0.0
2010,11,WAS,2010_11_WAS_TEN,1436.411,0.0
2010,11,BUF,2010_11_BUF_CIN,1423.8175,42.4748
2010,11,DET,2010_11_DET_DAL,1414.6239,40.6729
2010,11,SEA,2010_11_SEA_NO,1405.1128,0.0
2010,11,ARI,2010_11_ARI_KC,1393.5878,0.0
2010,11,CAR,2010_11_BAL_CAR,1379.5743,-11.98
2010,11,LAR,2010_11_ATL_LAR,1378.0939,0.0
2010,12,NE,2010_12_NE_DET,1705.3626,0.0
2010,12,GB,2010_12_GB_ATL,1686.8549,0.0
2010,12,PHI,2010_12_PHI_CHI,1663.7803,47.1171
2010,12,LAC,2010_12_LAC_IND,1655.7659,0.0
2010,12,IND,2010_12_LAC_IND,1649.4897,0.0
2010,12,NO,2010_12_NO_DAL,1634.5813,0.0
2010,12,BAL,2010_12_TB_BAL,1634.1436,0.0
2010,12,ATL,2010_12_GB_ATL,1631.6639,0.0
2010,12,NYJ,2010_12_CIN_NYJ,1617.5438,0.0
2010,12,NYG,2010_12_JAX_NYG,1611.9038,0.0
2010,12,TEN,2010_12_TEN_HOU,1597.6528,-79.9246
2010,12,DAL,2010_12_NO_DAL,1571.8072,-86.897
2010,12,PIT,2010_12_PIT_BUF,1551.3742,114.8734
2010,12,MIN,2010_12_MIN_WAS,1546.3223,0.0
2010,12,HOU,2010_12_TEN_HOU,1538.76,0.0
2010,12,CHI,2010_12_PHI_CHI,1529.4464,0.0
2010,12,JAX,2010_12_JAX_NYG,1496.7321,0.0
2010,12,MIA,2010_12_MIA_OAK,1490.3052,0.0
2010,12,SF,2010_12_SF_ARI,1485.259,-22.2362
2010,12,CLE,2010_12_CAR_CLE,1473.0744,0.0
2010,12,OAK,2010_12_MIA_OAK,1470.5203,-19.6148
2010,12,CIN,2010_12_CIN_NYJ,1468.4834,0.0
2010,12,KC,2010_12_KC_SEA,1465.8314,0.0
2010,12,TB,2010_12_TB_BAL,1462.6192,0.0
2010,12,BUF,2010_12_PIT_BUF,1458.4171,58.3718
2010,12,DEN,2010_12_LAR_DEN,1455.2586,0.0
2010,12,WAS,2010_12_MIN_WAS,1448.1796,0.0
2010,12,SEA,2010_12_KC_SEA,1417.4817,0.0
2010,12,DET,2010_12_NE_DET,1400.3407,43.8465
2010,12,ARI,2010_12_SF_ARI,1379.7237,0.0
2010,12,LAR,2010_12_LAR_DEN,1365.3309,0.0
2010,12,CAR,2010_12_CAR_CLE,1354.3108,0.8229
2010,13,NE,2010_13_NYJ_NE,1721.9238,0.0
2010,13,GB,2010_13_SF_GB,1687.4993,0.0
2010,13,LAC,2010_13_OAK_LAC,1675.5498,0.0
2010,13,PHI,2010_13_HOU_PHI,1658.556,53.5547
2010,13,ATL,2010_13_ATL_TB,1637.864,0.0
2010,13,BAL,2010_13_PIT_BAL,1634.3803,0.0
2010,13,NO,2010_13_NO_CIN,1634.3648,0.0
2010,13,NYJ,2010_13_NYJ_NE,1631.0888,0.0
2010,13,IND,2010_13_DAL_IND,1617.3285,0.0
2010,13,NYG,2010_13_WAS_NYG,1607.054,0.0
2010,13,TEN,2010_13_JAX_TEN,1577.3269,-50.4549
2010,13,DAL,2010_13_DAL_IND,1576.4422,-74.6228
2010,13,MIN,2010_13_BUF_MIN,1554.4435,0.0
2010,13,PIT,2010_13_PIT_BAL,1553.4072,103.5981
2010,13,HOU,2010_13_HOU_PHI,1551.7131,0.0
2010,13,CHI,2010_13_CHI_DET,1547.513,0.0
2010,13,JAX,2010_13_JAX_TEN,1506.8574,0.0
2010,13,MIA,2010_13_CLE_MIA,1506.515,0.0
2010,13,KC,2010_13_DEN_KC,1492.6975,0.0
2010,13,SF,2010_13_SF_GB,1492.5572,-29.0783
2010,13,CLE,2010_13_CLE_MIA,1468.1113,0.0
2010,13,TB,2010_13_ATL_TB,1463.5865,0.0
2010,13,BUF,2010_13_BUF_MIN,1460.9253,52.738
2010,13,OAK,2010_13_OAK_LAC,1456.8388,0.0
2010,13,CIN,2010_13_NO_CIN,1456.179,0.0
2010,13,DEN,2010_13_DEN_KC,1453.8448,0.0
2010,13,WAS,2010_13_WAS_NYG,1437.4007,0.0
2010,13,SEA,2010_13_CAR_SEA,1399.0397,0.0
2010,13,DET,2010_13_CHI_DET,1388.6005,-9.0164
2010,13,LAR,2010_13_LAR_ARI,1382.4958,0.0
2010,13,ARI,2010_13_LAR_ARI,1359.4212,0.0
2010,13,CAR,2010_13_CAR_SEA,1357.1166,-6.202
2010,14,NE,2010_14_NE_CHI,1765.5651,0.0
2010,14,GB,2010_14_GB_DET,1698.6959,0.0
2010,14,PHI,2010_14_PHI_DAL,1662.1949,65.4465
2010,14,LAC,2010_14_KC_LAC,1645.6007,0.0
2010,14,ATL,2010_14_ATL_CAR,1645.4364,0.0
2010,14,NO,2010_14_LAR_NO,1640.5896,0.0
2010,14,BAL,2010_14_BAL_HOU,1637.4518,0.0
2010,14,NYG,2010_14_NYG_MIN,1613.7919,0.0
2010,14,IND,2010_14_IND_TEN,1600.2215,0.0
2010,14,NYJ,2010_14_MIA_NYJ,1596.1946,0.0
2010,14,DAL,2010_14_PHI_DAL,1588.9341,-70.3091
2010,14,MIN,2010_14_NYG_MIN,1564.7099,2.5435
2010,14,TEN,2010_14_IND_TEN,1559.7835,-66.6328
2010,14,HOU,2010_14_BAL_HOU,1557.7081,0.0
2010,14,CHI,2010_14_NE_CHI,1556.7586,0.0
2010,14,PIT,2010_14_CIN_PIT,1553.4153,95.2953
2010,14,JAX,2010_14_OAK_JAX,1520.1314,0.0
2010,14,KC,2010_14_KC_LAC,1491.8651,-86.7843
2010,14,SF,2010_14_SEA_SF,1489.8758,0.0
2010,14,OAK,2010_14_OAK_JAX,1489.8627,0.0
2010,14,MIA,2010_14_MIA_NYJ,1486.3828,0.0
2010,14,CLE,2010_14_CLE_BUF,1479.1042,0.0
2010,14,TB,2010_14_TB_WAS,1462.0155,0.0
2010,14,CIN,2010_14_CIN_PIT,1459.8441,0.0
2010,14,DEN,2010_14_DEN_ARI,1454.7532,0.0
2010,14,BUF,2010_14_CLE_BUF,1437.1884,45.7905
2010,14,WAS,2010_14_TB_WAS,1427.8495,0.0
2010,14,SEA,2010_14_SEA_SF,1415.188,0.0
2010,14,LAR,2010_14_LAR_NO,1392.8508,0.0
2010,14,DET,2010_14_GB_DET,1385.3821,2.5188
2010,14,ARI,2010_14_DEN_ARI,1343.2806,15.2498
2010,14,CAR,2010_14_ATL_CAR,1332.2065,-17.8055
2010,15,NE,2010_15_GB_NE,1791.6962,0.0
2010,15,GB,2010_15_GB_NE,1675.4883,-215.2084
2010,15,PHI,2010_15_PHI_NYG,1667.7506,58.8161
2010,15,LAC,2010_15_SF_LAC,1666.9743,0.0
2010,15,ATL,2010_15_ATL_SEA,1652.6179,0.0
2010,15,NO,2010_15_NO_BAL,1639.5176,0.0
2010,15,BAL,2010_15_NO_BAL,1638.1534,0.0
2010,15,NYG,2010_15_PHI_NYG,1635.7744,0.0
2010,15,IND,2010_15_JAX_IND,1600.3372,0.0
2010,15,DAL,2010_15_WAS_DAL,1588.4343,-61.9184
2010,15,TEN,2010_15_HOU_TEN,1572.7033,-39.6042
2010,15,NYJ,2010_15_NYJ_PIT,1568.7429,0.0
2010,15,HOU,2010_15_HOU_TEN,1560.1572,0.0
2010,15,PIT,2010_15_NYJ_PIT,1559.8681,91.6051
2010,15,MIN,2010_15_CHI_MIN,1539.3877,0.0
2010,15,CHI,2010_15_CHI_MIN,1534.3874,0.0
2010,15,JAX,2010_15_JAX_IND,1523.5558,0.0
2010,15,SF,2010_15_SF_LAC,1502.883,0.0
2010,15,OAK,2010_15_DEN_OAK,1494.0498,0.0
2010,15,MIA,2010_15_BUF_MIA,1492.3798,0.0
2010,15,CLE,2010_15_CLE_CIN,1476.7647,12.7255
2010,15,KC,2010_15_KC_LAR,1471.9948,0.0
2010,15,TB,2010_15_DET_TB,1466.5673,0.0
2010,15,CIN,2010_15_CLE_CIN,1449.1511,0.0
2010,15,BUF,2010_15_BUF_MIA,1438.0184,50.7791
2010,15,WAS,2010_15_WAS_DAL,1426.2664,-27.5453
2010,15,DEN,2010_15_DEN_OAK,1411.9269,-41.0209
2010,15,SEA,2010_15_ATL_SEA,1403.738,0.0
2010,15,DET,2010_15_DET_TB,1396.0347,-3.1228
2010,15,LAR,2010_15_KC_LAR,1387.344,0.0
2010,15,ARI,2010_15_ARI_CAR,1360.4504,10.1051
2010,15,CAR,2010_15_ARI_CAR,1322.2639,-35.4594
2010,16,NE,2010_16_NE_BUF,1781.4946,0.0
2010,16,LAC,2010_16_LAC_CIN,1693.1264,0.0
2010,16,GB,2010_16_NYG_GB,1688.4527,0.0
2010,16,PHI,2010_16_MIN_PHI,1672.8966,83.7185
2010,16,ATL,2010_16_NO_ATL,1659.8167,0.0
2010,16,BAL,2010_16_BAL_CLE,1649.266,0.0
2010,16,NO,2010_16_NO_ATL,1632.6811,0.0
2010,16,NYG,2010_16_NYG_GB,1626.2066,0.0
2010,16,IND,2010_16_IND_OAK,1605.3071,0.0
2010,16,TEN,2010_16_TEN_KC,1590.6932,-41.7113
2010,16,DAL,2010_16_DAL_ARI,1589.1437,-49.945
2010,16,NYJ,2010_16_NYJ_CHI,1580.8604,0.0
2010,16,CHI,2010_16_NYJ_CHI,1564.4941,0.0
2010,16,PIT,2010_16_CAR_PIT,1556.8465,92.2695
2010,16,HOU,2010_16_HOU_DEN,1548.3636,0.0
2010,16,JAX,2010_16_WAS_JAX,1517.8253,0.0
2010,16,OAK,2010_16_IND_OAK,1513.9227,0.0
2010,16,MIN,2010_16_MIN_PHI,1508.3977,-62.2267
2010,16,MIA,2010_16_DET_MIA,1491.3345,0.0
2010,16,KC,2010_16_TEN_KC,1486.4533,0.0
2010,16,CLE,2010_16_BAL_CLE,1484.5963,22.5692
2010,16,SF,2010_16_SF_LAR,1482.3354,-48.0256
2010,16,TB,2010_16_SEA_TB,1465.8807,0.0
2010,16,CIN,2010_16_LAC_CIN,1447.5727,0.0
2010,16,BUF,2010_16_NE_BUF,1438.94,55.9172
2010,16,WAS,2010_16_WAS_JAX,1430.7105,-24.8516
2010,16,DET,2010_16_DET_MIA,1409.7066,38.2435
2010,16,DEN,2010_16_HOU_DEN,1398.5284,-27.5618
2010,16,SEA,2010_16_SEA_TB,1394.2603,0.0
2010,16,LAR,2010_16_SF_LAR,1373.0292,0.0
2010,16,ARI,2010_16_DAL_ARI,1345.0965,5.5661
2010,16,CAR,2010_16_CAR_PIT,1332.4394,-26.0255
2010,17,NE,2010_17_MIA_NE,1799.4658,0.0
2010,17,GB,2010_17_CHI_GB,1719.9708,0.0
2010,17,LAC,2010_17_LAC_DEN,1667.1915,0.0
2010,17,ATL,2010_17_CAR_ATL,1658.8837,0.0
2010,17,BAL,2010_17_CIN_BAL,1654.7307,0.0
2010,17,PHI,2010_17_DAL_PHI,1647.7766,0.0
2010,17,NO,2010_17_TB_NO,1627.7759,0.0
2010,17,IND,2010_17_TEN_IND,1613.0869,0.0
2010,17,NYG,2010_17_NYG_WAS,1609.5459,0.0
2010,17,DAL,2010_17_DAL_PHI,1587.117,-117.3163
2010,17,NYJ,2010_17_BUF_NYJ,1586.1476,14.9823
2010,17,CHI,2010_17_CHI_GB,1574.8218,0.0
2010,17,PIT,2010_17_PIT_CLE,1569.579,102.774
2010,17,TEN,2010_17_TEN_IND,1567.158,-52.5956
2010,17,HOU,2010_17_JAX_HOU,1542.5755,0.0
2010,17,MIN,2010_17_MIN_DET,1525.688,-46.6718
2010,17,KC,2010_17_OAK_KC,1515.9212,0.0
2010,17,OAK,2010_17_OAK_KC,1505.4791,0.0
2010,17,JAX,2010_17_JAX_HOU,1504.9359,-76.1854
2010,17,TB,2010_17_TB_NO,1495.3451,0.0
2010,17,MIA,2010_17_MIA_NE,1484.428,0.0
2010,17,CLE,2010_17_PIT_CLE,1483.3559,11.7044
2010,17,SF,2010_17_ARI_SF,1478.0284,0.0
2010,17,CIN,2010_17_CIN_BAL,1477.6541,0.0
2010,17,WAS,2010_17_NYG_WAS,1437.8713,-30.626
2010,17,DET,2010_17_MIN_DET,1422.8426,44.1926
2010,17,DEN,2010_17_LAC_DEN,1410.2101,-20.1948
2010,17,BUF,2010_17_BUF_NYJ,1407.8519,-1.0114
2010,17,LAR,2010_17_LAR_SEA,1377.9622,0.0
2010,17,SEA,2010_17_LAR_SEA,1377.0192,8.99
2010,17,ARI,2010_17_ARI_SF,1340.0774,10.6791
2010,17,CAR,2010_17_CAR_ATL,1314.4357,-42.4155
2011,1,NE,2011_01_NE_MIA,1722.7313,0.0
2011,1,GB,2011_01_NO_GB,1637.9389,0.0
2011,1,ATL,2011_01_ATL_CHI,1602.5231,0.0
2011,1,PHI,2011_01_PHI_LAR,1600.3576,0.0
2011,1,NO,2011_01_NO_GB,1598.1977,0.0
2011,1,LAC,2011_01_MIN_LAC,1594.6794,0.0
2011,1,BAL,2011_01_PIT_BAL,1573.1839,0.0
2011,1,DAL,2011_01_DAL_NYJ,1567.4749,0.0
2011,1,PIT,2011_01_PIT_BAL,1562.6043,0.0
2011,1,NYJ,2011_01_DAL_NYJ,1561.6468,0.0
2011,1,NYG,2011_01_NYG_WAS,1556.2913,0.0
2011,1,HOU,2011_01_IND_HOU,1553.7198,0.0
2011,1,CHI,2011_01_ATL_CHI,1541.6062,0.0
2011,1,IND,2011_01_IND_HOU,1536.0401,0.0
2011,1,OAK,2011_01_OAK_DEN,1530.1401,0.0
2011,1,TEN,2011_01_TEN_JAX,1529.4958,0.0
2011,1,TB,2011_01_DET_TB,1528.7019,0.0
2011,1,MIN,2011_01_MIN_LAC,1506.7724,0.0
2011,1,SF,2011_01_SEA_SF,1489.8196,0.0
2011,1,JAX,2011_01_TEN_JAX,1488.9742,0.0
2011,1,CIN,2011_01_CIN_CLE,1476.7409,0.0
2011,1,KC,2011_01_BUF_KC,1476.6132,0.0
2011,1,CLE,2011_01_CIN_CLE,1472.7221,0.0
2011,1,DET,2011_01_DET_TB,1464.7819,0.0
2011,1,MIA,2011_01_NE_MIA,1461.7494,0.0
2011,1,WAS,2011_01_NYG_WAS,1457.2928,0.0
2011,1,DEN,2011_01_OAK_DEN,1449.2532,0.0
2011,1,BUF,2011_01_BUF_KC,1443.6027,0.0
2011,1,SEA,2011_01_SEA_SF,1440.2456,0.0
2011,1,LAR,2011_01_PHI_LAR,1420.781,0.0
2011,1,ARI,2011_01_CAR_ARI,1409.274,0.0
2011,1,CAR,2011_01_CAR_ARI,1406.6409,0.0
2011,2,NE,2011_02_LAC_NE,1739.0998,0.0
2011,2,GB,2011_02_GB_CAR,1650.7617,0.0
2011,2,PHI,2011_02_PHI_ATL,1612.5728,0.0
2011,2,NO,2011_02_CHI_NO,1598.7067,0.0
2011,2,LAC,2011_02_LAC_NE,1594.725,0.0
2011,2,BAL,2011_02_BAL_TEN,1593.8497,0.0
2011,2,ATL,2011_02_PHI_ATL,1586.7669,0.0
2011,2,HOU,2011_02_HOU_MIA,1578.612,0.0
2011,2,DAL,2011_02_DAL_SF,1568.0315,0.0
2011,2,NYJ,2011_02_JAX_NYJ,1560.7328,0.0
2011,2,CHI,2011_02_CHI_NO,1551.091,0.0
2011,2,NYG,2011_02_LAR_NYG,1540.417,0.0
2011,2,PIT,2011_02_SEA_PIT,1540.2687,0.0
2011,2,OAK,2011_02_OAK_BUF,1532.2876,0.0
2011,2,TEN,2011_02_BAL_TEN,1523.0125,0.0
2011,2,TB,2011_02_TB_MIN,1514.9425,0.0
2011,2,MIN,2011_02_TB_MIN,1507.589,0.0
2011,2,IND,2011_02_CLE_IND,1501.5623,0.0
2011,2,JAX,2011_02_JAX_NYJ,1495.9917,0.0
2011,2,SF,2011_02_DAL_SF,1489.8016,0.0
2011,2,CIN,2011_02_CIN_DEN,1488.9125,0.0
2011,2,DET,2011_02_KC_DET,1484.5147,0.0
2011,2,BUF,2011_02_OAK_BUF,1481.1509,0.0
2011,2,WAS,2011_02_ARI_WAS,1473.4835,0.0
2011,2,CLE,2011_02_CLE_IND,1455.3758,0.0
2011,2,MIA,2011_02_HOU_MIA,1454.9129,0.0
2011,2,DEN,2011_02_CIN_DEN,1442.4753,0.0
2011,2,SEA,2011_02_SEA_PIT,1441.1631,0.0
2011,2,KC,2011_02_KC_DET,1431.1946,0.0
2011,2,ARI,2011_02_ARI_WAS,1420.8753,0.0
2011,2,LAR,2011_02_LAR_NYG,1406.747,0.0
2011,2,CAR,2011_02_GB_CAR,1403.3314,0.0
2011,3,NE,2011_03_NE_BUF,1752.3227,0.0
2011,3,GB,2011_03_GB_CHI,1653.9907,0.0
2011,3,PHI,2011_03_NYG_PHI,1612.5534,0.0
2011,3,NO,2011_03_HOU_NO,1612.1018,0.0
2011,3,LAC,2011_03_KC_LAC,1595.8023,0.0
2011,3,HOU,2011_03_HOU_NO,1586.3096,0.0
2011,3,ATL,2011_03_ATL_TB,1584.4343,0.0
2011,3,BAL,2011_03_BAL_LAR,1582.5656,0.0
2011,3,NYJ,2011_03_NYJ_OAK,1577.5411,0.0
2011,3,DAL,2011_03_WAS_DAL,1573.7628,0.0
2011,3,PIT,2011_03_PIT_IND,1562.1305,0.0
2011,3,OAK,2011_03_NYJ_OAK,1542.6439,0.0
2011,3,TEN,2011_03_DEN_TEN,1538.2319,0.0
2011,3,NYG,2011_03_NYG_PHI,1537.2853,0.0
2011,3,CHI,2011_03_GB_CHI,1536.4841,0.0
2011,3,DET,2011_03_DET_MIN,1523.7599,0.0
2011,3,TB,2011_03_ATL_TB,1517.3123,0.0
2011,3,MIN,2011_03_DET_MIN,1507.819,0.0
2011,3,BUF,2011_03_NE_BUF,1490.7823,0.0
2011,3,CIN,2011_03_SF_CIN,1487.3306,0.0
2011,3,SF,2011_03_SF_CIN,1487.2533,0.0
2011,3,IND,2011_03_PIT_IND,1483.8529,0.0
2011,3,WAS,2011_03_WAS_DAL,1475.63,0.0
2011,3,CLE,2011_03_MIA_CLE,1472.4482,0.0
2011,3,JAX,2011_03_JAX_CAR,1464.9239,36.2531
2011,3,MIA,2011_03_MIA_CLE,1445.4839,0.0
2011,3,DEN,2011_03_DEN_TEN,1445.0263,0.0
2011,3,ARI,2011_03_ARI_SEA,1425.5163,0.0
2011,3,SEA,2011_03_ARI_SEA,1420.5043,0.0
2011,3,LAR,2011_03_BAL_LAR,1414.4142,0.0
2011,3,CAR,2011_03_JAX_CAR,1406.397,0.0
2011,3,KC,2011_03_KC_LAC,1393.0662,0.0
2011,4,NE,2011_04_NE_OAK,1746.0776,0.0
2011,4,GB,2011_04_DEN_GB,1663.6078,0.0
2011,4,NO,2011_04_NO_JAX,1619.0709,0.0
2011,4,BAL,2011_04_NYJ_BAL,1615.2961,0.0
2011,4,PHI,2011_04_SF_PHI,1593.8326,0.0
2011,4,LAC,2011_04_MIA_LAC,1591.1085,0.0
2011,4,HOU,2011_04_PIT_HOU,1586.3686,0.0
2011,4,ATL,2011_04_ATL_SEA,1581.9826,0.0
2011,4,DAL,2011_04_DET_DAL,1573.0811,0.0
2011,4,NYJ,2011_04_NYJ_BAL,1569.0625,0.0
2011,4,OAK,2011_04_NE_OAK,1558.6409,0.0
2011,4,PIT,2011_04_PIT_HOU,1557.7174,0.0
2011,4,NYG,2011_04_NYG_ARI,1555.5962,0.0
2011,4,TEN,2011_04_TEN_CLE,1546.1947,0.0
2011,4,DET,2011_04_DET_DAL,1530.4442,0.0
2011,4,CHI,2011_04_CAR_CHI,1526.2324,0.0
2011,4,TB,2011_04_IND_TB,1511.6147,0.0
2011,4,BUF,2011_04_BUF_CIN,1503.8857,0.0
2011,4,MIN,2011_04_MIN_KC,1503.2717,0.0
2011,4,SF,2011_04_SF_PHI,1497.0994,0.0
2011,4,IND,2011_04_IND_TB,1476.7323,-49.719
2011,4,WAS,2011_04_WAS_LAR,1474.5884,0.0
2011,4,CLE,2011_04_TEN_CLE,1472.4942,0.0
2011,4,CIN,2011_04_BUF_CIN,1470.9275,0.0
2011,4,JAX,2011_04_NO_JAX,1452.3539,25.6488
2011,4,MIA,2011_04_MIA_LAC,1452.1203,0.0
2011,4,DEN,2011_04_DEN_GB,1436.9675,0.0
2011,4,ARI,2011_04_NYG_ARI,1424.4551,0.0
2011,4,SEA,2011_04_ATL_SEA,1422.527,0.0
2011,4,CAR,2011_04_CAR_CHI,1413.7605,0.0
2011,4,KC,2011_04_MIN_KC,1395.4782,0.0
2011,4,LAR,2011_04_WAS_LAR,1372.7345,0.0
2011,5,NE,2011_05_NYJ_NE,1755.1473,0.0
2011,5,GB,2011_05_GB_ATL,1677.0538,0.0
2011,5,NO,2011_05_NO_CAR,1630.3979,0.0
2011,5,BAL,2011_04_NYJ_BAL,1615.2961,0.0
2011,5,LAC,2011_05_LAC_DEN,1599.7266,0.0
2011,5,HOU,2011_05_OAK_HOU,1587.8762,0.0
2011,5,ATL,2011_05_GB_ATL,1585.004,0.0
2011,5,PHI,2011_05_PHI_BUF,1584.0221,0.0
2011,5,DAL,2011_04_DET_DAL,1573.0811,0.0
2011,5,TEN,2011_05_TEN_PIT,1562.9478,0.0
2011,5,NYG,2011_05_SEA_NYG,1558.0921,0.0
2011,5,OAK,2011_05_OAK_HOU,1557.9065,0.0
2011,5,PIT,2011_05_TEN_PIT,1554.9546,0.0
2011,5,DET,2011_05_CHI_DET,1540.8188,0.0
2011,5,NYJ,2011_05_NYJ_NE,1539.2313,0.0
2011,5,CHI,2011_05_CHI_DET,1524.9858,0.0
2011,5,TB,2011_05_TB_SF,1516.7869,0.0
2011,5,SF,2011_05_TB_SF,1512.533,0.0
2011,5,MIN,2011_05_ARI_MIN,1503.0468,0.0
2011,5,BUF,2011_05_PHI_BUF,1499.2538,0.0
2011,5,WAS,2011_04_WAS_LAR,1474.5884,0.0
2011,5,CIN,2011_05_CIN_JAX,1474.3458,0.0
2011,5,CLE,2011_04_TEN_CLE,1472.4942,0.0
2011,5,IND,2011_05_KC_IND,1472.4781,-42.5058
2011,5,MIA,2011_04_MIA_LAC,1452.1203,0.0
2011,5,SEA,2011_05_SEA_NYG,1432.6028,0.0
2011,5,DEN,2011_05_LAC_DEN,1431.8117,0.0
2011,5,JAX,2011_05_CIN_JAX,1431.3609,9.9378
2011,5,ARI,2011_05_ARI_MIN,1425.6773,0.0
2011,5,CAR,2011_05_NO_CAR,1416.0219,0.0
2011,5,KC,2011_05_KC_IND,1399.1289,0.0
2011,5,LAR,2011_04_WAS_LAR,1372.7345,0.0
2011,6,NE,2011_06_DAL_NE,1756.0438,0.0
2011,6,GB,2011_06_LAR_GB,1693.2986,0.0
2011,6,NO,2011_06_NO_TB,1634.9849,0.0
2011,6,BAL,2011_06_HOU_BAL,1629.7324,0.0
2011,6,LAC,2011_05_LAC_DEN,1599.7266,0.0
2011,6,PIT,2011_06_JAX_PIT,1583.7729,0.0
2011,6,PHI,2011_06_PHI_WAS,1577.9572,0.0
2011,6,HOU,2011_06_HOU_BAL,1577.8772,0.0
2011,6,ATL,2011_06_CAR_ATL,1569.0008,0.0
2011,6,OAK,2011_06_CLE_OAK,1563.1622,0.0
2011,6,TEN,2011_05_TEN_PIT,1562.9478,0.0
2011,6,DAL,2011_06_DAL_NE,1559.7525,0.0
2011,6,SF,2011_06_SF_DET,1558.0319,0.0
2011,6,DET,2011_06_SF_DET,1555.7655,0.0
2011,6,NYJ,2011_06_MIA_NYJ,1542.6607,0.0
2011,6,MIN,2011_06_MIN_CHI,1529.1696,0.0
2011,6,NYG,2011_06_BUF_NYG,1526.4816,0.0
2011,6,CHI,2011_06_MIN_CHI,1514.712,0.0
2011,6,BUF,2011_06_BUF_NYG,1507.0987,0.0
2011,6,WAS,2011_06_PHI_WAS,1477.5275,0.0
2011,6,CIN,2011_06_IND_CIN,1473.716,0.0
2011,6,TB,2011_06_NO_TB,1472.6648,0.0
2011,6,IND,2011_06_IND_CIN,1464.2459,-21.7223
2011,6,CLE,2011_06_CLE_OAK,1460.1583,0.0
2011,6,MIA,2011_06_MIA_NYJ,1447.1417,-32.3704
2011,6,SEA,2011_05_SEA_NYG,1432.6028,0.0
2011,6,DEN,2011_05_LAC_DEN,1431.8117,0.0
2011,6,ARI,2011_05_ARI_MIN,1425.6773,0.0
2011,6,JAX,2011_06_JAX_PIT,1425.6257,11.2073
2011,6,CAR,2011_06_CAR_ATL,1425.0988,0.0
2011,6,KC,2011_05_KC_IND,1399.1289,0.0
2011,6,LAR,2011_06_LAR_GB,1357.7796,0.0
2011,7,NE,2011_06_DAL_NE,1756.0438,0.0
2011,7,GB,2011_07_GB_MIN,1696.4041,0.0
2011,7,BAL,2011_07_BAL_JAX,1650.9963,0.0
2011,7,NO,2011_07_IND_NO,1627.0653,0.0
2011,7,LAC,2011_07_LAC_NYJ,1595.3666,0.0
2011,7,PIT,2011_07_PIT_ARI,1582.9551,0.0
2011,7,PHI,2011_06_PHI_WAS,1577.9572,0.0
2011,7,ATL,2011_07_ATL_DET,1575.7249,0.0
2011,7,OAK,2011_07_KC_OAK,1568.6433,-67.6979
2011,7,HOU,2011_07_HOU_TEN,1560.2581,0.0
2011,7,DAL,2011_07_LAR_DAL,1559.8246,0.0
2011,7,SF,2011_06_SF_DET,1558.0319,0.0
2011,7,NYJ,2011_07_LAC_NYJ,1547.0601,0.0
2011,7,CHI,2011_07_CHI_TB,1546.608,0.0
2011,7,TEN,2011_07_HOU_TEN,1543.1055,0.0
2011,7,DET,2011_07_ATL_DET,1539.379,0.0
2011,7,NYG,2011_06_BUF_NYG,1526.4816,0.0
2011,7,BUF,2011_06_BUF_NYG,1507.0987,0.0
2011,7,MIN,2011_07_GB_MIN,1501.4963,12.8759
2011,7,TB,2011_07_CHI_TB,1482.9347,0.0
2011,7,CIN,2011_06_IND_CIN,1473.716,0.0
2011,7,WAS,2011_07_WAS_CAR,1470.7084,-41.5948
2011,7,SEA,2011_07_SEA_CLE,1463.0968,-10.8736
2011,7,IND,2011_07_IND_NO,1462.5947,-12.3207
2011,7,CLE,2011_07_SEA_CLE,1459.9928,0.0
2011,7,MIA,2011_07_DEN_MIA,1435.9534,-47.268
2011,7,DEN,2011_07_DEN_MIA,1431.7768,11.7589
2011,7,CAR,2011_07_WAS_CAR,1425.6988,0.0
2011,7,JAX,2011_07_BAL_JAX,1425.4463,0.0171
2011,7,KC,2011_07_KC_OAK,1414.9931,0.0
2011,7,ARI,2011_07_PIT_ARI,1394.7896,0.0
2011,7,LAR,2011_07_LAR_DAL,1355.4491,7.7148
2011,8,NE,2011_08_NE_PIT,1754.4064,0.0
2011,8,GB,2011_07_GB_MIN,1696.4041,0.0
2011,8,NO,2011_08_NO_LAR,1664.9425,0.0
2011,8,BAL,2011_08_ARI_BAL,1628.5923,0.0
2011,8,HOU,2011_08_JAX_HOU,1598.1674,0.0
2011,8,PIT,2011_08_NE_PIT,1597.0874,0.0
2011,8,LAC,2011_08_LAC_KC,1585.0597,0.0
2011,8,PHI,2011_08_DAL_PHI,1584.274,0.0
2011,8,DAL,2011_08_DAL_PHI,1581.4899,0.0
2011,8,ATL,2011_07_ATL_DET,1575.7249,0.0
2011,8,OAK,2011_07_KC_OAK,1568.6433,-67.6979
2011,8,SF,2011_08_CLE_SF,1563.8744,0.0
2011,8,NYJ,2011_07_LAC_NYJ,1547.0601,0.0
2011,8,CHI,2011_07_CHI_TB,1546.608,0.0
2011,8,NYG,2011_08_MIA_NYG,1535.5782,0.0
2011,8,DET,2011_08_DET_DEN,1522.1191,0.0
2011,8,BUF,2011_08_WAS_BUF,1509.2808,0.0
2011,8,MIN,2011_08_MIN_CAR,1506.2152,7.4774
2011,8,TEN,2011_08_IND_TEN,1502.6894,0.0
2011,8,TB,2011_07_CHI_TB,1482.9347,0.0
2011,8,CIN,2011_08_CIN_SEA,1477.9213,0.0
2011,8,WAS,2011_08_WAS_BUF,1466.1894,-30.8736
2011,8,CLE,2011_08_CLE_SF,1462.9549,0.0
2011,8,SEA,2011_08_CIN_SEA,1452.9975,-33.7916
2011,8,KC,2011_08_LAC_KC,1448.4209,0.0
2011,8,CAR,2011_08_MIN_CAR,1444.6251,0.0
2011,8,JAX,2011_08_JAX_HOU,1439.1326,-14.2628
2011,8,DEN,2011_08_DET_DEN,1433.2263,3.9864
2011,8,MIA,2011_08_MIA_NYG,1427.4325,-47.3966
2011,8,IND,2011_08_IND_TEN,1421.8668,-22.1621
2011,8,ARI,2011_08_ARI_BAL,1393.646,0.0
2011,8,LAR,2011_08_NO_LAR,1332.2495,6.6027
2011,9,NE,2011_09_NYG_NE,1742.8214,0.0
2011,9,GB,2011_09_GB_LAC,1703.62,0.0
2011,9,NO,2011_09_TB_NO,1635.579,0.0
2011,9,BAL,2011_09_BAL_PIT,1623.5595,0.0
2011,9,PHI,2011_09_CHI_PHI,1620.3045,0.0
2011,9,PIT,2011_09_BAL_PIT,1611.0826,0.0
2011,9,HOU,2011_09_CLE_HOU,1600.8897,0.0
2011,9,ATL,2011_09_ATL_IND,1585.283,0.0
2011,9,LAC,2011_09_GB_LAC,1580.1622,0.0
2011,9,SF,2011_09_SF_WAS,1572.7523,0.0
2011,9,NYJ,2011_09_NYJ_BUF,1559.9995,0.0
2011,9,CHI,2011_09_CHI_PHI,1551.4909,0.0
2011,9,DAL,2011_09_SEA_DAL,1550.8061,0.0
2011,9,BUF,2011_09_NYJ_BUF,1534.2759,0.0
2011,9,NYG,2011_09_NYG_NE,1532.4273,0.0
2011,9,OAK,2011_09_DEN_OAK,1523.964,2.4816
2011,9,DET,2011_08_DET_DEN,1522.1191,0.0
2011,9,TEN,2011_09_CIN_TEN,1507.0307,0.0
2011,9,MIN,2011_08_MIN_CAR,1506.2152,7.4774
2011,9,CIN,2011_09_CIN_TEN,1487.4305,0.0
2011,9,TB,2011_09_TB_NO,1474.3007,0.0
2011,9,CLE,2011_09_CLE_HOU,1460.4492,0.0
2011,9,KC,2011_09_MIA_KC,1450.3604,0.0
2011,9,CAR,2011_08_MIN_CAR,1444.6251,0.0
2011,9,JAX,2011_08_JAX_HOU,1439.1326,-14.2628
2011,9,SEA,2011_09_SEA_DAL,1438.5327,0.0
2011,9,MIA,2011_09_MIA_KC,1438.0485,-51.2463
2011,9,WAS,2011_09_SF_WAS,1434.1393,-58.2008
2011,9,IND,2011_09_ATL_IND,1416.9001,-18.2895
2011,9,ARI,2011_09_LAR_ARI,1399.4029,-55.3365
2011,9,DEN,2011_09_DEN_OAK,1396.9478,-13.2064
2011,9,LAR,2011_09_LAR_ARI,1354.2911,0.0
2011,10,NE,2011_10_NE_NYJ,1733.9947,0.0
2011,10,GB,2011_10_MIN_GB,1717.3545,0.0
2011,10,NO,2011_10_NO_ATL,1641.4929,0.0
2011,10,BAL,2011_10_BAL_SEA,1629.7337,0.0
2011,10,PIT,2011_10_PIT_CIN,1614.504,0.0
2011,10,HOU,2011_10_HOU_TB,1609.6576,0.0
2011,10,PHI,2011_10_ARI_PHI,1601.8314,0.0
2011,10,ATL,2011_10_NO_ATL,1601.0271,0.0
2011,10,NYJ,2011_10_NE_NYJ,1584.6723,0.0
2011,10,SF,2011_10_NYG_SF,1577.4537,0.0
2011,10,CHI,2011_10_DET_CHI,1574.7565,0.0
2011,10,LAC,2011_10_OAK_LAC,1572.8902,0.0
2011,10,DAL,2011_10_BUF_DAL,1557.4303,0.0
2011,10,DET,2011_10_DET_CHI,1550.9731,0.0
2011,10,NYG,2011_10_NYG_SF,1541.4785,0.0
2011,10,BUF,2011_10_BUF_DAL,1517.1189,0.0
2011,10,MIN,2011_10_MIN_GB,1512.6993,6.0893
2011,10,CIN,2011_10_PIT_CIN,1500.1083,0.0
2011,10,OAK,2011_10_OAK_LAC,1498.871,-3.645
2011,10,TEN,2011_10_TEN_CAR,1498.2228,0.0
2011,10,MIA,2011_10_WAS_MIA,1476.6256,-24.6785
2011,10,TB,2011_10_HOU_TB,1469.1214,0.0
2011,10,CLE,2011_10_LAR_CLE,1453.5968,0.0
2011,10,CAR,2011_10_TEN_CAR,1444.7573,0.0
2011,10,SEA,2011_10_BAL_SEA,1434.2099,0.0
2011,10,WAS,2011_10_WAS_MIA,1429.7633,0.0
2011,10,JAX,2011_10_JAX_IND,1425.5527,-28.9361
2011,10,DEN,2011_10_DEN_KC,1421.5425,5.7198
2011,10,KC,2011_10_DEN_KC,1416.6472,0.0
2011,10,ARI,2011_10_ARI_PHI,1407.2773,-42.621
2011,10,IND,2011_10_JAX_IND,1393.0344,-31.9318
2011,10,LAR,2011_10_LAR_CLE,1344.6809,0.0
2011,11,NE,2011_11_KC_NE,1750.9196,0.0
2011,11,GB,2011_11_TB_GB,1749.3673,0.0
2011,11,NO,2011_10_NO_ATL,1641.4929,0.0
2011,11,PIT,2011_10_PIT_CIN,1614.504,0.0
2011,11,BAL,2011_11_CIN_BAL,1611.4263,0.0
2011,11,HOU,2011_10_HOU_TB,1609.6576,0.0
2011,11,ATL,2011_11_TEN_ATL,1599.2283,0.0
2011,11,DAL,2011_11_DAL_WAS,1591.287,0.0
2011,11,CHI,2011_11_LAC_CHI,1582.7829,0.0
2011,11,SF,2011_11_ARI_SF,1579.8581,0.0
2011,11,PHI,2011_11_PHI_NYG,1579.5743,-89.3303
2011,11,NYJ,2011_11_NYJ_DEN,1567.5966,0.0
2011,11,LAC,2011_11_LAC_CHI,1554.9194,0.0
2011,11,NYG,2011_11_PHI_NYG,1545.0082,0.0
2011,11,DET,2011_11_CAR_DET,1537.8338,0.0
2011,11,TEN,2011_11_TEN_ATL,1522.9378,0.0
2011,11,OAK,2011_11_OAK_MIN,1513.5813,3.8132
2011,11,CIN,2011_11_CIN_BAL,1496.2472,0.0
2011,11,MIN,2011_11_OAK_MIN,1487.4033,-5.9789
2011,11,MIA,2011_11_BUF_MIA,1485.5052,-23.5998
2011,11,BUF,2011_11_BUF_MIA,1485.0292,0.0
2011,11,SEA,2011_11_SEA_LAR,1454.2685,0.0
2011,11,CLE,2011_11_JAX_CLE,1446.7541,0.0
2011,11,JAX,2011_11_JAX_CLE,1436.8825,-35.2374
2011,11,TB,2011_11_TB_GB,1435.7807,0.0
2011,11,DEN,2011_11_NYJ_DEN,1428.8183,8.4584
2011,11,ARI,2011_11_ARI_SF,1423.6617,-35.5284
2011,11,WAS,2011_11_DAL_WAS,1416.7831,0.0
2011,11,CAR,2011_11_CAR_DET,1415.923,0.0
2011,11,KC,2011_11_KC_NE,1401.9644,-81.2884
2011,11,IND,2011_10_JAX_IND,1393.0344,-31.9318
2011,11,LAR,2011_11_SEA_LAR,1354.2534,0.0
2011,12,NE,2011_12_NE_PHI,1760.9489,0.0
2011,12,GB,2011_12_GB_DET,1743.823,0.0
2011,12,NO,2011_12_NYG_NO,1643.3786,0.0
2011,12,HOU,2011_12_HOU_JAX,1634.3866,-64.6379
2011,12,PIT,2011_12_PIT_KC,1623.5858,0.0
2011,12,ATL,2011_12_MIN_ATL,1609.8717,0.0
2011,12,BAL,2011_12_SF_BAL,1607.94,0.0
2011,12,PHI,2011_12_NE_PHI,1600.351,-91.6906
2011,12,CHI,2011_12_CHI_OAK,1597.338,-97.5982
2011,12,DAL,2011_12_MIA_DAL,1595.286,0.0
2011,12,SF,2011_12_SF_BAL,1591.6703,0.0
2011,12,DET,2011_12_GB_DET,1563.0799,0.0
2011,12,NYJ,2011_12_BUF_NYJ,1555.0829,0.0
2011,12,LAC,2011_12_DEN_LAC,1550.6555,0.0
2011,12,NYG,2011_12_NYG_NO,1522.5173,0.0
2011,12,TEN,2011_12_TB_TEN,1521.2101,0.0
2011,12,OAK,2011_12_CHI_OAK,1521.1303,0.5115
2011,12,MIA,2011_12_MIA_DAL,1509.7408,-11.2048
2011,12,CIN,2011_12_CLE_CIN,1502.8172,0.0
2011,12,MIN,2011_12_MIN_ATL,1474.0182,-8.7414
2011,12,SEA,2011_12_WAS_SEA,1469.8608,0.0
2011,12,BUF,2011_12_BUF_NYJ,1458.8399,0.0
2011,12,CLE,2011_12_CLE_CIN,1456.447,0.0
2011,12,TB,2011_12_TB_TEN,1449.3751,0.0
2011,12,JAX,2011_12_HOU_JAX,1431.5548,-27.726
2011,12,DEN,2011_12_DEN_LAC,1431.1944,14.9674
2011,12,WAS,2011_12_WAS_SEA,1416.7945,0.0
2011,12,ARI,2011_12_ARI_LAR,1412.5335,-57.3166
2011,12,CAR,2011_12_CAR_IND,1406.3327,0.0
2011,12,KC,2011_12_PIT_KC,1385.7723,-88.8274
2011,12,IND,2011_12_CAR_IND,1367.612,-46.3082
2011,12,LAR,2011_12_ARI_LAR,1324.4591,0.0
2011,13,NE,2011_13_IND_NE,1778.2333,0.0
2011,13,GB,2011_13_GB_NYG,1753.8709,0.0
2011,13,NO,2011_13_DET_NO,1670.7948,0.0
2011,13,HOU,2011_13_ATL_HOU,1628.5902,-114.4108
2011,13,ATL,2011_13_ATL_HOU,1623.5291,0.0
2011,13,BAL,2011_13_BAL_CLE,1618.8953,0.0
2011,13,PIT,2011_13_CIN_PIT,1614.092,0.0
2011,13,CHI,2011_13_KC_CHI,1601.0022,-93.263
2011,13,PHI,2011_13_PHI_SEA,1591.3055,-80.7325
2011,13,DAL,2011_13_DAL_ARI,1588.5631,0.0
2011,13,SF,2011_13_LAR_SF,1584.1374,0.0
2011,13,NYJ,2011_13_NYJ_WAS,1562.6268,0.0
2011,13,DET,2011_13_DET_NO,1552.2021,0.0
2011,13,LAC,2011_13_LAC_JAX,1532.0673,0.0
2011,13,OAK,2011_13_OAK_MIA,1518.325,-9.4693
2011,13,TEN,2011_13_TEN_BUF,1518.0655,0.0
2011,13,MIA,2011_13_OAK_MIA,1517.5877,-7.9153
2011,13,NYG,2011_13_GB_NYG,1509.8935,0.0
2011,13,CIN,2011_13_CIN_PIT,1501.5407,0.0
2011,13,MIN,2011_13_DEN_MIN,1466.9119,-9.3672
2011,13,BUF,2011_13_TEN_BUF,1463.0836,0.0
2011,13,CLE,2011_13_BAL_CLE,1459.6667,0.0
2011,13,SEA,2011_13_PHI_SEA,1454.458,0.0
2011,13,TB,2011_13_CAR_TB,1442.0527,-110.7156
2011,13,DEN,2011_13_DEN_MIN,1441.0748,14.4863
2011,13,WAS,2011_13_NYJ_WAS,1434.3776,0.0
2011,13,JAX,2011_13_LAC_JAX,1426.1211,-45.5535
2011,13,CAR,2011_13_CAR_TB,1423.2657,0.0
2011,13,ARI,2011_13_DAL_ARI,1412.4653,0.0
2011,13,KC,2011_13_KC_CHI,1391.4771,-91.0214
2011,13,IND,2011_13_IND_NE,1353.3254,-7.8383
2011,13,LAR,2011_13_LAR_SF,1311.0832,14.5534
2011,14,NE,2011_14_NE_WAS,1766.6411,0.0
2011,14,GB,2011_14_OAK_GB,1748.9332,0.0
2011,14,NO,2011_14_NO_TEN,1695.0111,0.0
2011,14,HOU,2011_14_HOU_CIN,1639.6854,-113.7308
2011,14,PIT,2011_14_CLE_PIT,1634.6768,0.0
2011,14,BAL,2011_14_IND_BAL,1624.7295,0.0
2011,14,ATL,2011_14_ATL_CAR,1613.1533,0.0
2011,14,SF,2011_14_SF_ARI,1606.7394,0.0
2011,14,NYJ,2011_14_KC_NYJ,1577.7196,0.0
2011,14,DAL,2011_14_NYG_DAL,1574.4917,0.0
2011,14,PHI,2011_14_PHI_MIA,1574.3471,0.0
2011,14,CHI,2011_14_CHI_DEN,1573.1555,-121.7124
2011,14,LAC,2011_14_BUF_LAC,1563.1406,0.0
2011,14,MIA,2011_14_PHI_MIA,1539.3461,1.6006
2011,14,DET,2011_14_MIN_DET,1530.834,0.0
2011,14,NYG,2011_14_NYG_DAL,1525.6268,0.0
2011,14,TEN,2011_14_NO_TEN,1525.6142,0.0
2011,14,OAK,2011_14_OAK_GB,1504.2842,-10.9819
2011,14,CIN,2011_14_HOU_CIN,1478.2661,0.0
2011,14,SEA,2011_14_LAR_SEA,1475.7209,0.0
2011,14,MIN,2011_14_MIN_DET,1459.4896,3.5151
2011,14,BUF,2011_14_BUF_LAC,1456.2923,0.0
2011,14,CAR,2011_14_ATL_CAR,1453.4595,0.0
2011,14,CLE,2011_14_CLE_PIT,1451.1275,0.0
2011,14,DEN,2011_14_CHI_DEN,1449.4902,15.6061
2011,14,ARI,2011_14_SF_ARI,1430.8906,0.0
2011,14,WAS,2011_14_NE_WAS,1420.0688,0.0
2011,14,TB,2011_14_TB_JAX,1416.8564,0.0
2011,14,KC,2011_14_KC_NYJ,1408.7249,-82.5229
2011,14,JAX,2011_14_TB_JAX,1396.7078,-38.0417
2011,14,IND,2011_14_IND_BAL,1374.6868,14.6387
2011,14,LAR,2011_14_LAR_SEA,1287.2465,0.0
2011,15,NE,2011_15_NE_DEN,1765.9413,0.0
2011,15,GB,2011_15_GB_KC,1760.5816,0.0
2011,15,NO,2011_15_NO_MIN,1699.601,0.0
2011,15,HOU,2011_15_CAR_HOU,1648.3449,-103.0317
2011,15,PIT,2011_15_PIT_SF,1646.1534,0.0
2011,15,BAL,2011_15_BAL_LAC,1634.0527,0.0
2011,15,ATL,2011_15_JAX_ATL,1621.1402,0.0
2011,15,NYJ,2011_15_NYJ_PHI,1602.3854,0.0
2011,15,SF,2011_15_PIT_SF,1595.5428,0.0
2011,15,LAC,2011_15_BAL_LAC,1588.9695,0.0
2011,15,PHI,2011_15_NYJ_PHI,1588.0407,0.0
2011,15,DAL,2011_15_DAL_TB,1583.3684,0.0
2011,15,CHI,2011_15_SEA_CHI,1576.7447,-121.3435
2011,15,NYG,2011_15_WAS_NYG,1529.7517,0.0
2011,15,TEN,2011_15_TEN_IND,1526.0629,0.0
2011,15,DET,2011_15_DET_OAK,1517.8142,0.0
2011,15,MIA,2011_15_MIA_BUF,1510.7869,-14.3655
2011,15,OAK,2011_15_DET_OAK,1496.2979,-23.8305
2011,15,SEA,2011_15_SEA_CHI,1491.8857,0.0
2011,15,CIN,2011_15_CIN_LAR,1476.7969,0.0
2011,15,MIN,2011_15_NO_MIN,1471.0801,-13.7668
2011,15,CAR,2011_15_CAR_HOU,1449.2899,0.0
2011,15,DEN,2011_15_NE_DEN,1441.1863,5.885
2011,15,CLE,2011_15_CLE_ARI,1440.5242,32.0962
2011,15,ARI,2011_15_CLE_ARI,1439.3001,-59.3215
2011,15,WAS,2011_15_WAS_NYG,1430.2238,0.0
2011,15,BUF,2011_15_MIA_BUF,1423.8955,0.0
2011,15,JAX,2011_15_JAX_ATL,1423.0308,-36.6267
2011,15,KC,2011_15_GB_KC,1391.6497,19.4671
2011,15,TB,2011_15_DAL_TB,1385.8497,0.0
2011,15,IND,2011_15_TEN_IND,1364.9658,1.7615
2011,15,LAR,2011_15_CIN_LAR,1274.8119,-13.3867
2011,16,NE,2011_16_MIA_NE,1774.5432,0.0
2011,16,GB,2011_16_CHI_GB,1740.1344,0.0
2011,16,NO,2011_16_ATL_NO,1734.4995,0.0
2011,16,ATL,2011_16_ATL_NO,1635.7689,0.0
2011,16,PIT,2011_16_LAR_PIT,1628.7094,-54.9791
2011,16,HOU,2011_16_HOU_IND,1622.5914,-107.2189
2011,16,BAL,2011_16_CLE_BAL,1618.5581,0.0
2011,16,SF,2011_16_SF_SEA,1613.0817,0.0
2011,16,LAC,2011_16_LAC_DET,1612.9607,0.0
2011,16,PHI,2011_16_PHI_DAL,1612.2163,0.0
2011,16,DAL,2011_16_PHI_DAL,1604.8776,0.0
2011,16,NYJ,2011_16_NYG_NYJ,1576.7947,0.0
2011,16,CHI,2011_16_CHI_GB,1542.401,-16.9506
2011,16,MIA,2011_16_MIA_NE,1520.7313,-10.3442
2011,16,SEA,2011_16_SF_SEA,1516.0054,0.0
2011,16,DET,2011_16_LAC_DET,1514.9309,0.0
2011,16,OAK,2011_16_OAK_KC,1507.5178,-3.7878
2011,16,NYG,2011_16_NYG_NYJ,1506.4314,0.0
2011,16,TEN,2011_16_JAX_TEN,1504.6783,0.0
2011,16,CIN,2011_16_ARI_CIN,1481.3192,0.0
2011,16,CAR,2011_16_TB_CAR,1475.8552,0.0
2011,16,WAS,2011_16_MIN_WAS,1448.8951,0.0
2011,16,MIN,2011_16_MIN_WAS,1443.8964,-23.2131
2011,16,ARI,2011_16_ARI_CIN,1442.0147,-49.3602
2011,16,CLE,2011_16_CLE_BAL,1440.6932,37.4943
2011,16,DEN,2011_16_DEN_BUF,1438.3779,16.0356
2011,16,KC,2011_16_OAK_KC,1418.3172,32.5287
2011,16,BUF,2011_16_DEN_BUF,1414.3508,0.0
2011,16,JAX,2011_16_JAX_TEN,1401.5525,-46.0772
2011,16,IND,2011_16_HOU_IND,1373.2572,0.0313
2011,16,TB,2011_16_TB_CAR,1363.1101,0.0
2011,16,LAR,2011_16_LAR_PIT,1263.6026,-0.3447
2011,17,NE,2011_17_BUF_NE,1763.8362,0.0
2011,17,NO,2011_17_CAR_NO,1760.3426,0.0
2011,17,GB,2011_17_DET_GB,1746.1884,-222.0753
2011,17,PIT,2011_17_PIT_CLE,1651.5478,0.0
2011,17,PHI,2011_17_WAS_PHI,1630.2895,0.0
2011,17,ATL,2011_17_TB_ATL,1620.4409,0.0
2011,17,BAL,2011_17_BAL_CIN,1618.388,0.0
2011,17,HOU,2011_17_TEN_HOU,1614.3427,-114.3822
2011,17,SF,2011_17_SF_LAR,1612.456,0.0
2011,17,DAL,2011_17_DAL_NYG,1583.3249,0.0
2011,17,LAC,2011_17_LAC_OAK,1579.6663,0.0
2011,17,NYJ,2011_17_NYJ_MIA,1564.1125,0.0
2011,17,DET,2011_17_DET_GB,1554.6839,0.0
2011,17,CHI,2011_17_CHI_MIN,1551.7487,-7.4317
2011,17,MIA,2011_17_NYJ_MIA,1539.7418,-15.6757
2011,17,SEA,2011_17_SEA_ARI,1518.8782,0.0
2011,17,NYG,2011_17_DAL_NYG,1518.2005,0.0
2011,17,CAR,2011_17_CAR_NO,1504.1021,0.0
2011,17,OAK,2011_17_LAC_OAK,1503.9536,-4.9039
2011,17,TEN,2011_17_TEN_HOU,1502.1461,0.0
2011,17,CIN,2011_17_BAL_CIN,1485.9192,0.0
2011,17,MIN,2011_17_CHI_MIN,1456.3908,-25.9708
2011,17,WAS,2011_17_WAS_PHI,1443.6839,0.0
2011,17,CLE,2011_17_PIT_CLE,1440.5514,32.8702
2011,17,ARI,2011_17_SEA_ARI,1435.3736,-55.727
2011,17,BUF,2011_17_BUF_NE,1433.5037,0.0
2011,17,KC,2011_17_KC_DEN,1420.8735,34.3558
2011,17,DEN,2011_17_KC_DEN,1407.9829,-4.5659
2011,17,JAX,2011_17_IND_JAX,1400.9109,-49.8175
2011,17,IND,2011_17_IND_JAX,1377.3983,6.3704
2011,17,TB,2011_17_TB_ATL,1340.554,0.0
2011,17,LAR,2011_17_SF_LAR,1240.5723,-10.0822
2012,1,NO,2012_01_WAS_NO,1741.7834,0.0
2012,1,NE,2012_01_NE_TEN,1713.6672,0.0
2012,1,GB,2012_01_SF_GB,1672.4578,0.0
2012,1,PHI,2012_01_PHI_CLE,1603.6239,0.0
2012,1,ATL,2012_01_ATL_KC,1589.6354,0.0
2012,1,PIT,2012_01_PIT_DEN,1581.0704,0.0
2012,1,LAC,2012_01_LAC_OAK,1577.82,0.0
2012,1,HOU,2012_01_MIA_HOU,1576.2105,0.0
2012,1,SF,2012_01_SF_GB,1567.2349,0.0
2012,1,DET,2012_01_LAR_DET,1564.8766,0.0
2012,1,BAL,2012_01_CIN_BAL,1562.4759,0.0
2012,1,DAL,2012_01_DAL_NYG,1551.5371,0.0
2012,1,NYG,2012_01_DAL_NYG,1545.5285,0.0
2012,1,CHI,2012_01_IND_CHI,1538.2069,0.0
2012,1,NYJ,2012_01_BUF_NYJ,1531.7535,0.0
2012,1,OAK,2012_01_LAC_OAK,1522.8135,0.0
2012,1,CAR,2012_01_CAR_TB,1522.5174,0.0
2012,1,MIA,2012_01_MIA_HOU,1515.8979,0.0
2012,1,TEN,2012_01_NE_TEN,1505.9941,0.0
2012,1,SEA,2012_01_SEA_ARI,1500.091,0.0
2012,1,CIN,2012_01_CIN_BAL,1494.9829,0.0
2012,1,DEN,2012_01_PIT_DEN,1491.933,0.0
2012,1,BUF,2012_01_BUF_NYJ,1471.9186,0.0
2012,1,CLE,2012_01_PHI_CLE,1470.8666,0.0
2012,1,WAS,2012_01_WAS_NO,1464.6952,0.0
2012,1,MIN,2012_01_JAX_MIN,1453.4182,0.0
2012,1,ARI,2012_01_SEA_ARI,1447.6968,0.0
2012,1,KC,2012_01_ATL_KC,1440.4554,0.0
2012,1,JAX,2012_01_JAX_MIN,1431.5238,0.0
2012,1,IND,2012_01_IND_CHI,1426.133,0.0
2012,1,TB,2012_01_CAR_TB,1421.7347,0.0
2012,1,LAR,2012_01_LAR_DET,1348.0311,0.0
2012,2,NE,2012_02_ARI_NE,1727.0025,0.0
2012,2,NO,2012_02_NO_CAR,1713.2231,0.0
2012,2,GB,2012_02_CHI_GB,1649.1239,0.0
2012,2,ATL,2012_02_DEN_ATL,1609.8501,0.0
2012,2,PHI,2012_02_BAL_PHI,1608.5168,0.0
2012,2,SF,2012_02_DET_SF,1595.0921,0.0
2012,2,HOU,2012_02_HOU_JAX,1594.137,0.0
2012,2,BAL,2012_02_BAL_PHI,1591.6723,0.0
2012,2,LAC,2012_02_TEN_LAC,1588.7144,0.0
2012,2,DAL,2012_02_DAL_SEA,1565.9624,0.0
2012,2,PIT,2012_02_NYJ_PIT,1559.5544,0.0
2012,2,CHI,2012_02_CHI_GB,1556.5785,0.0
2012,2,DET,2012_02_DET_SF,1556.1631,0.0
2012,2,NYJ,2012_02_NYJ_PIT,1546.3093,0.0
2012,2,NYG,2012_02_TB_NYG,1534.9464,0.0
2012,2,DEN,2012_02_DEN_ATL,1519.9729,0.0
2012,2,OAK,2012_02_OAK_MIA,1515.1589,0.0
2012,2,CAR,2012_02_NO_CAR,1514.4555,0.0
2012,2,SEA,2012_02_DAL_SEA,1496.5002,0.0
2012,2,WAS,2012_02_WAS_LAR,1495.4752,0.0
2012,2,TEN,2012_02_TEN_LAC,1490.7501,0.0
2012,2,MIA,2012_02_OAK_MIA,1490.5716,0.0
2012,2,CIN,2012_02_CLE_CIN,1469.4984,0.0
2012,2,BUF,2012_02_KC_BUF,1465.6164,0.0
2012,2,CLE,2012_02_CLE_CIN,1453.0122,0.0
2012,2,MIN,2012_02_MIN_IND,1452.0767,0.0
2012,2,ARI,2012_02_ARI_NE,1449.0157,27.2087
2012,2,JAX,2012_02_HOU_JAX,1439.6462,0.0
2012,2,KC,2012_02_KC_BUF,1435.6251,0.0
2012,2,TB,2012_02_TB_NYG,1425.9649,0.0
2012,2,IND,2012_02_MIN_IND,1409.2228,0.0
2012,2,LAR,2012_02_WAS_LAR,1355.8023,0.0
2012,3,NE,2012_03_NE_BAL,1707.5675,0.0
2012,3,NO,2012_03_KC_NO,1702.2352,0.0
2012,3,GB,2012_03_GB_SEA,1653.9267,0.0
2012,3,PHI,2012_03_PHI_ARI,1621.2681,0.0
2012,3,LAC,2012_03_ATL_LAC,1614.4559,0.0
2012,3,HOU,2012_03_HOU_DEN,1607.3343,0.0
2012,3,SF,2012_03_SF_MIN,1607.204,0.0
2012,3,ATL,2012_03_ATL_LAC,1604.6215,0.0
2012,3,BAL,2012_03_NE_BAL,1584.08,0.0
2012,3,PIT,2012_03_PIT_OAK,1574.6858,0.0
2012,3,DET,2012_03_DET_TEN,1549.7901,0.0
2012,3,CHI,2012_03_LAR_CHI,1543.3072,0.0
2012,3,DAL,2012_03_TB_DAL,1542.8491,0.0
2012,3,NYG,2012_03_NYG_CAR,1539.886,0.0
2012,3,NYJ,2012_03_NYJ_MIA,1537.0783,0.0
2012,3,CAR,2012_03_NYG_CAR,1530.9549,0.0
2012,3,DEN,2012_03_HOU_DEN,1524.6919,0.0
2012,3,SEA,2012_03_GB_SEA,1520.4459,0.0
2012,3,MIA,2012_03_NYJ_MIA,1507.6824,0.0
2012,3,OAK,2012_03_PIT_OAK,1500.8939,0.0
2012,3,WAS,2012_03_CIN_WAS,1488.645,0.0
2012,3,BUF,2012_03_BUF_CLE,1474.423,0.0
2012,3,CIN,2012_03_CIN_WAS,1473.8858,0.0
2012,3,TEN,2012_03_DET_TEN,1469.4842,0.0
2012,3,ARI,2012_03_PHI_ARI,1463.7905,31.8927
2012,3,CLE,2012_03_BUF_CLE,1460.4306,0.0
2012,3,MIN,2012_03_SF_MIN,1457.5828,0.0
2012,3,JAX,2012_03_JAX_IND,1428.1859,0.0
2012,3,KC,2012_03_KC_NO,1427.3461,0.0
2012,3,TB,2012_03_TB_DAL,1426.1941,0.0
2012,3,IND,2012_03_JAX_IND,1410.6197,0.0
2012,3,LAR,2012_03_LAR_CHI,1371.7938,0.0
2012,4,NE,2012_04_NE_BUF,1706.8297,0.0
2012,4,NO,2012_04_NO_GB,1679.0799,0.0
2012,4,GB,2012_04_NO_GB,1645.1346,0.0
2012,4,ATL,2012_04_CAR_ATL,1631.9166,0.0
2012,4,HOU,2012_04_TEN_HOU,1627.1047,0.0
2012,4,BAL,2012_04_CLE_BAL,1598.0468,0.0
2012,4,SF,2012_04_SF_NYJ,1591.6947,0.0
2012,4,PHI,2012_04_NYG_PHI,1591.0387,0.0
2012,4,LAC,2012_04_LAC_KC,1585.1855,0.0
2012,4,NYG,2012_04_NYG_PHI,1575.1148,0.0
2012,4,PIT,2012_03_PIT_OAK,1574.6858,0.0
2012,4,CHI,2012_04_CHI_DAL,1553.844,0.0
2012,4,DET,2012_04_MIN_DET,1549.2864,0.0
2012,4,DAL,2012_04_CHI_DAL,1539.5144,0.0
2012,4,NYJ,2012_04_SF_NYJ,1538.6638,0.0
2012,4,SEA,2012_04_SEA_LAR,1531.443,0.0
2012,4,DEN,2012_04_OAK_DEN,1517.0695,0.0
2012,4,MIA,2012_04_MIA_ARI,1505.1821,0.0
2012,4,OAK,2012_04_OAK_DEN,1503.1671,0.0
2012,4,ARI,2012_04_MIA_ARI,1494.4583,45.7645
2012,4,CAR,2012_04_CAR_ATL,1494.0737,0.0
2012,4,BUF,2012_04_NE_BUF,1493.2365,0.0
2012,4,CIN,2012_04_CIN_JAX,1487.1866,0.0
2012,4,WAS,2012_04_WAS_TB,1484.6076,0.0
2012,4,TEN,2012_04_TEN_HOU,1481.7749,0.0
2012,4,MIN,2012_04_MIN_DET,1480.9309,0.0
2012,4,KC,2012_04_LAC_KC,1442.1059,0.0
2012,4,JAX,2012_04_CIN_JAX,1441.3604,0.0
2012,4,CLE,2012_04_CLE_BAL,1438.2318,0.0
2012,4,TB,2012_04_WAS_TB,1417.5513,0.0
2012,4,IND,2012_03_JAX_IND,1410.6197,0.0
2012,4,LAR,2012_04_SEA_LAR,1356.5182,0.0
2012,5,NE,2012_05_DEN_NE,1726.8376,0.0
2012,5,NO,2012_05_LAC_NO,1674.2166,0.0
2012,5,GB,2012_05_GB_IND,1658.3399,0.0
2012,5,HOU,2012_05_HOU_NYJ,1639.6293,0.0
2012,5,ATL,2012_05_ATL_WAS,1623.291,0.0
2012,5,SF,2012_05_BUF_SF,1618.2997,0.0
2012,5,BAL,2012_05_BAL_KC,1594.2958,0.0
2012,5,PHI,2012_05_PHI_PIT,1592.8888,0.0
2012,5,LAC,2012_05_LAC_NO,1588.1044,0.0
2012,5,PIT,2012_05_PHI_PIT,1586.2805,0.0
2012,5,NYG,2012_05_CLE_NYG,1578.5934,0.0
2012,5,CHI,2012_05_CHI_JAX,1574.6533,0.0
2012,5,DEN,2012_05_DEN_NE,1549.3455,0.0
2012,5,DET,2012_04_MIN_DET,1549.2864,0.0
2012,5,DAL,2012_04_CHI_DAL,1539.5144,0.0
2012,5,SEA,2012_05_SEA_CAR,1531.3255,0.0
2012,5,CIN,2012_05_MIA_CIN,1519.6002,0.0
2012,5,MIA,2012_05_MIA_CIN,1510.8394,0.0
2012,5,CAR,2012_05_SEA_CAR,1506.8697,0.0
2012,5,OAK,2012_04_OAK_DEN,1503.1671,0.0
2012,5,NYJ,2012_05_HOU_NYJ,1497.142,0.0
2012,5,WAS,2012_05_ATL_WAS,1494.8909,0.0
2012,5,MIN,2012_05_TEN_MIN,1491.7225,0.0
2012,5,ARI,2012_05_ARI_LAR,1488.0656,38.9428
2012,5,BUF,2012_05_BUF_SF,1474.7048,0.0
2012,5,TEN,2012_05_TEN_MIN,1465.7362,-37.9395
2012,5,CLE,2012_05_CLE_NYG,1439.2344,0.0
2012,5,KC,2012_05_BAL_KC,1436.5073,0.0
2012,5,TB,2012_04_WAS_TB,1417.5513,0.0
2012,5,JAX,2012_05_CHI_JAX,1412.0309,0.0
2012,5,IND,2012_05_GB_IND,1400.5364,0.0
2012,5,LAR,2012_05_ARI_LAR,1357.1549,0.0
2012,6,NE,2012_06_NE_SEA,1720.4493,0.0
2012,6,NO,2012_05_LAC_NO,1674.2166,0.0
2012,6,SF,2012_06_NYG_SF,1664.8783,0.0
2012,6,GB,2012_06_GB_HOU,1644.5538,0.0
2012,6,HOU,2012_06_GB_HOU,1643.1795,0.0
2012,6,ATL,2012_06_OAK_ATL,1631.6344,0.0
2012,6,PHI,2012_06_DET_PHI,1595.9253,0.0
2012,6,NYG,2012_06_NYG_SF,1590.5618,0.0
2012,6,LAC,2012_06_DEN_LAC,1588.8059,0.0
2012,6,PIT,2012_06_PIT_TEN,1583.9351,0.0
2012,6,BAL,2012_06_DAL_BAL,1582.0472,0.0
2012,6,CHI,2012_05_CHI_JAX,1574.6533,0.0
2012,6,DEN,2012_06_DEN_LAC,1560.0869,0.0
2012,6,DET,2012_06_DET_PHI,1536.7695,0.0
2012,6,SEA,2012_06_NE_SEA,1534.9591,0.0
2012,6,DAL,2012_06_DAL_BAL,1518.2459,0.0
2012,6,MIA,2012_06_LAR_MIA,1515.3841,0.0
2012,6,MIN,2012_06_MIN_WAS,1513.5751,0.0
2012,6,CIN,2012_06_CIN_CLE,1513.0809,0.0
2012,6,CAR,2012_05_SEA_CAR,1506.8697,0.0
2012,6,NYJ,2012_06_IND_NYJ,1496.7793,0.0
2012,6,WAS,2012_06_MIN_WAS,1487.4283,0.0
2012,6,OAK,2012_06_OAK_ATL,1474.4356,0.0
2012,6,ARI,2012_06_BUF_ARI,1463.4219,23.796
2012,6,KC,2012_06_KC_TB,1447.6465,1.0238
2012,6,TEN,2012_06_PIT_TEN,1446.6995,-41.5594
2012,6,BUF,2012_06_BUF_ARI,1433.8715,0.0
2012,6,CLE,2012_06_CIN_CLE,1431.2767,0.0
2012,6,TB,2012_06_KC_TB,1415.1578,0.0
2012,6,IND,2012_06_IND_NYJ,1412.7942,0.0
2012,6,JAX,2012_05_CHI_JAX,1412.0309,0.0
2012,6,LAR,2012_06_LAR_MIA,1373.8296,0.0
2012,7,NE,2012_07_NYJ_NE,1715.1151,0.0
2012,7,NO,2012_07_NO_TB,1673.2697,0.0
2012,7,GB,2012_07_GB_LAR,1666.0198,0.0
2012,7,SF,2012_07_SEA_SF,1635.2673,0.0
2012,7,ATL,2012_06_OAK_ATL,1631.6344,0.0
2012,7,HOU,2012_07_BAL_HOU,1625.2481,0.0
2012,7,CHI,2012_07_DET_CHI,1618.24,0.0
2012,7,NYG,2012_07_WAS_NYG,1610.269,0.0
2012,7,PHI,2012_06_DET_PHI,1595.9253,0.0
2012,7,LAC,2012_06_DEN_LAC,1588.8059,0.0
2012,7,BAL,2012_07_BAL_HOU,1587.1685,0.0
2012,7,PIT,2012_07_PIT_CIN,1579.1207,0.0
2012,7,DEN,2012_06_DEN_LAC,1560.0869,0.0
2012,7,DET,2012_07_DET_CHI,1557.9814,0.0
2012,7,SEA,2012_07_SEA_SF,1547.6217,0.0
2012,7,DAL,2012_07_DAL_CAR,1522.3922,0.0
2012,7,MIA,2012_06_LAR_MIA,1515.3841,0.0
2012,7,NYJ,2012_07_NYJ_NE,1513.6922,0.0
2012,7,MIN,2012_07_ARI_MIN,1509.3246,0.0
2012,7,CIN,2012_07_PIT_CIN,1503.6465,0.0
2012,7,WAS,2012_07_WAS_NYG,1502.8239,0.0
2012,7,CAR,2012_07_DAL_CAR,1493.1032,0.0
2012,7,OAK,2012_07_JAX_OAK,1482.4973,0.0
2012,7,TB,2012_07_NO_TB,1460.2819,0.0
2012,7,TEN,2012_07_TEN_BUF,1456.6431,-42.0914
2012,7,KC,2012_06_KC_TB,1447.6465,1.0238
2012,7,ARI,2012_07_ARI_MIN,1447.2737,0.0
2012,7,CLE,2012_07_CLE_IND,1439.8095,0.0
2012,7,BUF,2012_07_TEN_BUF,1438.9203,0.0
2012,7,IND,2012_07_CLE_IND,1398.4202,0.0
2012,7,LAR,2012_07_GB_LAR,1388.2709,0.0
2012,7,JAX,2012_07_JAX_OAK,1364.4074,0.0
2012,8,NE,2012_08_NE_LAR,1704.3476,0.0
2012,8,NO,2012_08_NO_DEN,1673.1333,0.0
2012,8,GB,2012_08_JAX_GB,1662.9167,0.0
2012,8,SF,2012_08_SF_ARI,1642.4294,0.0
2012,8,HOU,2012_07_BAL_HOU,1625.2481,0.0
2012,8,ATL,2012_08_ATL_PHI,1616.2003,0.0
2012,8,CHI,2012_08_CAR_CHI,1613.4937,0.0
2012,8,NYG,2012_08_NYG_DAL,1605.303,0.0
2012,8,PIT,2012_08_WAS_PIT,1590.1605,0.0
2012,8,BAL,2012_07_BAL_HOU,1587.1685,0.0
2012,8,DEN,2012_08_NO_DEN,1579.454,0.0
2012,8,PHI,2012_08_ATL_PHI,1577.1687,0.0
2012,8,LAC,2012_08_LAC_CLE,1563.2392,0.0
2012,8,DET,2012_08_SEA_DET,1559.4181,0.0
2012,8,SEA,2012_08_SEA_DET,1541.9317,0.0
2012,8,NYJ,2012_08_MIA_NYJ,1529.1888,0.0
2012,8,DAL,2012_08_NYG_DAL,1528.2645,0.0
2012,8,WAS,2012_08_WAS_PIT,1513.8499,0.0
2012,8,MIN,2012_08_TB_MIN,1507.7516,0.0
2012,8,MIA,2012_08_MIA_NYJ,1507.632,0.0
2012,8,CIN,2012_07_PIT_CIN,1503.6465,0.0
2012,8,CAR,2012_08_CAR_CHI,1485.5469,0.0
2012,8,OAK,2012_08_OAK_KC,1484.0443,0.0
2012,8,TEN,2012_08_IND_TEN,1476.2429,-40.2244
2012,8,TB,2012_08_TB_MIN,1465.919,0.0
2012,8,CLE,2012_08_LAC_CLE,1440.8101,0.0
2012,8,ARI,2012_08_SF_ARI,1439.1295,0.0
2012,8,BUF,2012_07_TEN_BUF,1438.9203,0.0
2012,8,KC,2012_08_OAK_KC,1401.3508,-5.734
2012,8,LAR,2012_08_NE_LAR,1396.7189,0.0
2012,8,IND,2012_08_IND_TEN,1394.8914,0.0
2012,8,JAX,2012_08_JAX_GB,1355.7725,0.0
2012,9,NE,2012_08_NE_LAR,1704.3476,0.0
2012,9,HOU,2012_09_BUF_HOU,1657.702,0.0
2012,9,NO,2012_09_PHI_NO,1646.6565,0.0
2012,9,GB,2012_09_ARI_GB,1644.3992,0.0
2012,9,SF,2012_08_SF_ARI,1642.4294,0.0
2012,9,ATL,2012_09_DAL_ATL,1639.7994,0.0
2012,9,DEN,2012_09_DEN_CIN,1611.0383,0.0
2012,9,CHI,2012_09_CHI_TEN,1603.2986,0.0
2012,9,PIT,2012_09_PIT_NYG,1601.5612,0.0
2012,9,NYG,2012_09_PIT_NYG,1599.1198,0.0
2012,9,DET,2012_09_DET_JAX,1565.1246,0.0
2012,9,PHI,2012_09_PHI_NO,1561.3225,0.0
2012,9,LAC,2012_09_KC_LAC,1556.2676,0.0
2012,9,BAL,2012_09_BAL_CLE,1554.9108,0.0
2012,9,SEA,2012_09_MIN_SEA,1547.0655,0.0
2012,9,NYJ,2012_08_MIA_NYJ,1529.1888,0.0
2012,9,DAL,2012_09_DAL_ATL,1529.1066,0.0
2012,9,MIA,2012_09_MIA_IND,1524.7625,0.0
2012,9,WAS,2012_09_CAR_WAS,1507.8665,0.0
2012,9,CAR,2012_09_CAR_WAS,1494.0077,0.0
2012,9,OAK,2012_09_TB_OAK,1493.5919,0.0
2012,9,CIN,2012_09_DEN_CIN,1492.7215,0.0
2012,9,TB,2012_09_TB_OAK,1488.8035,0.0
2012,9,MIN,2012_09_MIN_SEA,1487.744,0.0
2012,9,TEN,2012_09_CHI_TEN,1464.6919,-31.1414
2012,9,CLE,2012_09_BAL_CLE,1442.1461,0.0
2012,9,BUF,2012_09_BUF_HOU,1428.977,0.0
2012,9,ARI,2012_09_ARI_GB,1423.7846,0.0
2012,9,IND,2012_09_MIA_IND,1410.5527,0.0
2012,9,LAR,2012_08_NE_LAR,1396.7189,0.0
2012,9,KC,2012_09_KC_LAC,1389.4868,0.0
2012,9,JAX,2012_09_DET_JAX,1363.5237,0.0
2012,10,NE,2012_10_BUF_NE,1744.945,0.0
2012,10,HOU,2012_10_HOU_CHI,1659.5826,0.0
2012,10,SF,2012_10_LAR_SF,1657.7777,0.0
2012,10,NO,2012_10_ATL_NO,1651.6882,0.0
2012,10,GB,2012_09_ARI_GB,1644.3992,0.0
2012,10,ATL,2012_10_ATL_NO,1642.1627,0.0
2012,10,DEN,2012_10_DEN_CAR,1624.4074,0.0
2012,10,CHI,2012_10_HOU_CHI,1622.0133,0.0
2012,10,PIT,2012_10_KC_PIT,1604.9592,0.0
2012,10,NYG,2012_10_NYG_CIN,1591.5216,0.0
2012,10,DET,2012_10_DET_MIN,1574.8078,0.0
2012,10,LAC,2012_10_LAC_TB,1571.0902,0.0
2012,10,BAL,2012_10_OAK_BAL,1558.6827,0.0
2012,10,SEA,2012_10_NYJ_SEA,1552.1779,0.0
2012,10,PHI,2012_10_DAL_PHI,1547.9838,0.0
2012,10,DAL,2012_10_DAL_PHI,1528.7861,0.0
2012,10,MIA,2012_10_TEN_MIA,1526.3215,0.0
2012,10,TB,2012_10_LAC_TB,1516.9989,0.0
2012,10,WAS,2012_09_CAR_WAS,1507.8665,0.0
2012,10,NYJ,2012_10_NYJ_SEA,1506.2684,0.0
2012,10,CAR,2012_10_DEN_CAR,1504.121,0.0
2012,10,MIN,2012_10_DET_MIN,1490.8029,0.0
2012,10,CIN,2012_10_NYG_CIN,1490.7565,0.0
2012,10,OAK,2012_10_OAK_BAL,1466.8244,0.0
2012,10,CLE,2012_09_BAL_CLE,1442.1461,0.0
2012,10,TEN,2012_10_TEN_MIA,1437.3453,0.0
2012,10,BUF,2012_10_BUF_NE,1425.6196,0.0
2012,10,ARI,2012_09_ARI_GB,1423.7846,0.0
2012,10,IND,2012_10_IND_JAX,1419.121,0.0
2012,10,KC,2012_10_KC_PIT,1377.1513,0.0
2012,10,LAR,2012_10_LAR_SF,1360.9927,0.0
2012,10,JAX,2012_10_IND_JAX,1356.8805,0.0
2012,11,NE,2012_11_IND_NE,1735.1835,0.0
2012,11,HOU,2012_11_JAX_HOU,1659.7689,0.0
2012,11,NO,2012_11_NO_OAK,1654.2286,0.0
2012,11,GB,2012_11_GB_DET,1648.0716,0.0
2012,11,ATL,2012_11_ARI_ATL,1645.2188,0.0
2012,11,DEN,2012_11_LAC_DEN,1643.8014,0.0
2012,11,SF,2012_11_CHI_SF,1643.0853,-38.1216
2012,11,CHI,2012_11_CHI_SF,1608.5536,30.2809
2012,11,PIT,2012_11_BAL_PIT,1592.7317,-77.4674
2012,11,NYG,2012_10_NYG_CIN,1591.5216,0.0
2012,11,BAL,2012_11_BAL_PIT,1589.671,0.0
2012,11,LAC,2012_11_LAC_DEN,1566.593,0.0
2012,11,DET,2012_11_GB_DET,1565.1894,0.0
2012,11,SEA,2012_10_NYJ_SEA,1552.1779,0.0
2012,11,DAL,2012_11_CLE_DAL,1544.2005,0.0
2012,11,PHI,2012_11_PHI_WAS,1525.1181,-70.2113
2012,11,TB,2012_11_TB_CAR,1524.975,0.0
2012,11,CIN,2012_11_CIN_KC,1501.2995,0.0
2012,11,WAS,2012_11_PHI_WAS,1500.5485,0.0
2012,11,MIN,2012_10_DET_MIN,1490.8029,0.0
2012,11,MIA,2012_11_MIA_BUF,1481.9298,0.0
2012,11,NYJ,2012_11_NYJ_LAR,1480.7181,0.0
2012,11,CAR,2012_11_TB_CAR,1478.4975,0.0
2012,11,OAK,2012_11_NO_OAK,1448.8045,0.0
2012,11,BUF,2012_11_MIA_BUF,1443.9243,0.0
2012,11,TEN,2012_10_TEN_MIA,1437.3453,0.0
2012,11,IND,2012_11_IND_NE,1437.2364,0.0
2012,11,CLE,2012_11_CLE_DAL,1433.4502,0.0
2012,11,ARI,2012_11_ARI_ATL,1418.5784,0.0
2012,11,KC,2012_11_CIN_KC,1385.8889,0.0
2012,11,LAR,2012_11_NYJ_LAR,1381.7775,0.0
2012,11,JAX,2012_11_JAX_HOU,1337.2299,0.0
2012,12,NE,2012_12_NE_NYJ,1754.058,0.0
2012,12,NO,2012_12_SF_NO,1677.9665,0.0
2012,12,SF,2012_12_SF_NO,1676.8753,-20.0149
2012,12,HOU,2012_12_HOU_DET,1650.4963,0.0
2012,12,DEN,2012_12_DEN_KC,1649.6327,0.0
2012,12,GB,2012_12_GB_NYG,1644.1916,0.0
2012,12,ATL,2012_12_ATL_TB,1629.5171,0.0
2012,12,PIT,2012_12_PIT_CLE,1592.5894,-62.2432
2012,12,BAL,2012_12_BAL_LAC,1582.5807,0.0
2012,12,SEA,2012_12_SEA_MIA,1581.9187,0.0
2012,12,CHI,2012_12_MIN_CHI,1579.5806,0.0
2012,12,NYG,2012_12_GB_NYG,1574.888,0.0
2012,12,DET,2012_12_HOU_DET,1555.3842,0.0
2012,12,LAC,2012_12_BAL_LAC,1551.7606,0.0
2012,12,TB,2012_12_ATL_TB,1539.4388,0.0
2012,12,DAL,2012_12_WAS_DAL,1535.9862,0.0
2012,12,CIN,2012_12_OAK_CIN,1524.4073,0.0
2012,12,WAS,2012_12_WAS_DAL,1523.2977,0.0
2012,12,PHI,2012_12_CAR_PHI,1502.636,-95.425
2012,12,MIN,2012_12_MIN_CHI,1502.2815,0.0
2012,12,NYJ,2012_12_NE_NYJ,1488.232,0.0
2012,12,TEN,2012_12_TEN_JAX,1475.2656,0.0
2012,12,MIA,2012_12_SEA_MIA,1470.9251,0.0
2012,12,CAR,2012_12_CAR_PHI,1463.5585,0.0
2012,12,BUF,2012_12_BUF_IND,1449.6267,0.0
2012,12,CLE,2012_12_PIT_CLE,1437.9663,0.0
2012,12,OAK,2012_12_OAK_CIN,1423.4778,0.0
2012,12,IND,2012_12_BUF_IND,1421.0501,0.0
2012,12,ARI,2012_12_LAR_ARI,1416.4341,-19.6631
2012,12,LAR,2012_12_LAR_ARI,1369.3432,0.0
2012,12,KC,2012_12_DEN_KC,1362.7801,-8.3396
2012,12,JAX,2012_12_TEN_JAX,1356.7058,41.7837
2012,13,NE,2012_13_NE_MIA,1780.2348,0.0
2012,13,SF,2012_13_SF_LAR,1693.9708,-11.631
2012,13,HOU,2012_13_HOU_TEN,1659.796,0.0
2012,13,NO,2012_13_NO_ATL,1649.6395,0.0
2012,13,DEN,2012_13_TB_DEN,1647.2753,0.0
2012,13,ATL,2012_13_NO_ATL,1633.033,0.0
2012,13,GB,2012_13_MIN_GB,1611.1278,0.0
2012,13,NYG,2012_13_NYG_WAS,1610.6528,0.0
2012,13,CHI,2012_13_SEA_CHI,1585.8057,0.0
2012,13,BAL,2012_13_PIT_BAL,1584.1143,0.0
2012,13,PIT,2012_13_PIT_BAL,1582.0949,-77.59
2012,13,SEA,2012_13_SEA_CHI,1576.0133,0.0
2012,13,CIN,2012_13_CIN_LAC,1549.3909,0.0
2012,13,LAC,2012_13_CIN_LAC,1546.9739,0.0
2012,13,DET,2012_13_IND_DET,1545.881,0.0
2012,13,WAS,2012_13_NYG_WAS,1545.5914,0.0
2012,13,TB,2012_13_TB_DEN,1544.5611,0.0
2012,13,DAL,2012_13_PHI_DAL,1525.0577,0.0
2012,13,PHI,2012_13_PHI_DAL,1501.9921,-92.786
2012,13,MIN,2012_13_MIN_GB,1492.0506,0.0
2012,13,MIA,2012_13_NE_MIA,1490.644,0.0
2012,13,TEN,2012_13_HOU_TEN,1470.9903,0.0
2012,13,CAR,2012_13_CAR_KC,1468.7345,0.0
2012,13,NYJ,2012_13_ARI_NYJ,1458.3084,0.0
2012,13,BUF,2012_13_JAX_BUF,1443.4524,0.0
2012,13,CLE,2012_13_CLE_OAK,1435.3564,0.0
2012,13,IND,2012_13_IND_DET,1423.2787,0.0
2012,13,OAK,2012_13_CLE_OAK,1395.102,0.0
2012,13,ARI,2012_13_ARI_NYJ,1390.1274,-26.6208
2012,13,LAR,2012_13_SF_LAR,1385.3067,0.0
2012,13,KC,2012_13_CAR_KC,1365.6646,-16.8247
2012,13,JAX,2012_13_JAX_BUF,1361.7076,32.2831
2012,14,NE,2012_14_HOU_NE,1780.4384,0.0
2012,14,SF,2012_14_MIA_SF,1692.5508,-2.195
2012,14,HOU,2012_14_HOU_NE,1661.2704,0.0
2012,14,DEN,2012_14_DEN_OAK,1647.7823,0.0
2012,14,NO,2012_14_NO_NYG,1635.606,0.0
2012,14,ATL,2012_14_ATL_CAR,1628.7343,0.0
2012,14,NYG,2012_14_NO_NYG,1610.9434,0.0
2012,14,GB,2012_14_DET_GB,1602.9762,0.0
2012,14,SEA,2012_14_ARI_SEA,1594.3882,0.0
2012,14,PIT,2012_14_LAC_PIT,1589.9295,0.0
2012,14,CHI,2012_14_CHI_MIN,1576.004,0.0
2012,14,BAL,2012_14_BAL_WAS,1575.0421,0.0
2012,14,CIN,2012_14_DAL_CIN,1555.2871,0.0
2012,14,WAS,2012_14_BAL_WAS,1554.5292,0.0
2012,14,TB,2012_14_PHI_TB,1545.541,0.0
2012,14,DET,2012_14_DET_GB,1533.3171,0.0
2012,14,LAC,2012_14_LAC_PIT,1533.1628,0.0
2012,14,DAL,2012_14_DAL_CIN,1521.4597,0.0
2012,14,PHI,2012_14_PHI_TB,1514.1694,-79.4729
2012,14,MIN,2012_14_CHI_MIN,1498.88,0.0
2012,14,MIA,2012_14_MIA_SF,1485.1451,0.0
2012,14,CAR,2012_14_ATL_CAR,1469.2085,0.0
2012,14,TEN,2012_14_TEN_IND,1466.3414,0.0
2012,14,BUF,2012_14_LAR_BUF,1454.6786,0.0
2012,14,NYJ,2012_14_NYJ_JAX,1450.7675,0.0
2012,14,CLE,2012_14_KC_CLE,1445.9734,0.0
2012,14,IND,2012_14_TEN_IND,1434.7489,0.0
2012,14,OAK,2012_14_DEN_OAK,1391.1838,0.0
2012,14,LAR,2012_14_LAR_BUF,1384.8668,0.0
2012,14,ARI,2012_14_ARI_SEA,1379.8359,0.0
2012,14,KC,2012_14_KC_CLE,1377.525,3.3425
2012,14,JAX,2012_14_NYJ_JAX,1346.3067,24.5097
2012,15,NE,2012_15_SF_NE,1813.2636,0.0
2012,15,SF,2012_15_SF_NE,1705.2447,4.5443
2012,15,DEN,2012_15_DEN_BAL,1661.0301,0.0
2012,15,SEA,2012_15_SEA_BUF,1644.5127,0.0
2012,15,HOU,2012_15_IND_HOU,1634.2819,0.0
2012,15,NYG,2012_15_NYG_ATL,1625.5066,0.0
2012,15,ATL,2012_15_NYG_ATL,1616.707,0.0
2012,15,NO,2012_15_TB_NO,1615.8798,0.0
2012,15,GB,2012_15_GB_CHI,1603.1297,0.0
2012,15,PIT,2012_15_PIT_DAL,1579.8365,0.0
2012,15,BAL,2012_15_DEN_BAL,1575.8203,0.0
2012,15,CHI,2012_15_GB_CHI,1570.7944,0.0
2012,15,WAS,2012_15_WAS_CLE,1564.5734,-149.3675
2012,15,CIN,2012_15_CIN_PHI,1548.333,0.0
2012,15,LAC,2012_15_CAR_LAC,1544.3181,0.0
2012,15,TB,2012_15_TB_NO,1536.3964,0.0
2012,15,DET,2012_15_DET_ARI,1529.8795,0.0
2012,15,DAL,2012_15_PIT_DAL,1527.4534,0.0
2012,15,PHI,2012_15_CIN_PHI,1526.4153,-61.8509
2012,15,MIN,2012_15_MIN_LAR,1505.3434,0.0
2012,15,CAR,2012_15_CAR_LAC,1495.0132,0.0
2012,15,MIA,2012_15_JAX_MIA,1478.849,0.0
2012,15,TEN,2012_15_NYJ_TEN,1465.8723,0.0
2012,15,CLE,2012_15_WAS_CLE,1458.1643,0.0
2012,15,NYJ,2012_15_NYJ_TEN,1449.8877,0.0
2012,15,BUF,2012_15_SEA_BUF,1447.6902,0.0
2012,15,IND,2012_15_IND_HOU,1430.6336,0.0
2012,15,LAR,2012_15_MIN_LAR,1389.7266,0.0
2012,15,OAK,2012_15_KC_OAK,1384.3099,0.0
2012,15,KC,2012_15_KC_OAK,1358.2612,-13.4369
2012,15,JAX,2012_15_JAX_MIA,1340.2291,7.7128
2012,15,ARI,2012_15_DET_ARI,1325.6926,-35.4265
2012,16,NE,2012_16_NE_JAX,1808.1421,0.0
2012,16,SF,2012_16_SF_SEA,1718.0264,13.3906
2012,16,SEA,2012_16_SF_SEA,1685.1091,0.0
2012,16,DEN,2012_16_CLE_DEN,1677.5555,0.0
2012,16,ATL,2012_16_ATL_DET,1655.7945,0.0
2012,16,NO,2012_16_NO_DAL,1647.8382,0.0
2012,16,HOU,2012_16_MIN_HOU,1631.9463,0.0
2012,16,GB,2012_16_TEN_GB,1613.6559,0.0
2012,16,WAS,2012_16_WAS_PHI,1600.6598,0.0
2012,16,NYG,2012_16_NYG_BAL,1584.8082,0.0
2012,16,PIT,2012_16_CIN_PIT,1569.8827,0.0
2012,16,CHI,2012_16_CHI_ARI,1557.6684,0.0
2012,16,BAL,2012_16_NYG_BAL,1551.1272,0.0
2012,16,CIN,2012_16_CIN_PIT,1549.7183,0.0
2012,16,DAL,2012_16_NO_DAL,1542.7394,0.0
2012,16,CAR,2012_16_OAK_CAR,1521.5348,0.0
2012,16,MIN,2012_16_MIN_HOU,1516.782,0.0
2012,16,LAC,2012_16_LAC_NYJ,1512.7037,0.0
2012,16,PHI,2012_16_WAS_PHI,1507.8769,-64.2568
2012,16,TB,2012_16_LAR_TB,1501.1478,0.0
2012,16,MIA,2012_16_BUF_MIA,1499.7693,0.0
2012,16,DET,2012_16_ATL_DET,1484.2177,0.0
2012,16,TEN,2012_16_TEN_GB,1461.7806,0.0
2012,16,NYJ,2012_16_LAC_NYJ,1444.5089,-26.282
2012,16,IND,2012_16_IND_KC,1433.0552,0.0
2012,16,CLE,2012_16_CLE_DEN,1424.2661,0.0
2012,16,BUF,2012_16_BUF_MIA,1408.1483,0.0
2012,16,OAK,2012_16_OAK_CAR,1397.4761,0.0
2012,16,LAR,2012_16_LAR_TB,1380.4359,0.0
2012,16,ARI,2012_16_CHI_ARI,1352.896,-35.7433
2012,16,KC,2012_16_IND_KC,1334.142,-29.186
2012,16,JAX,2012_16_NE_JAX,1322.2478,9.5748
2012,17,NE,2012_17_MIA_NE,1794.3759,0.0
2012,17,SEA,2012_17_LAR_SEA,1719.6535,0.0
2012,17,SF,2012_17_ARI_SF,1696.5626,14.7365
2012,17,DEN,2012_17_KC_DEN,1696.4949,0.0
2012,17,ATL,2012_17_TB_ATL,1664.8329,0.0
2012,17,GB,2012_17_GB_MIN,1657.769,0.0
2012,17,NO,2012_17_CAR_NO,1657.2108,0.0
2012,17,WAS,2012_17_DAL_WAS,1611.6639,0.0
2012,17,HOU,2012_17_HOU_IND,1600.4699,0.0
2012,17,BAL,2012_17_BAL_CIN,1579.4859,0.0
2012,17,CHI,2012_17_CHI_DET,1568.3253,0.0
2012,17,NYG,2012_17_PHI_NYG,1563.3988,0.0
2012,17,PIT,2012_17_CLE_PIT,1555.9154,0.0
2012,17,CIN,2012_17_BAL_CIN,1555.9126,0.0
2012,17,DAL,2012_17_DAL_WAS,1548.7954,0.0
2012,17,MIN,2012_17_GB_MIN,1548.3084,0.0
2012,17,CAR,2012_17_CAR_NO,1533.9351,0.0
2012,17,LAC,2012_17_OAK_LAC,1520.3192,0.0
2012,17,MIA,2012_17_MIA_NE,1501.0924,0.0
2012,17,PHI,2012_17_PHI_NYG,1499.3783,0.0
2012,17,TB,2012_17_TB_ATL,1478.6616,0.0
2012,17,DET,2012_17_CHI_DET,1478.397,0.0
2012,17,IND,2012_17_HOU_IND,1436.8275,0.0
2012,17,NYJ,2012_17_NYJ_BUF,1427.6379,0.0
2012,17,CLE,2012_17_CLE_PIT,1416.2177,-86.7264
2012,17,TEN,2012_17_JAX_TEN,1410.177,0.0
2012,17,BUF,2012_17_NYJ_BUF,1403.9252,0.0
2012,17,LAR,2012_17_LAR_SEA,1400.4176,0.0
2012,17,OAK,2012_17_OAK_LAC,1378.9374,-36.8051
2012,17,JAX,2012_17_JAX_TEN,1333.9973,13.7055
2012,17,KC,2012_17_KC_DEN,1331.6374,-39.3208
2012,17,ARI,2012_17_ARI_SF,1330.5101,-40.4876
2013,1,NE,2013_01_NE_BUF,1710.9195,0.0
2013,1,DEN,2013_01_BAL_DEN,1655.1668,0.0
2013,1,SEA,2013_01_SEA_CAR,1645.067,0.0
2013,1,NO,2013_01_ATL_NO,1634.8766,0.0
2013,1,SF,2013_01_GB_SF,1630.2708,0.0
2013,1,GB,2013_01_GB_SF,1607.6032,0.0
2013,1,ATL,2013_01_ATL_NO,1604.1165,0.0
2013,1,WAS,2013_01_PHI_WAS,1575.6456,0.0
2013,1,NYG,2013_01_NYG_DAL,1561.7292,0.0
2013,1,BAL,2013_01_BAL_DEN,1550.642,0.0
2013,1,HOU,2013_01_HOU_LAC,1543.9165,0.0
2013,1,CAR,2013_01_SEA_CAR,1540.8901,0.0
2013,1,DAL,2013_01_NYG_DAL,1538.8121,0.0
2013,1,CHI,2013_01_CIN_CHI,1534.0105,0.0
2013,1,MIN,2013_01_MIN_DET,1532.6514,0.0
2013,1,PIT,2013_01_TEN_PIT,1525.47,0.0
2013,1,CIN,2013_01_CIN_CHI,1523.8217,0.0
2013,1,DET,2013_01_MIN_DET,1499.2177,0.0
2013,1,LAC,2013_01_HOU_LAC,1495.9645,0.0
2013,1,TB,2013_01_TB_NYJ,1491.7846,0.0
2013,1,MIA,2013_01_MIA_CLE,1482.9106,0.0
2013,1,PHI,2013_01_PHI_WAS,1480.1748,0.0
2013,1,IND,2013_01_OAK_IND,1466.643,0.0
2013,1,BUF,2013_01_NE_BUF,1464.2653,0.0
2013,1,CLE,2013_01_MIA_CLE,1456.8932,0.0
2013,1,LAR,2013_01_ARI_LAR,1452.8144,0.0
2013,1,NYJ,2013_01_TB_NYJ,1441.0399,0.0
2013,1,TEN,2013_01_TEN_PIT,1440.7014,0.0
2013,1,OAK,2013_01_OAK_IND,1437.4294,0.0
2013,1,ARI,2013_01_ARI_LAR,1433.6742,0.0
2013,1,KC,2013_01_KC_JAX,1402.6647,0.0
2013,1,JAX,2013_01_KC_JAX,1391.976,0.0
2013,2,NE,2013_02_NYJ_NE,1705.474,0.0
2013,2,DEN,2013_02_DEN_NYG,1681.727,0.0
2013,2,SEA,2013_02_SF_SEA,1651.2134,0.0
2013,2,SF,2013_02_SF_SEA,1640.3511,0.0
2013,2,NO,2013_02_NO_TB,1631.9689,0.0
2013,2,GB,2013_02_WAS_GB,1606.3235,0.0
2013,2,ATL,2013_02_LAR_ATL,1604.6777,0.0
2013,2,NYG,2013_02_DEN_NYG,1568.094,0.0
2013,2,WAS,2013_02_WAS_GB,1566.2413,0.0
2013,2,HOU,2013_02_TEN_HOU,1549.2125,0.0
2013,2,CAR,2013_02_CAR_BUF,1538.1104,0.0
2013,2,CHI,2013_02_MIN_CHI,1535.0731,0.0
2013,2,BAL,2013_02_CLE_BAL,1534.166,0.0
2013,2,CIN,2013_02_PIT_CIN,1530.5621,0.0
2013,2,DAL,2013_02_DAL_KC,1529.8157,0.0
2013,2,MIN,2013_02_MIN_CHI,1523.6255,0.0
2013,2,PIT,2013_02_PIT_CIN,1511.4768,0.0
2013,2,DET,2013_02_DET_ARI,1510.0938,0.0
2013,2,LAC,2013_02_LAC_PHI,1496.2353,0.0
2013,2,MIA,2013_02_MIA_IND,1495.2669,0.0
2013,2,TB,2013_02_NO_TB,1493.646,0.0
2013,2,PHI,2013_02_LAC_PHI,1485.9883,0.0
2013,2,BUF,2013_02_CAR_BUF,1465.115,0.0
2013,2,IND,2013_02_MIA_IND,1463.6619,0.0
2013,2,TEN,2013_02_TEN_HOU,1452.1992,0.0
2013,2,LAR,2013_02_LAR_ATL,1452.0872,0.0
2013,2,OAK,2013_02_JAX_OAK,1447.2727,0.0
2013,2,CLE,2013_02_CLE_BAL,1442.0567,0.0
2013,2,NYJ,2013_02_NYJ_NE,1441.9509,0.0
2013,2,ARI,2013_02_DET_ARI,1439.7113,0.0
2013,2,KC,2013_02_DAL_KC,1428.3215,0.0
2013,2,JAX,2013_02_JAX_OAK,1352.1744,4.1238
2013,3,DEN,2013_03_OAK_DEN,1702.2981,0.0
2013,3,NE,2013_03_TB_NE,1684.3789,0.0
2013,3,SEA,2013_03_JAX_SEA,1675.1624,0.0
2013,3,GB,2013_03_GB_CIN,1636.1642,0.0
2013,3,NO,2013_03_ARI_NO,1621.9971,0.0
2013,3,SF,2013_03_IND_SF,1605.9777,0.0
2013,3,ATL,2013_03_ATL_MIA,1605.3307,0.0
2013,3,NYG,2013_03_NYG_CAR,1550.6683,0.0
2013,3,HOU,2013_03_HOU_BAL,1547.8662,0.0
2013,3,WAS,2013_03_DET_WAS,1543.9858,0.0
2013,3,CIN,2013_03_GB_CIN,1542.5702,0.0
2013,3,CHI,2013_03_CHI_PIT,1539.4853,0.0
2013,3,BAL,2013_03_HOU_BAL,1538.9383,0.0
2013,3,CAR,2013_03_NYG_CAR,1532.8025,0.0
2013,3,DAL,2013_03_LAR_DAL,1529.2645,0.0
2013,3,MIN,2013_03_CLE_MIN,1525.4598,0.0
2013,3,LAC,2013_03_LAC_TEN,1518.9559,0.0
2013,3,DET,2013_03_DET_WAS,1500.3972,0.0
2013,3,PIT,2013_03_CHI_PIT,1500.0809,0.0
2013,3,MIA,2013_03_ATL_MIA,1499.8697,0.0
2013,3,TB,2013_03_TB_NE,1496.3921,0.0
2013,3,PHI,2013_03_KC_PHI,1482.2712,0.0
2013,3,BUF,2013_03_BUF_NYJ,1473.3646,0.0
2013,3,IND,2013_03_IND_SF,1461.2987,0.0
2013,3,LAR,2013_03_LAR_DAL,1457.2968,0.0
2013,3,OAK,2013_03_OAK_DEN,1454.1273,0.0
2013,3,NYJ,2013_03_BUF_NYJ,1451.1514,0.0
2013,3,ARI,2013_03_ARI_NO,1449.8808,0.0
2013,3,TEN,2013_03_LAC_TEN,1448.8687,0.0
2013,3,KC,2013_03_KC_PHI,1431.943,0.0
2013,3,CLE,2013_03_CLE_MIN,1431.7654,-61.9273
2013,3,JAX,2013_03_JAX_SEA,1343.7276,5.6405
2013,4,DEN,2013_04_PHI_DEN,1718.4398,0.0
2013,4,SEA,2013_04_SEA_HOU,1694.1647,0.0
2013,4,NE,2013_04_NE_ATL,1692.3172,0.0
2013,4,NO,2013_04_MIA_NO,1641.9938,0.0
2013,4,GB,2013_03_GB_CIN,1636.1642,0.0
2013,4,ATL,2013_04_NE_ATL,1605.363,0.0
2013,4,SF,2013_04_SF_LAR,1573.2946,0.0
2013,4,CHI,2013_04_CHI_DET,1563.6114,0.0
2013,4,BAL,2013_04_BAL_BUF,1556.2662,0.0
2013,4,DAL,2013_04_DAL_LAC,1548.1094,0.0
2013,4,CIN,2013_04_CIN_CLE,1546.8609,0.0
2013,4,WAS,2013_04_WAS_OAK,1534.6452,0.0
2013,4,CAR,2013_03_NYG_CAR,1532.8025,0.0
2013,4,HOU,2013_04_SEA_HOU,1524.8352,0.0
2013,4,LAC,2013_04_DAL_LAC,1518.915,0.0
2013,4,DET,2013_04_CHI_DET,1513.6113,0.0
2013,4,MIN,2013_04_PIT_MIN,1513.2309,-25.0131
2013,4,NYG,2013_04_NYG_KC,1510.5725,0.0
2013,4,MIA,2013_04_MIA_NO,1504.715,0.0
2013,4,IND,2013_04_IND_JAX,1488.1918,0.0
2013,4,TB,2013_04_ARI_TB,1482.8441,-7.5608
2013,4,PIT,2013_04_PIT_MIN,1474.2748,0.0
2013,4,PHI,2013_04_PHI_DEN,1473.424,0.0
2013,4,NYJ,2013_04_NYJ_TEN,1471.0557,0.0
2013,4,BUF,2013_04_BAL_BUF,1460.1685,0.0
2013,4,TEN,2013_04_NYJ_TEN,1455.555,0.0
2013,4,OAK,2013_04_WAS_OAK,1452.9144,-55.1279
2013,4,CLE,2013_04_CIN_CLE,1441.689,-58.0518
2013,4,KC,2013_04_NYG_KC,1438.3549,0.0
2013,4,LAR,2013_04_SF_LAR,1434.4602,0.0
2013,4,ARI,2013_04_ARI_TB,1430.8273,0.0
2013,4,JAX,2013_04_IND_JAX,1329.134,0.0
2013,5,DEN,2013_05_DEN_DAL,1742.8486,0.0
2013,5,NE,2013_05_NE_CIN,1703.5585,0.0
2013,5,SEA,2013_05_SEA_IND,1690.7262,0.0
2013,5,NO,2013_05_NO_CHI,1658.3576,0.0
2013,5,GB,2013_05_DET_GB,1628.5165,0.0
2013,5,ATL,2013_05_NYJ_ATL,1597.7457,0.0
2013,5,SF,2013_05_HOU_SF,1597.2771,0.0
2013,5,CAR,2013_05_CAR_ARI,1570.6151,0.0
2013,5,CHI,2013_05_NO_CHI,1546.9782,0.0
2013,5,BAL,2013_05_BAL_MIA,1545.4524,0.0
2013,5,DAL,2013_05_DEN_DAL,1538.7531,0.0
2013,5,WAS,2013_04_WAS_OAK,1534.6452,0.0
2013,5,LAC,2013_05_LAC_OAK,1532.2003,0.0
2013,5,CIN,2013_05_NE_CIN,1527.1195,0.0
2013,5,DET,2013_05_DET_GB,1526.9311,0.0
2013,5,HOU,2013_05_HOU_SF,1523.994,0.0
2013,5,IND,2013_05_SEA_IND,1520.4904,0.0
2013,5,MIN,2013_04_PIT_MIN,1513.2309,-25.0131
2013,5,MIA,2013_05_BAL_MIA,1490.7974,0.0
2013,5,NYG,2013_05_PHI_NYG,1483.2292,0.0
2013,5,TB,2013_04_ARI_TB,1482.8441,-7.5608
2013,5,TEN,2013_05_KC_TEN,1477.9834,4.2959
2013,5,PIT,2013_04_PIT_MIN,1474.2748,0.0
2013,5,PHI,2013_05_PHI_NYG,1463.7467,0.0
2013,5,KC,2013_05_KC_TEN,1462.9679,0.0
2013,5,CLE,2013_05_BUF_CLE,1462.0253,-37.4247
2013,5,BUF,2013_05_BUF_CLE,1461.0863,0.0
2013,5,NYJ,2013_05_NYJ_ATL,1453.3061,0.0
2013,5,ARI,2013_05_CAR_ARI,1439.8013,0.0
2013,5,OAK,2013_05_LAC_OAK,1435.8478,0.0
2013,5,LAR,2013_05_JAX_LAR,1401.0542,0.0
2013,5,JAX,2013_05_JAX_LAR,1292.2497,0.0
2013,6,DEN,2013_06_JAX_DEN,1753.0856,0.0
2013,6,SEA,2013_06_TEN_SEA,1684.8369,0.0
2013,6,NE,2013_06_NO_NE,1684.4322,0.0
2013,6,NO,2013_06_NO_NE,1662.735,0.0
2013,6,GB,2013_06_GB_BAL,1643.4537,0.0
2013,6,SF,2013_06_ARI_SF,1625.0596,0.0
2013,6,ATL,2013_05_NYJ_ATL,1597.7457,0.0
2013,6,BAL,2013_06_GB_BAL,1552.9814,0.0
2013,6,DAL,2013_06_WAS_DAL,1551.8922,0.0
2013,6,CHI,2013_06_NYG_CHI,1548.4187,0.0
2013,6,CAR,2013_06_CAR_MIN,1543.8212,0.0
2013,6,CIN,2013_06_CIN_BUF,1542.4366,0.0
2013,6,WAS,2013_06_WAS_DAL,1537.1622,0.0
2013,6,IND,2013_06_IND_LAC,1532.3733,0.0
2013,6,LAC,2013_06_IND_LAC,1532.0759,0.0
2013,6,MIN,2013_06_CAR_MIN,1525.0873,-8.0507
2013,6,DET,2013_06_DET_CLE,1516.9434,0.0
2013,6,HOU,2013_06_LAR_HOU,1492.0983,0.0
2013,6,MIA,2013_05_BAL_MIA,1490.7974,0.0
2013,6,PHI,2013_06_PHI_TB,1483.2533,-72.0732
2013,6,KC,2013_06_OAK_KC,1479.8393,0.0
2013,6,PIT,2013_06_PIT_NYJ,1472.7727,0.0
2013,6,TB,2013_06_PHI_TB,1469.2376,-16.511
2013,6,CLE,2013_06_DET_CLE,1468.7033,0.0
2013,6,NYJ,2013_06_PIT_NYJ,1468.66,0.0
2013,6,NYG,2013_06_NYG_CHI,1466.3945,0.0
2013,6,TEN,2013_06_TEN_SEA,1462.62,5.4674
2013,6,ARI,2013_06_ARI_SF,1460.4993,0.0
2013,6,BUF,2013_06_CIN_BUF,1451.9967,-83.6474
2013,6,OAK,2013_06_OAK_KC,1442.7074,0.0
2013,6,LAR,2013_06_LAR_HOU,1406.1334,0.0
2013,6,JAX,2013_06_JAX_DEN,1283.3886,39.9667
2013,7,DEN,2013_07_DEN_IND,1763.945,0.0
2013,7,SEA,2013_07_SEA_ARI,1696.6545,0.0
2013,7,NE,2013_07_NE_NYJ,1679.7889,0.0
2013,7,NO,2013_06_NO_NE,1662.735,0.0
2013,7,GB,2013_07_CLE_GB,1651.3531,0.0
2013,7,SF,2013_07_SF_TEN,1613.9772,0.0
2013,7,ATL,2013_07_TB_ATL,1586.4439,0.0
2013,7,CAR,2013_07_LAR_CAR,1574.5372,0.0
2013,7,DAL,2013_07_DAL_PHI,1558.1814,0.0
2013,7,CHI,2013_07_CHI_WAS,1548.9344,0.0
2013,7,CIN,2013_07_CIN_DET,1547.2001,0.0
2013,7,LAC,2013_07_LAC_JAX,1546.6041,0.0
2013,7,BAL,2013_07_BAL_PIT,1545.3892,0.0
2013,7,DET,2013_07_CIN_DET,1535.2787,0.0
2013,7,WAS,2013_07_CHI_WAS,1523.7549,0.0
2013,7,IND,2013_07_DEN_IND,1521.4024,0.0
2013,7,PHI,2013_07_DAL_PHI,1510.7369,-44.3316
2013,7,MIN,2013_07_MIN_NYG,1494.2843,-22.8668
2013,7,KC,2013_07_HOU_KC,1492.8905,0.0
2013,7,MIA,2013_07_BUF_MIA,1486.0713,0.0
2013,7,PIT,2013_07_BAL_PIT,1485.1866,0.0
2013,7,ARI,2013_07_SEA_ARI,1473.1875,0.0
2013,7,NYG,2013_07_MIN_NYG,1471.0999,0.0
2013,7,HOU,2013_07_HOU_KC,1467.7454,-129.5234
2013,7,BUF,2013_07_BUF_MIA,1457.1457,-68.079
2013,7,CLE,2013_07_CLE_GB,1456.3063,0.0
2013,7,TEN,2013_07_SF_TEN,1453.7762,0.0
2013,7,NYJ,2013_07_NE_NYJ,1453.7182,0.0
2013,7,TB,2013_07_TB_ATL,1448.444,-7.767
2013,7,OAK,2013_06_OAK_KC,1442.7074,0.0
2013,7,LAR,2013_07_LAR_CAR,1426.6216,0.0
2013,7,JAX,2013_07_LAC_JAX,1275.7543,39.8408
2013,8,DEN,2013_08_WAS_DEN,1767.5245,0.0
2013,8,SEA,2013_08_SEA_LAR,1708.3939,0.0
2013,8,NO,2013_08_BUF_NO,1667.2411,0.0
2013,8,GB,2013_08_GB_MIN,1662.3018,0.0
2013,8,NE,2013_08_MIA_NE,1657.2063,0.0
2013,8,SF,2013_08_SF_JAX,1633.4576,0.0
2013,8,ATL,2013_08_ATL_ARI,1585.805,0.0
2013,8,CAR,2013_08_CAR_TB,1580.4042,0.0
2013,8,DAL,2013_08_DAL_DET,1568.5183,0.0
2013,8,CIN,2013_08_NYJ_CIN,1563.9581,0.0
2013,8,CHI,2013_07_CHI_WAS,1548.9344,0.0
2013,8,LAC,2013_07_LAC_JAX,1546.6041,0.0
2013,8,BAL,2013_07_BAL_PIT,1545.3892,0.0
2013,8,DET,2013_08_DAL_DET,1531.626,0.0
2013,8,WAS,2013_08_WAS_DEN,1526.3979,0.0
2013,8,IND,2013_07_DEN_IND,1521.4024,0.0
2013,8,KC,2013_08_CLE_KC,1499.1816,0.0
2013,8,PIT,2013_08_PIT_OAK,1495.4675,0.0
2013,8,PHI,2013_08_NYG_PHI,1494.8892,0.0
2013,8,NYG,2013_08_NYG_PHI,1477.8149,0.0
2013,8,MIA,2013_08_MIA_NE,1477.1052,0.0
2013,8,MIN,2013_08_GB_MIN,1476.229,0.0
2013,8,NYJ,2013_08_NYJ_CIN,1470.185,0.0
2013,8,HOU,2013_07_HOU_KC,1467.7454,-129.5234
2013,8,BUF,2013_08_BUF_NO,1461.5435,-70.3083
2013,8,ARI,2013_08_ATL_ARI,1461.0725,0.0
2013,8,TEN,2013_07_SF_TEN,1453.7762,0.0
2013,8,TB,2013_08_CAR_TB,1453.4002,-0.3444
2013,8,CLE,2013_08_CLE_KC,1449.1483,35.0678
2013,8,LAR,2013_08_SEA_LAR,1422.4211,-65.8405
2013,8,OAK,2013_08_PIT_OAK,1421.4079,0.0
2013,8,JAX,2013_08_SF_JAX,1258.7243,32.6967
2013,9,DEN,2013_08_WAS_DEN,1767.5245,0.0
2013,9,SEA,2013_09_TB_SEA,1698.5229,0.0
2013,9,GB,2013_09_CHI_GB,1677.5677,0.0
2013,9,NO,2013_09_NO_NYJ,1672.6815,0.0
2013,9,NE,2013_09_PIT_NE,1650.1254,0.0
2013,9,SF,2013_08_SF_JAX,1633.4576,0.0
2013,9,CIN,2013_09_CIN_MIA,1605.2423,0.0
2013,9,CAR,2013_09_ATL_CAR,1597.0307,0.0
2013,9,ATL,2013_09_ATL_CAR,1566.724,0.0
2013,9,LAC,2013_09_LAC_WAS,1561.6708,0.0
2013,9,DAL,2013_09_MIN_DAL,1556.3819,0.0
2013,9,CHI,2013_09_CHI_GB,1553.3325,-71.0635
2013,9,BAL,2013_09_BAL_CLE,1542.0932,0.0
2013,9,DET,2013_08_DAL_DET,1531.626,0.0
2013,9,IND,2013_09_IND_HOU,1524.248,0.0
2013,9,KC,2013_09_KC_BUF,1506.8033,0.0
2013,9,WAS,2013_09_LAC_WAS,1498.1783,0.0
2013,9,PIT,2013_09_PIT_NE,1482.755,0.0
2013,9,NYG,2013_08_NYG_PHI,1477.8149,0.0
2013,9,MIA,2013_09_CIN_MIA,1475.9711,0.0
2013,9,MIN,2013_09_MIN_DAL,1472.1418,0.0
2013,9,PHI,2013_09_PHI_OAK,1471.7716,-64.0104
2013,9,HOU,2013_09_IND_HOU,1469.2381,-117.6829
2013,9,ARI,2013_08_ATL_ARI,1461.0725,0.0
2013,9,BUF,2013_09_KC_BUF,1454.7193,-94.5512
2013,9,CLE,2013_09_BAL_CLE,1449.2847,53.7403
2013,9,TEN,2013_09_TEN_LAR,1446.3807,0.0
2013,9,NYJ,2013_09_NO_NYJ,1438.6488,0.0
2013,9,TB,2013_09_TB_SEA,1437.3807,4.3927
2013,9,OAK,2013_09_PHI_OAK,1425.869,0.0
2013,9,LAR,2013_09_TEN_LAR,1424.236,-79.2399
2013,9,JAX,2013_08_SF_JAX,1258.7243,32.6967
2013,10,DEN,2013_10_DEN_LAC,1785.7063,0.0
2013,10,SEA,2013_10_SEA_ATL,1699.7792,0.0
2013,10,GB,2013_10_PHI_GB,1662.8025,-113.1684
2013,10,NO,2013_10_DAL_NO,1662.0424,0.0
2013,10,SF,2013_10_CAR_SF,1659.8413,0.0
2013,10,NE,2013_09_PIT_NE,1650.1254,0.0
2013,10,CAR,2013_10_CAR_SF,1619.4819,0.0
2013,10,CIN,2013_10_CIN_BAL,1605.1914,0.0
2013,10,CHI,2013_10_DET_CHI,1571.1775,0.0
2013,10,LAC,2013_10_DEN_LAC,1563.9412,0.0
2013,10,DAL,2013_10_DAL_NO,1551.9774,0.0
2013,10,DET,2013_10_DET_CHI,1545.1288,0.0
2013,10,ATL,2013_10_SEA_ATL,1543.492,0.0
2013,10,BAL,2013_10_CIN_BAL,1535.6565,0.0
2013,10,IND,2013_10_LAR_IND,1525.3036,0.0
2013,10,PHI,2013_10_PHI_GB,1512.2563,-16.7393
2013,10,KC,2013_09_KC_BUF,1506.8033,0.0
2013,10,WAS,2013_10_WAS_MIN,1502.8502,0.0
2013,10,NYG,2013_10_OAK_NYG,1491.537,0.0
2013,10,ARI,2013_10_HOU_ARI,1477.3755,0.0
2013,10,MIA,2013_10_MIA_TB,1476.6024,0.0
2013,10,MIN,2013_10_WAS_MIN,1475.4591,0.0
2013,10,HOU,2013_10_HOU_ARI,1473.8486,-83.203
2013,10,PIT,2013_10_BUF_PIT,1468.2835,0.0
2013,10,BUF,2013_10_BUF_PIT,1451.2679,0.0
2013,10,CLE,2013_09_BAL_CLE,1449.2847,53.7403
2013,10,TEN,2013_10_JAX_TEN,1448.815,0.0
2013,10,TB,2013_10_MIA_TB,1443.1787,14.8644
2013,10,NYJ,2013_09_NO_NYJ,1438.6488,0.0
2013,10,LAR,2013_10_LAR_IND,1423.175,-70.6622
2013,10,OAK,2013_10_OAK_NYG,1398.5506,0.0
2013,10,JAX,2013_10_JAX_TEN,1241.716,49.1889
2013,11,DEN,2013_11_KC_DEN,1790.562,0.0
2013,11,SEA,2013_11_MIN_SEA,1725.3462,0.0
2013,11,NO,2013_11_SF_NO,1689.1319,0.0
2013,11,NE,2013_11_NE_CAR,1675.4323,0.0
2013,11,SF,2013_11_SF_NO,1651.6087,0.0
2013,11,GB,2013_11_GB_NYG,1640.1616,-223.9744
2013,11,CAR,2013_11_NE_CAR,1617.0282,0.0
2013,11,CIN,2013_11_CLE_CIN,1600.498,0.0
2013,11,LAC,2013_11_LAC_MIA,1566.0955,0.0
2013,11,CHI,2013_11_BAL_CHI,1561.3452,-31.9901
2013,11,DET,2013_11_DET_PIT,1559.7414,0.0
2013,11,DAL,2013_10_DAL_NO,1551.9774,0.0
2013,11,PHI,2013_11_WAS_PHI,1536.5539,-6.7284
2013,11,BAL,2013_11_BAL_CHI,1528.227,0.0
2013,11,ATL,2013_11_ATL_TB,1522.2708,0.0
2013,11,KC,2013_11_KC_DEN,1508.4988,0.0
2013,11,WAS,2013_11_WAS_PHI,1500.3971,0.0
2013,11,IND,2013_11_IND_TEN,1486.5015,0.0
2013,11,MIN,2013_11_MIN_SEA,1485.1687,0.0
2013,11,NYG,2013_11_GB_NYG,1484.2565,0.0
2013,11,ARI,2013_11_ARI_JAX,1484.1888,0.0
2013,11,MIA,2013_11_LAC_MIA,1474.9467,0.0
2013,11,PIT,2013_11_DET_PIT,1470.4925,0.0
2013,11,HOU,2013_11_OAK_HOU,1467.0207,-71.9862
2013,11,CLE,2013_11_CLE_CIN,1460.133,70.3504
2013,11,NYJ,2013_11_NYJ_BUF,1456.3034,0.0
2013,11,TB,2013_11_ATL_TB,1443.0707,5.048
2013,11,TEN,2013_11_IND_TEN,1443.0603,-15.9142
2013,11,BUF,2013_11_NYJ_BUF,1436.7803,0.0
2013,11,LAR,2013_10_LAR_IND,1423.175,-70.6622
2013,11,OAK,2013_11_OAK_HOU,1388.1728,-116.636
2013,11,JAX,2013_11_ARI_JAX,1244.1311,36.0616
2013,12,DEN,2013_12_DEN_NE,1795.1132,0.0
2013,12,SEA,2013_11_MIN_SEA,1725.3462,0.0
2013,12,NO,2013_12_NO_ATL,1690.5049,0.0
2013,12,NE,2013_12_DEN_NE,1679.7959,0.0
2013,12,SF,2013_12_SF_WAS,1650.3176,0.0
2013,12,GB,2013_12_MIN_GB,1629.2484,-209.5205
2013,12,CAR,2013_12_CAR_MIA,1622.3909,0.0
2013,12,CIN,2013_11_CLE_CIN,1600.498,0.0
2013,12,CHI,2013_12_CHI_LAR,1570.0743,-28.586
2013,12,LAC,2013_12_LAC_KC,1560.7803,0.0
2013,12,DET,2013_12_TB_DET,1556.7973,0.0
2013,12,PHI,2013_11_WAS_PHI,1536.5539,-6.7284
2013,12,DAL,2013_12_DAL_NYG,1532.3666,0.0
2013,12,BAL,2013_12_NYJ_BAL,1524.7178,0.0
2013,12,ATL,2013_12_NO_ATL,1518.0827,0.0
2013,12,KC,2013_12_LAC_KC,1508.966,0.0
2013,12,IND,2013_12_IND_ARI,1499.916,0.0
2013,12,ARI,2013_12_IND_ARI,1496.3454,0.0
2013,12,WAS,2013_12_SF_WAS,1495.9641,0.0
2013,12,NYG,2013_12_DAL_NYG,1493.6946,0.0
2013,12,MIA,2013_12_CAR_MIA,1484.1179,0.0
2013,12,PIT,2013_12_PIT_CLE,1482.5808,0.0
2013,12,MIN,2013_12_MIN_GB,1481.0827,0.0
2013,12,LAR,2013_12_CHI_LAR,1457.5786,-60.8675
2013,12,HOU,2013_12_JAX_HOU,1450.1956,-76.3707
2013,12,TB,2013_12_TB_DET,1446.678,18.1761
2013,12,CLE,2013_12_PIT_CLE,1443.8863,45.9957
2013,12,TEN,2013_12_TEN_OAK,1442.9511,-4.2325
2013,12,BUF,2013_11_NYJ_BUF,1436.7803,0.0
2013,12,NYJ,2013_12_NYJ_BAL,1435.5879,0.0
2013,12,OAK,2013_12_TEN_OAK,1397.1355,-100.0794
2013,12,JAX,2013_12_JAX_HOU,1232.3924,40.1793
2013,13,DEN,2013_13_DEN_KC,1777.4036,0.0
2013,13,SEA,2013_13_NO_SEA,1729.3903,0.0
2013,13,NE,2013_13_NE_HOU,1695.1795,0.0
2013,13,NO,2013_13_NO_SEA,1688.005,0.0
2013,13,SF,2013_13_LAR_SF,1672.8368,0.0
2013,13,GB,2013_13_GB_DET,1635.7607,-163.3486
2013,13,CAR,2013_13_TB_CAR,1620.0993,0.0
2013,13,CIN,2013_13_CIN_LAC,1596.7047,0.0
2013,13,LAC,2013_13_CIN_LAC,1578.3172,0.0
2013,13,DET,2013_13_GB_DET,1549.1292,0.0
2013,13,PHI,2013_13_ARI_PHI,1543.9736,2.3753
2013,13,CHI,2013_13_CHI_MIN,1542.5224,-4.6451
2013,13,ARI,2013_13_ARI_PHI,1537.2478,0.0
2013,13,DAL,2013_13_OAK_DAL,1535.0136,0.0
2013,13,BAL,2013_13_PIT_BAL,1529.0523,0.0
2013,13,ATL,2013_13_ATL_BUF,1521.9398,0.0
2013,13,KC,2013_13_DEN_KC,1510.071,0.0
2013,13,PIT,2013_13_PIT_BAL,1498.4926,0.0
2013,13,LAR,2013_13_LAR_SF,1497.4529,-64.1273
2013,13,NYG,2013_13_NYG_WAS,1492.8423,0.0
2013,13,MIA,2013_13_MIA_NYJ,1483.1015,0.0
2013,13,MIN,2013_13_CHI_MIN,1481.2331,0.0
2013,13,IND,2013_13_TEN_IND,1467.98,0.0
2013,13,WAS,2013_13_NYG_WAS,1464.3619,0.0
2013,13,BUF,2013_13_ATL_BUF,1450.6997,0.0
2013,13,TB,2013_13_TB_CAR,1449.5492,14.9731
2013,13,TEN,2013_13_TEN_IND,1446.3399,15.3466
2013,13,NYJ,2013_13_MIA_NYJ,1428.5877,0.0
2013,13,CLE,2013_13_JAX_CLE,1426.3415,0.0
2013,13,HOU,2013_13_NE_HOU,1425.5172,-86.0008
2013,13,OAK,2013_13_OAK_DAL,1399.2843,-84.7205
2013,13,JAX,2013_13_JAX_CLE,1247.0047,43.7946
2013,14,DEN,2013_14_TEN_DEN,1783.4017,0.0
2013,14,SEA,2013_14_SEA_SF,1756.2774,0.0
2013,14,NE,2013_14_CLE_NE,1689.4106,0.0
2013,14,SF,2013_14_SEA_SF,1672.0565,0.0
2013,14,NO,2013_14_CAR_NO,1658.9984,0.0
2013,14,CAR,2013_14_CAR_NO,1629.3661,0.0
2013,14,GB,2013_14_ATL_GB,1613.6809,-188.0249
2013,14,CIN,2013_14_IND_CIN,1610.1231,0.0
2013,14,LAC,2013_14_NYG_LAC,1571.255,0.0
2013,14,DET,2013_14_DET_PHI,1566.1727,0.0
2013,14,PHI,2013_14_DET_PHI,1548.7497,4.1637
2013,14,ARI,2013_14_LAR_ARI,1542.1601,0.0
2013,14,CHI,2013_14_DAL_CHI,1542.1316,1.3936
2013,14,BAL,2013_14_MIN_BAL,1536.4593,0.0
2013,14,DAL,2013_14_DAL_CHI,1529.8941,0.0
2013,14,ATL,2013_14_ATL_GB,1520.7206,0.0
2013,14,KC,2013_14_KC_WAS,1519.6414,0.0
2013,14,PIT,2013_14_MIA_PIT,1504.4914,0.0
2013,14,MIA,2013_14_MIA_PIT,1504.4285,0.0
2013,14,LAR,2013_14_LAR_ARI,1501.1367,-64.689
2013,14,NYG,2013_14_NYG_LAC,1501.0013,0.0
2013,14,MIN,2013_14_MIN_BAL,1477.5183,-7.8289
2013,14,IND,2013_14_IND_CIN,1470.8909,0.0
2013,14,BUF,2013_14_BUF_TB,1458.5625,0.0
2013,14,WAS,2013_14_KC_WAS,1451.2323,0.0
2013,14,HOU,2013_14_HOU_JAX,1437.8911,-77.0741
2013,14,TEN,2013_14_TEN_DEN,1436.7127,11.9081
2013,14,TB,2013_14_BUF_TB,1436.7089,1.4969
2013,14,CLE,2013_14_CLE_NE,1417.6777,51.7823
2013,14,OAK,2013_14_OAK_NYJ,1403.465,-80.7829
2013,14,NYJ,2013_14_OAK_NYJ,1402.557,0.0
2013,14,JAX,2013_14_HOU_JAX,1254.0737,44.8894
2013,15,DEN,2013_15_LAC_DEN,1804.0959,0.0
2013,15,SEA,2013_15_SEA_NYG,1753.2626,0.0
2013,15,NE,2013_15_NE_MIA,1677.9584,0.0
2013,15,NO,2013_15_NO_LAR,1676.0252,0.0
2013,15,SF,2013_15_SF_TB,1675.2797,0.0
2013,15,CIN,2013_15_CIN_PIT,1626.9624,0.0
2013,15,GB,2013_15_GB_DAL,1616.62,-182.9984
2013,15,CAR,2013_15_NYJ_CAR,1612.8623,0.0
2013,15,LAC,2013_15_LAC_DEN,1591.661,0.0
2013,15,ARI,2013_15_ARI_TEN,1564.896,0.0
2013,15,CHI,2013_15_CHI_CLE,1563.9885,0.0
2013,15,DET,2013_15_BAL_DET,1563.8046,0.0
2013,15,PHI,2013_15_PHI_MIN,1555.5983,3.6513
2013,15,KC,2013_15_KC_OAK,1551.2174,0.0
2013,15,BAL,2013_15_BAL_DET,1525.6641,0.0
2013,15,DAL,2013_15_GB_DAL,1524.9035,0.0
2013,15,MIA,2013_15_NE_MIA,1517.2031,0.0
2013,15,ATL,2013_15_WAS_ATL,1515.2283,0.0
2013,15,PIT,2013_15_CIN_PIT,1494.04,0.0
2013,15,MIN,2013_15_PHI_MIN,1490.0945,2.6672
2013,15,NYG,2013_15_SEA_NYG,1484.1404,0.0
2013,15,LAR,2013_15_NO_LAR,1482.1493,-77.0555
2013,15,IND,2013_15_HOU_IND,1471.8814,0.0
2013,15,TB,2013_15_SF_TB,1455.1754,-11.0518
2013,15,CLE,2013_15_CHI_CLE,1437.4549,83.8568
2013,15,TEN,2013_15_ARI_TEN,1433.959,1.1049
2013,15,BUF,2013_15_BUF_JAX,1431.0863,0.0
2013,15,HOU,2013_15_HOU_IND,1426.5775,-76.6578
2013,15,OAK,2013_15_KC_OAK,1413.755,-71.6509
2013,15,WAS,2013_15_WAS_ATL,1408.9401,-54.734
2013,15,NYJ,2013_15_NYJ_CAR,1404.1415,0.0
2013,15,JAX,2013_15_BUF_JAX,1267.3929,50.3557
2013,16,DEN,2013_16_DEN_HOU,1792.8331,0.0
2013,16,SEA,2013_16_ARI_SEA,1770.1041,0.0
2013,16,SF,2013_16_ATL_SF,1694.5815,0.0
2013,16,NE,2013_16_NE_BAL,1672.1608,0.0
2013,16,NO,2013_16_NO_CAR,1662.6312,0.0
2013,16,GB,2013_16_PIT_GB,1633.2887,-165.8787
2013,16,CIN,2013_16_MIN_CIN,1621.367,0.0
2013,16,LAC,2013_16_OAK_LAC,1612.9066,0.0
2013,16,CAR,2013_16_NO_CAR,1612.5982,0.0
2013,16,CHI,2013_16_CHI_PHI,1581.2635,0.0
2013,16,KC,2013_16_IND_KC,1576.5578,0.0
2013,16,ARI,2013_16_ARI_SEA,1576.5295,0.0
2013,16,DET,2013_16_NYG_DET,1559.0532,0.0
2013,16,PHI,2013_16_CHI_PHI,1542.2812,17.223
2013,16,MIA,2013_16_MIA_BUF,1529.9908,0.0
2013,16,BAL,2013_16_NE_BAL,1529.0745,0.0
2013,16,MIN,2013_16_MIN_CIN,1515.6435,26.4805
2013,16,DAL,2013_16_DAL_WAS,1512.5837,0.0
2013,16,PIT,2013_16_PIT_GB,1510.3535,0.0
2013,16,LAR,2013_16_TB_LAR,1500.7757,-62.4549
2013,16,ATL,2013_16_ATL_SF,1485.766,0.0
2013,16,IND,2013_16_IND_KC,1483.9375,0.0
2013,16,NYG,2013_16_NYG_DET,1458.5274,0.0
2013,16,TEN,2013_16_TEN_JAX,1435.2885,20.3806
2013,16,TB,2013_16_TB_LAR,1433.5732,-15.4323
2013,16,BUF,2013_16_MIA_BUF,1432.7682,-45.2322
2013,16,WAS,2013_16_DAL_WAS,1428.9576,-39.7728
2013,16,CLE,2013_16_CLE_NYJ,1423.6924,86.29
2013,16,NYJ,2013_16_CLE_NYJ,1408.6314,0.0
2013,16,HOU,2013_16_DEN_HOU,1403.0883,0.0
2013,16,OAK,2013_16_OAK_LAC,1396.866,-72.1291
2013,16,JAX,2013_16_TEN_JAX,1263.5786,49.1716
2013,17,DEN,2013_17_DEN_OAK,1808.8582,0.0
2013,17,SEA,2013_17_LAR_SEA,1745.172,0.0
2013,17,SF,2013_17_SF_ARI,1701.5059,0.0
2013,17,NE,2013_17_BUF_NE,1697.3817,0.0
2013,17,NO,2013_17_TB_NO,1655.417,0.0
2013,17,CIN,2013_17_BAL_CIN,1652.0915,0.0
2013,17,GB,2013_17_GB_CHI,1621.2603,0.0
2013,17,LAC,2013_17_KC_LAC,1615.9559,0.0
2013,17,CAR,2013_17_CAR_ATL,1612.8594,0.0
2013,17,ARI,2013_17_SF_ARI,1594.541,0.0
2013,17,PHI,2013_17_PHI_DAL,1593.963,28.8528
2013,17,KC,2013_17_KC_LAC,1551.4165,-170.664
2013,17,DET,2013_17_DET_MIN,1548.6339,0.0
2013,17,CHI,2013_17_GB_CHI,1533.61,0.0
2013,17,PIT,2013_17_CLE_PIT,1522.2454,0.0
2013,17,DAL,2013_17_PHI_DAL,1517.7356,-38.007
2013,17,LAR,2013_17_LAR_SEA,1510.6998,-59.6194
2013,17,IND,2013_17_JAX_IND,1510.0953,0.0
2013,17,MIA,2013_17_NYJ_MIA,1497.4341,0.0
2013,17,BAL,2013_17_BAL_CIN,1492.7965,0.0
2013,17,ATL,2013_17_CAR_ATL,1482.6837,0.0
2013,17,MIN,2013_17_DET_MIN,1481.7419,-0.3535
2013,17,NYG,2013_17_WAS_NYG,1462.8823,0.0
2013,17,BUF,2013_17_BUF_NE,1457.2821,-41.6721
2013,17,TEN,2013_17_HOU_TEN,1433.9559,8.6719
2013,17,NYJ,2013_17_NYJ_MIA,1431.3861,0.0
2013,17,TB,2013_17_TB_NO,1422.3185,-31.5378
2013,17,WAS,2013_17_WAS_NYG,1420.1255,-42.6784
2013,17,CLE,2013_17_CLE_PIT,1404.4191,61.5305
2013,17,OAK,2013_17_DEN_OAK,1395.4194,0.0
2013,17,HOU,2013_17_HOU_TEN,1381.2545,0.0
2013,17,JAX,2013_17_JAX_IND,1262.4844,58.6694
2014,1,DEN,2014_01_IND_DEN,1733.5234,0.0
2014,1,SEA,2014_01_GB_SEA,1646.7145,0.0
2014,1,NO,2014_01_NO_ATL,1640.3206,0.0
2014,1,NE,2014_01_NE_MIA,1628.7852,0.0
2014,1,SF,2014_01_SF_DAL,1626.8587,0.0
2014,1,CIN,2014_01_CIN_BAL,1601.3831,0.0
2014,1,GB,2014_01_GB_SEA,1594.7516,0.0
2014,1,LAC,2014_01_LAC_ARI,1576.6151,0.0
2014,1,KC,2014_01_TEN_KC,1562.5798,0.0
2014,1,ARI,2014_01_LAC_ARI,1559.9464,0.0
2014,1,PHI,2014_01_JAX_PHI,1558.0608,0.0
2014,1,IND,2014_01_IND_DEN,1531.0706,0.0
2014,1,PIT,2014_01_CLE_PIT,1530.5851,0.0
2014,1,DAL,2014_01_SF_DAL,1526.7474,0.0
2014,1,CHI,2014_01_BUF_CHI,1522.9203,0.0
2014,1,CAR,2014_01_CAR_TB,1516.6399,0.0
2014,1,DET,2014_01_NYG_DET,1513.652,0.0
2014,1,LAR,2014_01_MIN_LAR,1513.6291,0.0
2014,1,ATL,2014_01_NO_ATL,1502.7898,0.0
2014,1,MIN,2014_01_MIN_LAR,1493.1916,0.0
2014,1,MIA,2014_01_NE_MIA,1486.0984,0.0
2014,1,BUF,2014_01_BUF_CHI,1474.8491,0.0
2014,1,TB,2014_01_CAR_TB,1470.9299,0.0
2014,1,BAL,2014_01_CIN_BAL,1468.943,0.0
2014,1,NYJ,2014_01_OAK_NYJ,1464.0518,0.0
2014,1,TEN,2014_01_TEN_KC,1454.1164,0.0
2014,1,NYG,2014_01_NYG_DET,1446.9912,0.0
2014,1,WAS,2014_01_WAS_HOU,1443.136,0.0
2014,1,HOU,2014_01_WAS_HOU,1437.9919,0.0
2014,1,OAK,2014_01_OAK_NYJ,1432.9248,0.0
2014,1,CLE,2014_01_CLE_PIT,1411.0121,0.0
2014,1,JAX,2014_01_JAX_PHI,1373.7261,0.0
2014,2,DEN,2014_02_KC_DEN,1730.2123,0.0
2014,2,SEA,2014_02_SEA_LAC,1664.5816,0.0
2014,2,NO,2014_02_NO_CLE,1638.7348,0.0
2014,2,SF,2014_02_CHI_SF,1627.4302,0.0
2014,2,NE,2014_02_NE_MIN,1607.4498,0.0
2014,2,CIN,2014_02_ATL_CIN,1598.4581,0.0
2014,2,GB,2014_02_NYJ_GB,1581.5672,0.0
2014,2,ARI,2014_02_ARI_NYG,1575.6431,-32.3198
2014,2,LAC,2014_02_SEA_LAC,1561.9169,0.0
2014,2,PHI,2014_02_PHI_IND,1559.1509,0.0
2014,2,DET,2014_02_DET_CAR,1540.1728,0.0
2014,2,KC,2014_02_KC_DEN,1536.4878,0.0
2014,2,IND,2014_02_PHI_IND,1534.8685,0.0
2014,2,DAL,2014_02_DAL_TEN,1525.2533,0.0
2014,2,PIT,2014_02_PIT_BAL,1523.9774,0.0
2014,2,MIN,2014_02_NE_MIN,1523.7332,0.0
2014,2,ATL,2014_02_ATL_CIN,1518.7006,0.0
2014,2,CAR,2014_02_DET_CAR,1517.4341,97.3164
2014,2,CHI,2014_02_CHI_SF,1512.2787,0.0
2014,2,MIA,2014_02_MIA_BUF,1500.5976,0.0
2014,2,BUF,2014_02_MIA_BUF,1487.1258,0.0
2014,2,TEN,2014_02_DAL_TEN,1479.0352,0.0
2014,2,LAR,2014_02_LAR_TB,1474.093,-134.6433
2014,2,NYJ,2014_02_NYJ_GB,1473.5546,0.0
2014,2,TB,2014_02_LAR_TB,1469.188,0.0
2014,2,BAL,2014_02_PIT_BAL,1468.9531,0.0
2014,2,HOU,2014_02_HOU_OAK,1444.7612,0.0
2014,2,WAS,2014_02_JAX_WAS,1434.112,0.0
2014,2,NYG,2014_02_ARI_NYG,1424.3602,0.0
2014,2,OAK,2014_02_HOU_OAK,1420.9963,0.0
2014,2,CLE,2014_02_NO_CLE,1420.9834,0.0
2014,2,JAX,2014_02_JAX_WAS,1358.9299,0.0
2014,3,DEN,2014_03_DEN_SEA,1728.4627,0.0
2014,3,SEA,2014_03_DEN_SEA,1650.1653,0.0
2014,3,NO,2014_03_MIN_NO,1632.331,0.0
2014,3,NE,2014_03_OAK_NE,1621.2473,0.0
2014,3,SF,2014_03_SF_ARI,1611.1906,0.0
2014,3,CIN,2014_03_TEN_CIN,1607.3945,0.0
2014,3,GB,2014_03_GB_DET,1586.5983,0.0
2014,3,ARI,2014_03_SF_ARI,1585.5826,-46.6835
2014,3,LAC,2014_03_LAC_BUF,1577.5054,0.0
2014,3,PHI,2014_03_WAS_PHI,1571.5011,0.0
2014,3,DAL,2014_03_DAL_LAR,1546.6773,0.0
2014,3,KC,2014_03_KC_MIA,1540.7754,0.0
2014,3,DET,2014_03_GB_DET,1532.684,0.0
2014,3,IND,2014_03_IND_JAX,1526.9047,0.0
2014,3,CHI,2014_03_CHI_NYJ,1525.39,0.0
2014,3,CAR,2014_03_PIT_CAR,1520.6201,100.3726
2014,3,ATL,2014_03_TB_ATL,1506.994,0.0
2014,3,PIT,2014_03_PIT_CAR,1503.72,0.0
2014,3,BUF,2014_03_LAC_BUF,1497.7172,0.0
2014,3,MIN,2014_03_MIN_NO,1495.4438,0.0
2014,3,BAL,2014_03_BAL_CLE,1490.8191,0.0
2014,3,LAR,2014_03_DAL_LAR,1487.1852,-120.9633
2014,3,MIA,2014_03_KC_MIA,1487.024,0.0
2014,3,NYJ,2014_03_CHI_NYJ,1476.2777,0.0
2014,3,WAS,2014_03_WAS_PHI,1470.7953,-59.0602
2014,3,TB,2014_03_TB_ATL,1462.0386,0.0
2014,3,HOU,2014_03_HOU_NYG,1459.4223,0.0
2014,3,TEN,2014_03_TEN_CIN,1453.1786,0.0
2014,3,CLE,2014_03_BAL_CLE,1426.4582,0.0
2014,3,NYG,2014_03_HOU_NYG,1414.9054,0.0
2014,3,OAK,2014_03_OAK_NE,1408.4202,0.0
2014,3,JAX,2014_03_IND_JAX,1325.2442,0.0
2014,4,DEN,2014_03_DEN_SEA,1728.4627,0.0
2014,4,SEA,2014_03_DEN_SEA,1650.1653,0.0
2014,4,NO,2014_04_NO_DAL,1639.474,0.0
2014,4,NE,2014_04_NE_KC,1616.948,0.0
2014,4,CIN,2014_03_TEN_CIN,1607.3945,0.0
2014,4,SF,2014_04_PHI_SF,1597.3339,0.0
2014,4,LAC,2014_04_JAX_LAC,1593.1519,0.0
2014,4,ARI,2014_03_SF_ARI,1585.5826,-46.6835
2014,4,GB,2014_04_GB_CHI,1572.3351,0.0
2014,4,PHI,2014_04_PHI_SF,1571.4365,0.0
2014,4,KC,2014_04_NE_KC,1564.6459,0.0
2014,4,IND,2014_04_TEN_IND,1554.8349,0.0
2014,4,ATL,2014_04_ATL_MIN,1546.3145,0.0
2014,4,DAL,2014_04_NO_DAL,1546.1504,0.0
2014,4,DET,2014_04_DET_NYJ,1542.2533,0.0
2014,4,PIT,2014_04_TB_PIT,1533.7463,0.0
2014,4,CHI,2014_04_GB_CHI,1530.8153,0.0
2014,4,CAR,2014_04_CAR_BAL,1501.0119,102.6147
2014,4,BAL,2014_04_CAR_BAL,1498.2025,0.0
2014,4,MIN,2014_04_ATL_MIN,1494.4972,15.4073
2014,4,LAR,2014_03_DAL_LAR,1487.1852,-120.9633
2014,4,BUF,2014_04_BUF_HOU,1486.656,0.0
2014,4,WAS,2014_04_NYG_WAS,1486.5705,-30.5395
2014,4,NYJ,2014_04_DET_NYJ,1470.1924,0.0
2014,4,MIA,2014_04_MIA_OAK,1456.9646,0.0
2014,4,HOU,2014_04_BUF_HOU,1445.4078,0.0
2014,4,TEN,2014_04_TEN_IND,1437.0536,-53.1354
2014,4,NYG,2014_04_NYG_WAS,1431.369,0.0
2014,4,CLE,2014_03_BAL_CLE,1426.4582,0.0
2014,4,TB,2014_04_TB_PIT,1419.0373,-78.0271
2014,4,OAK,2014_04_MIA_OAK,1410.8619,0.0
2014,4,JAX,2014_04_JAX_LAC,1305.9799,34.1621
2014,5,DEN,2014_05_ARI_DEN,1717.1828,0.0
2014,5,SEA,2014_05_SEA_WAS,1659.5663,0.0
2014,5,CIN,2014_05_CIN_NE,1621.5904,0.0
2014,5,NO,2014_05_TB_NO,1619.708,0.0
2014,5,ARI,2014_05_ARI_DEN,1610.6281,-31.9085
2014,5,LAC,2014_05_NYJ_LAC,1605.1173,0.0
2014,5,GB,2014_05_MIN_GB,1601.2209,0.0
2014,5,SF,2014_05_KC_SF,1597.4677,0.0
2014,5,KC,2014_05_KC_SF,1592.8894,0.0
2014,5,NE,2014_05_CIN_NE,1587.9682,0.0
2014,5,IND,2014_05_BAL_IND,1586.4893,0.0
2014,5,DAL,2014_05_HOU_DAL,1570.8687,0.0
2014,5,PHI,2014_05_LAR_PHI,1557.41,0.0
2014,5,DET,2014_05_BUF_DET,1546.8286,0.0
2014,5,BAL,2014_05_BAL_IND,1541.4918,0.0
2014,5,ATL,2014_05_ATL_NYG,1540.5362,0.0
2014,5,PIT,2014_05_PIT_JAX,1520.9185,0.0
2014,5,MIN,2014_05_MIN_GB,1510.1707,13.2155
2014,5,CHI,2014_05_CHI_CAR,1505.2787,0.0
2014,5,LAR,2014_05_LAR_PHI,1495.5346,-95.5102
2014,5,CAR,2014_05_CHI_CAR,1475.2251,98.9044
2014,5,BUF,2014_05_BUF_DET,1475.213,18.2748
2014,5,NYG,2014_05_ATL_NYG,1470.9579,0.0
2014,5,NYJ,2014_05_NYJ_LAC,1468.2529,0.0
2014,5,MIA,2014_04_MIA_OAK,1456.9646,0.0
2014,5,WAS,2014_05_SEA_WAS,1451.1677,-41.6443
2014,5,HOU,2014_05_HOU_DAL,1448.647,0.0
2014,5,TB,2014_05_TB_NO,1437.1346,-70.7844
2014,5,CLE,2014_05_CLE_TEN,1428.5627,0.0
2014,5,TEN,2014_05_CLE_TEN,1413.6855,0.0
2014,5,OAK,2014_04_MIA_OAK,1410.8619,0.0
2014,5,JAX,2014_05_PIT_JAX,1298.4588,36.0027
2014,6,DEN,2014_06_DEN_NYJ,1736.1018,0.0
2014,6,SEA,2014_06_DAL_SEA,1667.9274,0.0
2014,6,LAC,2014_06_LAC_OAK,1625.3824,0.0
2014,6,GB,2014_06_GB_MIA,1622.396,0.0
2014,6,NO,2014_05_TB_NO,1619.708,0.0
2014,6,NE,2014_06_NE_BUF,1609.427,0.0
2014,6,CIN,2014_06_CAR_CIN,1601.1989,0.0
2014,6,SF,2014_06_SF_LAR,1598.6762,0.0
2014,6,KC,2014_05_KC_SF,1592.8894,0.0
2014,6,ARI,2014_06_WAS_ARI,1591.941,0.0
2014,6,IND,2014_06_IND_HOU,1591.1178,0.0
2014,6,DAL,2014_06_DAL_SEA,1572.6047,0.0
2014,6,PHI,2014_06_NYG_PHI,1548.8635,0.0
2014,6,DET,2014_06_DET_MIN,1536.2736,0.0
2014,6,BAL,2014_06_BAL_TB,1535.4142,0.0
2014,6,PIT,2014_06_PIT_CLE,1527.0924,0.0
2014,6,ATL,2014_06_CHI_ATL,1524.0734,0.0
2014,6,LAR,2014_06_SF_LAR,1505.7788,-70.9773
2014,6,CHI,2014_06_CHI_ATL,1498.5737,0.0
2014,6,NYG,2014_06_NYG_PHI,1490.8323,0.0
2014,6,MIA,2014_06_GB_MIA,1481.4609,0.0
2014,6,MIN,2014_06_DET_MIN,1480.8093,35.1641
2014,6,CAR,2014_06_CAR_CIN,1476.3826,95.3961
2014,6,BUF,2014_06_NE_BUF,1473.4722,25.9136
2014,6,HOU,2014_06_IND_HOU,1450.4987,0.0
2014,6,WAS,2014_06_WAS_ARI,1449.2924,-26.8214
2014,6,NYJ,2014_06_DEN_NYJ,1444.1966,0.0
2014,6,TB,2014_06_BAL_TB,1441.2173,-64.3946
2014,6,CLE,2014_06_PIT_CLE,1432.9228,0.0
2014,6,TEN,2014_06_JAX_TEN,1415.5224,-44.9327
2014,6,OAK,2014_06_LAC_OAK,1385.6033,0.0
2014,6,JAX,2014_06_JAX_TEN,1283.7723,27.1285
2014,7,DEN,2014_07_SF_DEN,1737.5453,0.0
2014,7,SEA,2014_07_SEA_LAR,1652.0761,0.0
2014,7,NE,2014_07_NYJ_NE,1636.6106,0.0
2014,7,LAC,2014_07_KC_LAC,1624.9764,0.0
2014,7,GB,2014_07_CAR_GB,1622.1717,0.0
2014,7,NO,2014_07_NO_DET,1616.7444,0.0
2014,7,CIN,2014_07_CIN_IND,1606.9902,0.0
2014,7,SF,2014_07_SF_DEN,1603.0128,0.0
2014,7,IND,2014_07_CIN_IND,1599.484,0.0
2014,7,ARI,2014_07_ARI_OAK,1592.5645,0.0
2014,7,KC,2014_07_KC_LAC,1592.4068,0.0
2014,7,DAL,2014_07_NYG_DAL,1591.1839,0.0
2014,7,BAL,2014_07_ATL_BAL,1576.0873,0.0
2014,7,PHI,2014_06_NYG_PHI,1548.8635,0.0
2014,7,DET,2014_07_NO_DET,1543.583,0.0
2014,7,CHI,2014_07_MIA_CHI,1521.1826,0.0
2014,7,LAR,2014_07_SEA_LAR,1499.4266,-80.1502
2014,7,ATL,2014_07_ATL_BAL,1498.4714,0.0
2014,7,PIT,2014_07_HOU_PIT,1498.2057,0.0
2014,7,MIA,2014_07_MIA_CHI,1486.4552,0.0
2014,7,CAR,2014_07_CAR_GB,1480.4213,126.6908
2014,7,NYG,2014_07_NYG_DAL,1464.0496,0.0
2014,7,CLE,2014_07_CLE_JAX,1461.5825,0.0
2014,7,MIN,2014_07_MIN_BUF,1455.77,3.9806
2014,7,BUF,2014_07_MIN_BUF,1455.5779,23.4852
2014,7,WAS,2014_07_TEN_WAS,1450.4943,-25.443
2014,7,HOU,2014_07_HOU_PIT,1448.8126,0.0
2014,7,TB,2014_06_BAL_TB,1441.2173,-64.3946
2014,7,NYJ,2014_07_NYJ_NE,1439.2644,0.0
2014,7,TEN,2014_07_TEN_WAS,1407.1985,-45.451
2014,7,OAK,2014_07_ARI_OAK,1394.221,0.0
2014,7,JAX,2014_07_CLE_JAX,1290.6939,32.7954
2014,8,DEN,2014_08_LAC_DEN,1763.4925,0.0
2014,8,SEA,2014_08_SEA_CAR,1650.2718,0.0
2014,8,GB,2014_08_GB_NO,1646.4406,0.0
2014,8,IND,2014_08_IND_PIT,1639.1296,0.0
2014,8,NE,2014_08_CHI_NE,1629.7917,0.0
2014,8,LAC,2014_08_LAC_DEN,1615.8069,0.0
2014,8,NO,2014_08_GB_NO,1611.4235,0.0
2014,8,KC,2014_08_LAR_KC,1606.3814,0.0
2014,8,SF,2014_07_SF_DEN,1603.0128,0.0
2014,8,ARI,2014_08_PHI_ARI,1601.8584,0.0
2014,8,DAL,2014_08_WAS_DAL,1600.4725,0.0
2014,8,BAL,2014_08_BAL_CIN,1600.4371,0.0
2014,8,PHI,2014_08_PHI_ARI,1569.283,0.0
2014,8,CIN,2014_08_BAL_CIN,1563.2328,0.0
2014,8,DET,2014_08_DET_ATL,1547.5164,0.0
2014,8,MIA,2014_08_MIA_JAX,1509.8299,0.0
2014,8,LAR,2014_08_LAR_KC,1509.6081,-63.1114
2014,8,CHI,2014_08_CHI_NE,1497.2781,0.0
2014,8,PIT,2014_08_IND_PIT,1492.9932,0.0
2014,8,ATL,2014_08_DET_ATL,1473.7486,0.0
2014,8,NYG,2014_07_NYG_DAL,1464.0496,0.0
2014,8,BUF,2014_08_BUF_NYJ,1458.9273,20.3262
2014,8,CAR,2014_08_SEA_CAR,1457.6793,118.0164
2014,8,HOU,2014_08_HOU_TEN,1456.9688,0.0
2014,8,WAS,2014_08_WAS_DAL,1453.4939,-45.9672
2014,8,NYJ,2014_08_BUF_NYJ,1453.1613,0.0
2014,8,MIN,2014_08_MIN_TB,1448.7827,-11.6905
2014,8,CLE,2014_08_OAK_CLE,1422.248,0.0
2014,8,TB,2014_08_MIN_TB,1410.1857,-66.2236
2014,8,TEN,2014_08_HOU_TEN,1405.9679,-66.8157
2014,8,OAK,2014_08_OAK_CLE,1387.393,0.0
2014,8,JAX,2014_08_MIA_JAX,1314.3273,20.1214
2014,9,DEN,2014_09_DEN_NE,1776.8846,0.0
2014,9,NE,2014_09_DEN_NE,1659.6525,0.0
2014,9,SEA,2014_09_OAK_SEA,1656.2241,0.0
2014,9,GB,2014_08_GB_NO,1646.4406,0.0
2014,9,NO,2014_09_NO_CAR,1636.725,0.0
2014,9,KC,2014_09_NYJ_KC,1633.4055,0.0
2014,9,IND,2014_09_IND_NYG,1620.6659,0.0
2014,9,LAC,2014_09_LAC_MIA,1612.091,0.0
2014,9,ARI,2014_09_ARI_DAL,1605.2075,0.0
2014,9,BAL,2014_09_BAL_PIT,1602.2254,0.0
2014,9,DAL,2014_09_ARI_DAL,1591.056,-96.7371
2014,9,SF,2014_09_LAR_SF,1583.4557,0.0
2014,9,PHI,2014_09_PHI_HOU,1568.2446,0.0
2014,9,CIN,2014_09_JAX_CIN,1561.7782,0.0
2014,9,DET,2014_08_DET_ATL,1547.5164,0.0
2014,9,PIT,2014_09_BAL_PIT,1532.129,0.0
2014,9,MIA,2014_09_LAC_MIA,1516.9897,0.0
2014,9,CHI,2014_08_CHI_NE,1497.2781,0.0
2014,9,LAR,2014_09_LAR_SF,1485.9436,-78.8119
2014,9,ATL,2014_08_DET_ATL,1473.7486,0.0
2014,9,HOU,2014_09_PHI_HOU,1473.068,0.0
2014,9,NYG,2014_09_IND_NYG,1467.4881,0.0
2014,9,WAS,2014_09_WAS_MIN,1465.2466,0.0
2014,9,BUF,2014_08_BUF_NYJ,1458.9273,20.3262
2014,9,CAR,2014_09_NO_CAR,1449.2957,98.6202
2014,9,MIN,2014_09_WAS_MIN,1444.2121,-7.1261
2014,9,NYJ,2014_09_NYJ_KC,1434.1486,47.6329
2014,9,CLE,2014_09_TB_CLE,1424.0587,0.0
2014,9,TB,2014_09_TB_CLE,1407.2852,-74.8939
2014,9,TEN,2014_08_HOU_TEN,1405.9679,-66.8157
2014,9,OAK,2014_09_OAK_SEA,1381.5221,0.0
2014,9,JAX,2014_09_JAX_CIN,1303.3431,13.8704
2014,10,DEN,2014_10_DEN_OAK,1756.1322,0.0
2014,10,NE,2014_09_DEN_NE,1659.6525,0.0
2014,10,NO,2014_10_SF_NO,1652.5729,0.0
2014,10,SEA,2014_10_NYG_SEA,1647.8155,0.0
2014,10,KC,2014_10_KC_BUF,1647.6482,0.0
2014,10,GB,2014_10_CHI_GB,1629.1796,0.0
2014,10,IND,2014_09_IND_NYG,1620.6659,0.0
2014,10,ARI,2014_10_LAR_ARI,1618.6107,0.0
2014,10,LAC,2014_09_LAC_MIA,1612.091,0.0
2014,10,BAL,2014_10_TEN_BAL,1589.2267,0.0
2014,10,PHI,2014_10_CAR_PHI,1576.1224,-124.9616
2014,10,DAL,2014_10_DAL_JAX,1574.7922,0.0
2014,10,SF,2014_10_SF_NO,1568.165,0.0
2014,10,MIA,2014_10_MIA_DET,1564.7382,0.0
2014,10,PIT,2014_10_PIT_NYJ,1559.5195,0.0
2014,10,CIN,2014_10_CLE_CIN,1558.1896,0.0
2014,10,DET,2014_10_MIA_DET,1547.5807,0.0
2014,10,LAR,2014_10_LAR_ARI,1490.0964,-85.684
2014,10,ATL,2014_10_ATL_TB,1479.4988,0.0
2014,10,CHI,2014_10_CHI_GB,1476.4372,0.0
2014,10,HOU,2014_09_PHI_HOU,1473.068,0.0
2014,10,BUF,2014_10_KC_BUF,1471.6256,25.7704
2014,10,WAS,2014_09_WAS_MIN,1465.2466,0.0
2014,10,NYG,2014_10_NYG_SEA,1456.6104,0.0
2014,10,MIN,2014_09_WAS_MIN,1444.2121,-7.1261
2014,10,CAR,2014_10_CAR_PHI,1426.5865,80.2377
2014,10,NYJ,2014_10_PIT_NYJ,1424.4777,52.0485
2014,10,CLE,2014_10_CLE_CIN,1414.6211,0.0
2014,10,TB,2014_10_ATL_TB,1409.4725,0.0
2014,10,TEN,2014_10_TEN_BAL,1389.2819,-52.0178
2014,10,OAK,2014_10_DEN_OAK,1379.9151,0.0
2014,10,JAX,2014_10_DAL_JAX,1308.6066,22.0707
2014,11,DEN,2014_11_DEN_LAR,1770.9853,0.0
2014,11,NE,2014_11_NE_IND,1679.685,0.0
2014,11,SEA,2014_11_SEA_KC,1679.163,0.0
2014,11,GB,2014_11_PHI_GB,1675.9379,0.0
2014,11,KC,2014_11_SEA_KC,1647.667,0.0
2014,11,IND,2014_11_NE_IND,1640.6023,0.0
2014,11,NO,2014_11_CIN_NO,1639.4326,0.0
2014,11,ARI,2014_11_DET_ARI,1624.5085,-73.4277
2014,11,PHI,2014_11_PHI_GB,1598.9124,-108.486
2014,11,BAL,2014_10_TEN_BAL,1589.2267,0.0
2014,11,DAL,2014_10_DAL_JAX,1574.7922,0.0
2014,11,SF,2014_11_SF_NYG,1573.8025,0.0
2014,11,LAC,2014_11_OAK_LAC,1566.2113,0.0
2014,11,MIA,2014_11_BUF_MIA,1563.9132,0.0
2014,11,DET,2014_11_DET_ARI,1547.3395,0.0
2014,11,PIT,2014_11_PIT_TEN,1546.0871,0.0
2014,11,CIN,2014_11_CIN_NO,1518.9833,0.0
2014,11,ATL,2014_11_ATL_CAR,1488.3053,0.0
2014,11,LAR,2014_11_DEN_LAR,1474.4132,0.0
2014,11,BUF,2014_11_BUF_MIA,1471.8828,31.7432
2014,11,WAS,2014_11_TB_WAS,1471.0706,0.0
2014,11,HOU,2014_11_HOU_CLE,1463.3645,-38.4891
2014,11,CLE,2014_11_HOU_CLE,1446.9931,0.0
2014,11,MIN,2014_11_MIN_CHI,1445.9883,3.5698
2014,11,NYG,2014_11_SF_NYG,1433.4164,0.0
2014,11,CHI,2014_11_MIN_CHI,1433.0707,0.0
2014,11,NYJ,2014_10_PIT_NYJ,1424.4777,52.0485
2014,11,TB,2014_11_TB_WAS,1403.5946,0.0
2014,11,CAR,2014_11_ATL_CAR,1398.6223,58.3913
2014,11,TEN,2014_11_PIT_TEN,1377.499,-60.766
2014,11,OAK,2014_11_OAK_LAC,1357.9348,0.0
2014,11,JAX,2014_10_DAL_JAX,1308.6066,22.0707
2014,12,DEN,2014_12_MIA_DEN,1737.2862,0.0
2014,12,NE,2014_12_DET_NE,1706.0448,0.0
2014,12,GB,2014_12_GB_MIN,1697.6182,0.0
2014,12,SEA,2014_12_ARI_SEA,1670.6863,0.0
2014,12,KC,2014_12_KC_OAK,1664.7757,0.0
2014,12,ARI,2014_12_ARI_SEA,1636.0194,-62.2136
2014,12,IND,2014_12_JAX_IND,1624.0023,0.0
2014,12,NO,2014_12_BAL_NO,1616.8348,0.0
2014,12,BAL,2014_12_BAL_NO,1600.0825,0.0
2014,12,DAL,2014_12_DAL_NYG,1590.418,0.0
2014,12,SF,2014_12_WAS_SF,1585.9002,0.0
2014,12,MIA,2014_12_MIA_DEN,1584.7235,0.0
2014,12,PHI,2014_12_TEN_PHI,1583.0454,-103.3648
2014,12,LAC,2014_12_LAR_LAC,1549.5997,0.0
2014,12,PIT,2014_11_PIT_TEN,1546.0871,0.0
2014,12,CIN,2014_12_CIN_HOU,1544.0354,0.0
2014,12,DET,2014_12_DET_NE,1537.8869,0.0
2014,12,LAR,2014_12_LAR_LAC,1495.6568,0.0
2014,12,ATL,2014_12_CLE_ATL,1488.322,0.0
2014,12,HOU,2014_12_CIN_HOU,1484.9444,-26.8751
2014,12,BUF,2014_12_NYJ_BUF,1454.0332,25.0821
2014,12,WAS,2014_12_WAS_SF,1445.412,0.0
2014,12,CHI,2014_12_TB_CHI,1443.1054,0.0
2014,12,NYJ,2014_12_NYJ_BUF,1435.6354,47.2961
2014,12,MIN,2014_12_GB_MIN,1434.1458,-4.2909
2014,12,TB,2014_12_TB_CHI,1426.8784,0.0
2014,12,CLE,2014_12_CLE_ATL,1426.3953,0.0
2014,12,NYG,2014_12_DAL_NYG,1415.4063,0.0
2014,12,CAR,2014_11_ATL_CAR,1398.6223,58.3913
2014,12,TEN,2014_12_TEN_PHI,1376.0677,-44.0527
2014,12,OAK,2014_12_KC_OAK,1359.5799,0.0
2014,12,JAX,2014_12_JAX_IND,1296.9974,13.0233
2014,13,DEN,2014_13_DEN_KC,1739.2686,0.0
2014,13,NE,2014_13_NE_GB,1724.7828,0.0
2014,13,GB,2014_13_NE_GB,1699.5765,0.0
2014,13,SEA,2014_13_SEA_SF,1687.7597,0.0
2014,13,KC,2014_13_DEN_KC,1642.709,0.0
2014,13,IND,2014_13_WAS_IND,1631.8481,0.0
2014,13,BAL,2014_13_LAC_BAL,1629.2132,0.0
2014,13,ARI,2014_13_ARI_ATL,1617.1713,-73.0003
2014,13,NO,2014_13_NO_PIT,1601.0993,0.0
2014,13,DAL,2014_13_PHI_DAL,1599.9888,0.0
2014,13,MIA,2014_13_MIA_NYJ,1597.8805,0.0
2014,13,PHI,2014_13_PHI_DAL,1596.3241,-95.0636
2014,13,SF,2014_13_SEA_SF,1586.3438,0.0
2014,13,PIT,2014_13_NO_PIT,1548.2217,0.0
2014,13,CIN,2014_13_CIN_TB,1547.5747,0.0
2014,13,LAC,2014_13_LAC_BAL,1544.8417,0.0
2014,13,DET,2014_13_CHI_DET,1524.9024,0.0
2014,13,LAR,2014_13_OAK_LAR,1492.7479,0.0
2014,13,BUF,2014_13_CLE_BUF,1492.2828,37.0292
2014,13,HOU,2014_13_TEN_HOU,1477.2893,0.0
2014,13,ATL,2014_13_ARI_ATL,1474.8715,0.0
2014,13,WAS,2014_13_WAS_IND,1445.881,-7.1835
2014,13,CLE,2014_13_CLE_BUF,1440.1091,0.0
2014,13,CHI,2014_13_CHI_DET,1438.3638,0.0
2014,13,MIN,2014_13_CAR_MIN,1438.1119,2.3118
2014,13,TB,2014_13_CIN_TB,1420.6278,0.0
2014,13,NYG,2014_13_NYG_JAX,1418.333,0.0
2014,13,CAR,2014_13_CAR_MIN,1392.7157,63.0682
2014,13,NYJ,2014_13_MIA_NYJ,1390.7698,0.0
2014,13,OAK,2014_13_OAK_LAR,1378.8957,0.0
2014,13,TEN,2014_13_TEN_HOU,1365.9255,-43.304
2014,13,JAX,2014_13_NYG_JAX,1280.8343,-1.38
2014,14,DEN,2014_14_BUF_DEN,1747.7419,0.0
2014,14,NE,2014_14_NE_LAC,1725.6145,0.0
2014,14,GB,2014_14_ATL_GB,1711.3142,0.0
2014,14,SEA,2014_14_SEA_PHI,1704.3213,0.0
2014,14,IND,2014_14_IND_CLE,1652.391,0.0
2014,14,BAL,2014_14_BAL_MIA,1634.2369,0.0
2014,14,PHI,2014_14_SEA_PHI,1629.883,-78.1411
2014,14,KC,2014_14_KC_ARI,1626.1997,0.0
2014,14,NO,2014_14_CAR_NO,1605.9963,0.0
2014,14,ARI,2014_14_KC_ARI,1602.9927,-67.5296
2014,14,MIA,2014_14_BAL_MIA,1595.9595,0.0
2014,14,DAL,2014_14_DAL_CHI,1564.392,0.0
2014,14,SF,2014_14_SF_OAK,1562.0383,0.0
2014,14,LAC,2014_14_NE_LAC,1553.4711,0.0
2014,14,PIT,2014_14_PIT_CIN,1548.9768,0.0
2014,14,CIN,2014_14_PIT_CIN,1544.9224,0.0
2014,14,DET,2014_14_TB_DET,1540.9568,0.0
2014,14,LAR,2014_14_LAR_WAS,1539.8881,0.0
2014,14,HOU,2014_14_HOU_JAX,1506.8429,0.0
2014,14,BUF,2014_14_BUF_DEN,1497.0845,26.311
2014,14,ATL,2014_14_ATL_GB,1489.4141,0.0
2014,14,MIN,2014_14_NYJ_MIN,1445.8926,4.498
2014,14,WAS,2014_14_LAR_WAS,1430.6705,9.0467
2014,14,CLE,2014_14_IND_CLE,1429.1116,0.0
2014,14,CHI,2014_14_DAL_CHI,1424.089,0.0
2014,14,TB,2014_14_TB_DET,1418.4334,0.0
2014,14,NYG,2014_14_NYG_TEN,1413.6839,0.0
2014,14,NYJ,2014_14_NYJ_MIN,1388.9198,0.0
2014,14,CAR,2014_14_CAR_NO,1378.2109,54.9873
2014,14,TEN,2014_14_NYG_TEN,1340.7824,-37.6875
2014,14,OAK,2014_14_SF_OAK,1325.6515,0.0
2014,14,JAX,2014_14_HOU_JAX,1282.5664,-0.5344
2014,15,DEN,2014_15_DEN_LAC,1740.4667,0.0
2014,15,NE,2014_15_MIA_NE,1737.2647,0.0
2014,15,SEA,2014_15_SF_SEA,1720.3546,0.0
2014,15,GB,2014_15_GB_BUF,1715.8481,0.0
2014,15,BAL,2014_15_JAX_BAL,1668.9851,0.0
2014,15,IND,2014_15_HOU_IND,1652.3569,0.0
2014,15,KC,2014_15_OAK_KC,1619.6337,0.0
2014,15,PHI,2014_15_DAL_PHI,1616.2895,-85.3667
2014,15,ARI,2014_15_ARI_LAR,1612.4639,-63.7362
2014,15,DAL,2014_15_DAL_PHI,1581.6283,0.0
2014,15,PIT,2014_15_PIT_ATL,1575.7648,0.0
2014,15,MIA,2014_15_MIA_NE,1569.1735,0.0
2014,15,LAR,2014_15_ARI_LAR,1561.3484,0.0
2014,15,NO,2014_15_NO_CHI,1554.0817,0.0
2014,15,DET,2014_15_MIN_DET,1548.753,0.0
2014,15,SF,2014_15_SF_SEA,1541.0746,0.0
2014,15,LAC,2014_15_DEN_LAC,1533.099,0.0
2014,15,CIN,2014_15_CIN_CLE,1526.055,0.0
2014,15,HOU,2014_15_HOU_IND,1519.0996,0.0
2014,15,ATL,2014_15_PIT_ATL,1504.5993,0.0
2014,15,BUF,2014_15_GB_BUF,1499.7285,29.1536
2014,15,MIN,2014_15_MIN_DET,1450.5285,12.6574
2014,15,NYG,2014_15_WAS_NYG,1440.2785,0.0
2014,15,CLE,2014_15_CIN_CLE,1422.1205,38.0269
2014,15,CHI,2014_15_NO_CHI,1419.1441,0.0
2014,15,CAR,2014_15_TB_CAR,1417.6899,0.0
2014,15,TB,2014_15_TB_CAR,1415.1033,0.0
2014,15,WAS,2014_15_WAS_NYG,1400.017,-12.6411
2014,15,NYJ,2014_15_NYJ_TEN,1390.5004,0.0
2014,15,OAK,2014_15_OAK_KC,1347.1802,0.0
2014,15,TEN,2014_15_NYJ_TEN,1300.784,0.0
2014,15,JAX,2014_15_JAX_BAL,1272.7303,-9.7229
2014,16,NE,2014_16_NE_NYJ,1764.4401,0.0
2014,16,DEN,2014_16_DEN_CIN,1746.2734,0.0
2014,16,SEA,2014_16_SEA_ARI,1730.3613,0.0
2014,16,GB,2014_16_GB_TB,1698.631,0.0
2014,16,BAL,2014_16_BAL_HOU,1664.3374,0.0
2014,16,IND,2014_16_IND_DAL,1646.5648,0.0
2014,16,ARI,2014_16_SEA_ARI,1618.7332,-156.3256
2014,16,KC,2014_16_KC_PIT,1614.4273,0.0
2014,16,PHI,2014_16_PHI_WAS,1602.2284,-100.5908
2014,16,DAL,2014_16_IND_DAL,1601.3465,0.0
2014,16,PIT,2014_16_KC_PIT,1590.4761,0.0
2014,16,NO,2014_16_ATL_NO,1573.2368,0.0
2014,16,LAR,2014_16_NYG_LAR,1549.6993,0.0
2014,16,CIN,2014_16_DEN_CIN,1545.3739,0.0
2014,16,MIA,2014_16_MIN_MIA,1544.4963,0.0
2014,16,DET,2014_16_DET_CHI,1539.2128,0.0
2014,16,SF,2014_16_LAC_SF,1532.077,0.0
2014,16,LAC,2014_16_LAC_SF,1517.5474,0.0
2014,16,HOU,2014_16_BAL_HOU,1514.2762,-119.9347
2014,16,BUF,2014_16_BUF_OAK,1508.5447,6.7982
2014,16,ATL,2014_16_ATL_NO,1494.4012,0.0
2014,16,MIN,2014_16_MIN_MIA,1453.7087,21.5675
2014,16,NYG,2014_16_NYG_LAR,1444.9368,0.0
2014,16,CAR,2014_16_CLE_CAR,1420.6225,69.1126
2014,16,TB,2014_16_GB_TB,1414.1638,0.0
2014,16,WAS,2014_16_PHI_WAS,1399.6188,0.0
2014,16,NYJ,2014_16_NE_NYJ,1399.4432,0.0
2014,16,CHI,2014_16_DET_CHI,1392.4049,-126.1951
2014,16,CLE,2014_16_CLE_CAR,1391.5285,14.9552
2014,16,OAK,2014_16_BUF_OAK,1337.7552,0.0
2014,16,TEN,2014_16_TEN_JAX,1284.212,-47.8962
2014,16,JAX,2014_16_TEN_JAX,1272.0053,-31.8066
2014,17,SEA,2014_17_LAR_SEA,1765.8468,0.0
2014,17,NE,2014_17_BUF_NE,1753.5298,0.0
2014,17,DEN,2014_17_OAK_DEN,1721.7621,0.0
2014,17,GB,2014_17_DET_GB,1711.7913,0.0
2014,17,BAL,2014_17_CLE_BAL,1642.9248,0.0
2014,17,DAL,2014_17_DAL_WAS,1642.5985,0.0
2014,17,KC,2014_17_LAC_KC,1610.976,-117.5604
2014,17,IND,2014_17_IND_TEN,1604.1905,0.0
2014,17,PHI,2014_17_PHI_NYG,1602.7332,-80.2231
2014,17,PIT,2014_17_CIN_PIT,1601.6039,0.0
2014,17,ARI,2014_17_ARI_SF,1591.3147,-164.474
2014,17,CIN,2014_17_CIN_PIT,1563.3445,0.0
2014,17,NO,2014_17_NO_TB,1553.3197,0.0
2014,17,MIA,2014_17_NYJ_MIA,1553.2606,0.0
2014,17,DET,2014_17_DET_GB,1550.6537,0.0
2014,17,LAR,2014_17_LAR_SEA,1535.8398,0.0
2014,17,HOU,2014_17_JAX_HOU,1529.0886,-120.0967
2014,17,SF,2014_17_ARI_SF,1524.7207,0.0
2014,17,LAC,2014_17_LAC_KC,1523.1712,0.0
2014,17,ATL,2014_17_CAR_ATL,1507.6177,0.0
2014,17,BUF,2014_17_BUF_NE,1502.985,14.1738
2014,17,NYG,2014_17_PHI_NYG,1468.8267,0.0
2014,17,MIN,2014_17_CHI_MIN,1457.5061,25.4921
2014,17,CAR,2014_17_CAR_ATL,1429.4443,80.6828
2014,17,WAS,2014_17_DAL_WAS,1408.9868,0.0
2014,17,NYJ,2014_17_NYJ_MIA,1406.0072,0.0
2014,17,TB,2014_17_NO_TB,1392.6888,0.0
2014,17,CLE,2014_17_CLE_BAL,1386.5611,-65.3529
2014,17,CHI,2014_17_CHI_MIN,1385.5677,0.0
2014,17,OAK,2014_17_OAK_DEN,1345.5861,0.0
2014,17,JAX,2014_17_JAX_HOU,1281.996,-31.4285
2014,17,TEN,2014_17_IND_TEN,1277.4871,-37.6748
2015,1,NE,2015_01_PIT_NE,1670.4173,0.0
2015,1,SEA,2015_01_SEA_LAR,1658.5674,0.0
2015,1,DEN,2015_01_BAL_DEN,1657.1483,0.0
2015,1,GB,2015_01_GB_CHI,1655.249,0.0
2015,1,DAL,2015_01_NYG_DAL,1615.8293,0.0
2015,1,BAL,2015_01_BAL_DEN,1595.6659,0.0
2015,1,PIT,2015_01_PIT_NE,1587.3815,0.0
2015,1,IND,2015_01_IND_BUF,1578.8812,0.0
2015,1,KC,2015_01_KC_HOU,1573.9249,0.0
2015,1,PHI,2015_01_PHI_ATL,1571.2289,0.0
2015,1,NO,2015_01_NO_ARI,1565.5422,0.0
2015,1,ARI,2015_01_NO_ARI,1561.7453,0.0
2015,1,CIN,2015_01_CIN_OAK,1538.1804,0.0
2015,1,MIA,2015_01_MIA_WAS,1536.9876,0.0
2015,1,LAR,2015_01_SEA_LAR,1528.8237,0.0
2015,1,SF,2015_01_MIN_SF,1520.4791,0.0
2015,1,DET,2015_01_DET_LAC,1515.2241,0.0
2015,1,ATL,2015_01_PHI_ATL,1514.7314,0.0
2015,1,LAC,2015_01_DET_LAC,1506.1383,0.0
2015,1,BUF,2015_01_IND_BUF,1505.1997,0.0
2015,1,NYG,2015_01_NYG_DAL,1488.4002,0.0
2015,1,CAR,2015_01_CAR_JAX,1484.6419,0.0
2015,1,HOU,2015_01_KC_HOU,1483.5264,0.0
2015,1,MIN,2015_01_MIN_SF,1480.5103,0.0
2015,1,NYJ,2015_01_CLE_NYJ,1472.5269,0.0
2015,1,CHI,2015_01_GB_CHI,1451.0931,0.0
2015,1,TB,2015_01_TEN_TB,1434.9873,0.0
2015,1,CLE,2015_01_CLE_NYJ,1422.8215,0.0
2015,1,WAS,2015_01_MIA_WAS,1421.6502,0.0
2015,1,OAK,2015_01_CIN_OAK,1400.3445,0.0
2015,1,TEN,2015_01_TEN_TB,1367.5391,0.0
2015,1,JAX,2015_01_CAR_JAX,1367.2479,0.0
2015,2,NE,2015_02_NE_BUF,1675.4605,0.0
2015,2,GB,2015_02_SEA_GB,1664.9726,0.0
2015,2,DEN,2015_02_DEN_KC,1651.5947,0.0
2015,2,SEA,2015_02_SEA_GB,1646.682,0.0
2015,2,DAL,2015_02_DAL_PHI,1614.4705,0.0
2015,2,PIT,2015_02_SF_PIT,1589.6685,0.0
2015,2,BAL,2015_02_BAL_OAK,1589.2438,0.0
2015,2,ARI,2015_02_ARI_CHI,1584.2018,0.0
2015,2,KC,2015_02_DEN_KC,1579.3888,0.0
2015,2,PHI,2015_02_DAL_PHI,1567.9492,0.0
2015,2,IND,2015_02_NYJ_IND,1565.6304,0.0
2015,2,CIN,2015_02_LAC_CIN,1560.0432,0.0
2015,2,NO,2015_02_TB_NO,1550.991,0.0
2015,2,SF,2015_02_SF_PIT,1540.3109,0.0
2015,2,LAR,2015_02_LAR_WAS,1538.8211,0.0
2015,2,MIA,2015_02_MIA_JAX,1536.0207,0.0
2015,2,BUF,2015_02_NE_BUF,1524.8181,-61.8621
2015,2,LAC,2015_02_LAC_CIN,1519.4028,0.0
2015,2,ATL,2015_02_ATL_NYG,1515.0166,0.0
2015,2,DET,2015_02_DET_MIN,1506.8713,0.0
2015,2,NYG,2015_02_ATL_NYG,1491.1808,0.0
2015,2,NYJ,2015_02_NYJ_IND,1490.0671,0.0
2015,2,CAR,2015_02_HOU_CAR,1486.2302,0.0
2015,2,HOU,2015_02_HOU_CAR,1473.9341,7.1913
2015,2,MIN,2015_02_DET_MIN,1455.646,0.0
2015,2,CHI,2015_02_ARI_CHI,1446.9305,0.0
2015,2,WAS,2015_02_LAR_WAS,1417.5539,0.0
2015,2,TEN,2015_02_TEN_CLE,1407.8589,0.0
2015,2,CLE,2015_02_TEN_CLE,1405.0789,-5.719
2015,2,TB,2015_02_TB_NO,1392.6293,0.0
2015,2,OAK,2015_02_BAL_OAK,1380.8825,0.0
2015,2,JAX,2015_02_MIA_JAX,1356.1105,0.0
2015,3,NE,2015_03_JAX_NE,1681.9883,0.0
2015,3,GB,2015_03_KC_GB,1674.4936,0.0
2015,3,DEN,2015_03_DEN_DET,1641.2307,0.0
2015,3,SEA,2015_03_CHI_SEA,1638.9851,0.0
2015,3,DAL,2015_03_ATL_DAL,1626.7841,-111.0726
2015,3,PIT,2015_03_PIT_LAR,1617.1965,0.0
2015,3,ARI,2015_03_SF_ARI,1615.8821,0.0
2015,3,BAL,2015_03_CIN_BAL,1592.6708,0.0
2015,3,KC,2015_03_KC_GB,1589.7681,0.0
2015,3,CIN,2015_03_CIN_BAL,1567.5466,0.0
2015,3,PHI,2015_03_PHI_NYJ,1551.4767,0.0
2015,3,IND,2015_03_IND_TEN,1546.4497,0.0
2015,3,NO,2015_03_NO_CAR,1535.2614,-166.6024
2015,3,MIA,2015_03_BUF_MIA,1533.387,0.0
2015,3,ATL,2015_03_ATL_DAL,1528.0672,0.0
2015,3,BUF,2015_03_BUF_MIA,1522.9031,-54.295
2015,3,SF,2015_03_SF_ARI,1521.1063,0.0
2015,3,LAR,2015_03_PIT_LAR,1517.7754,0.0
2015,3,LAC,2015_03_LAC_MIN,1516.1089,0.0
2015,3,NYJ,2015_03_PHI_NYJ,1504.1368,0.0
2015,3,DET,2015_03_DEN_DET,1499.7233,0.0
2015,3,CAR,2015_03_NO_CAR,1489.5414,0.0
2015,3,NYG,2015_03_WAS_NYG,1485.8754,0.0
2015,3,MIN,2015_03_LAC_MIN,1468.3415,0.0
2015,3,HOU,2015_03_TB_HOU,1467.8605,10.6402
2015,3,WAS,2015_03_WAS_NYG,1437.6701,0.0
2015,3,CHI,2015_03_CHI_SEA,1419.4189,-62.0914
2015,3,CLE,2015_03_OAK_CLE,1407.6343,0.0
2015,3,TEN,2015_03_IND_TEN,1403.2066,0.0
2015,3,TB,2015_03_TB_HOU,1402.3927,0.0
2015,3,OAK,2015_03_OAK_CLE,1394.8483,0.0
2015,3,JAX,2015_03_JAX_NE,1367.1229,0.0
2015,4,GB,2015_04_GB_SF,1683.9386,0.0
2015,4,NE,2015_03_JAX_NE,1681.9883,0.0
2015,4,ARI,2015_04_LAR_ARI,1655.9378,0.0
2015,4,SEA,2015_04_DET_SEA,1653.7765,0.0
2015,4,DEN,2015_04_MIN_DEN,1649.6719,0.0
2015,4,PIT,2015_04_BAL_PIT,1618.0708,-131.4681
2015,4,DAL,2015_04_DAL_NO,1616.5409,-109.1927
2015,4,KC,2015_04_KC_CIN,1584.6257,0.0
2015,4,BAL,2015_04_BAL_PIT,1584.547,0.0
2015,4,CIN,2015_04_KC_CIN,1576.1632,0.0
2015,4,BUF,2015_04_NYG_BUF,1559.861,-23.5686
2015,4,PHI,2015_04_PHI_WAS,1553.6126,0.0
2015,4,NO,2015_04_DAL_NO,1549.6913,0.0
2015,4,IND,2015_04_JAX_IND,1549.4271,-45.7096
2015,4,ATL,2015_04_HOU_ATL,1543.795,0.0
2015,4,LAR,2015_04_LAR_ARI,1510.1887,0.0
2015,4,MIA,2015_04_NYJ_MIA,1502.8948,0.0
2015,4,NYG,2015_04_NYG_BUF,1496.9807,0.0
2015,4,NYJ,2015_04_NYJ_MIA,1494.0361,0.0
2015,4,LAC,2015_04_CLE_LAC,1493.9308,0.0
2015,4,MIN,2015_04_MIN_DEN,1487.931,0.0
2015,4,CAR,2015_04_CAR_TB,1487.1112,0.0
2015,4,DET,2015_04_DET_SEA,1486.9408,0.0
2015,4,SF,2015_04_GB_SF,1479.5485,0.0
2015,4,HOU,2015_04_HOU_ATL,1473.5081,13.5084
2015,4,WAS,2015_04_PHI_WAS,1435.4585,0.0
2015,4,OAK,2015_04_OAK_CHI,1411.5572,0.0
2015,4,TEN,2015_03_IND_TEN,1403.2066,0.0
2015,4,CHI,2015_04_OAK_CHI,1402.946,0.0
2015,4,CLE,2015_04_CLE_LAC,1400.7558,0.0
2015,4,TB,2015_04_CAR_TB,1392.5116,0.0
2015,4,JAX,2015_04_JAX_IND,1345.2919,0.0
2015,5,NE,2015_05_NE_DAL,1718.1451,0.0
2015,5,GB,2015_05_LAR_GB,1689.2781,0.0
2015,5,SEA,2015_05_SEA_CIN,1648.315,0.0
2015,5,ARI,2015_05_ARI_DET,1644.5606,0.0
2015,5,DEN,2015_05_DEN_OAK,1644.2072,0.0
2015,5,DAL,2015_05_NE_DAL,1616.3766,-108.5634
2015,5,PIT,2015_05_PIT_LAC,1612.8881,-133.5439
2015,5,CIN,2015_05_SEA_CIN,1593.0621,0.0
2015,5,KC,2015_05_CHI_KC,1579.7707,0.0
2015,5,BAL,2015_05_CLE_BAL,1572.4639,0.0
2015,5,ATL,2015_05_WAS_ATL,1557.3215,0.0
2015,5,NO,2015_05_NO_PHI,1554.7618,0.0
2015,5,IND,2015_05_IND_HOU,1550.9654,-42.6296
2015,5,PHI,2015_05_NO_PHI,1550.3182,0.0
2015,5,BUF,2015_05_BUF_TEN,1543.6223,-15.1992
2015,5,LAR,2015_05_LAR_GB,1525.6118,0.0
2015,5,NYG,2015_05_SF_NYG,1512.3154,0.0
2015,5,MIA,2015_04_NYJ_MIA,1502.8948,0.0
2015,5,LAC,2015_05_PIT_LAC,1497.7015,0.0
2015,5,NYJ,2015_04_NYJ_MIA,1494.0361,0.0
2015,5,DET,2015_05_ARI_DET,1490.3545,0.0
2015,5,MIN,2015_04_MIN_DEN,1487.931,0.0
2015,5,CAR,2015_04_CAR_TB,1487.1112,0.0
2015,5,SF,2015_05_SF_NYG,1465.5153,0.0
2015,5,HOU,2015_05_IND_HOU,1462.5286,3.3885
2015,5,WAS,2015_05_WAS_ATL,1443.8976,0.0
2015,5,CHI,2015_05_CHI_KC,1411.7181,0.0
2015,5,CLE,2015_05_CLE_BAL,1409.3724,0.0
2015,5,OAK,2015_05_DEN_OAK,1408.1532,0.0
2015,5,TEN,2015_05_BUF_TEN,1406.4516,0.0
2015,5,TB,2015_05_JAX_TB,1375.6069,0.0
2015,5,JAX,2015_05_JAX_TB,1342.7018,0.0
2015,6,NE,2015_06_NE_IND,1735.2922,0.0
2015,6,GB,2015_06_LAC_GB,1682.5598,0.0
2015,6,ARI,2015_06_ARI_PIT,1668.6261,0.0
2015,6,SEA,2015_06_CAR_SEA,1647.6351,0.0
2015,6,DEN,2015_06_DEN_CLE,1635.8915,0.0
2015,6,PIT,2015_06_ARI_PIT,1620.1933,-139.0051
2015,6,DAL,2015_05_NE_DAL,1616.3766,-108.5634
2015,6,CIN,2015_06_CIN_BUF,1598.1712,0.0
2015,6,PHI,2015_06_NYG_PHI,1567.9291,0.0
2015,6,IND,2015_06_NE_IND,1567.7657,0.0
2015,6,KC,2015_06_KC_MIN,1567.7126,0.0
2015,6,BAL,2015_06_BAL_SF,1566.7584,0.0
2015,6,ATL,2015_06_ATL_NO,1563.5223,0.0
2015,6,BUF,2015_06_CIN_BUF,1544.837,17.5951
2015,6,NO,2015_06_ATL_NO,1535.421,0.0
2015,6,LAR,2015_05_LAR_GB,1525.6118,0.0
2015,6,NYJ,2015_06_WAS_NYJ,1510.7494,0.0
2015,6,NYG,2015_06_NYG_PHI,1509.4034,0.0
2015,6,CAR,2015_06_CAR_SEA,1503.0033,0.0
2015,6,MIN,2015_06_KC_MIN,1492.0733,0.0
2015,6,LAC,2015_06_LAC_GB,1490.9619,0.0
2015,6,SF,2015_06_BAL_SF,1480.9695,0.0
2015,6,MIA,2015_06_MIA_TEN,1480.7612,0.0
2015,6,DET,2015_06_CHI_DET,1465.6338,0.0
2015,6,HOU,2015_06_HOU_JAX,1453.5101,0.0
2015,6,WAS,2015_06_WAS_NYJ,1432.6396,0.0
2015,6,CLE,2015_06_DEN_CLE,1425.3901,0.0
2015,6,CHI,2015_06_CHI_DET,1419.8751,0.0
2015,6,TEN,2015_06_MIA_TEN,1409.344,0.0
2015,6,OAK,2015_05_DEN_OAK,1408.1532,0.0
2015,6,TB,2015_05_JAX_TB,1375.6069,0.0
2015,6,JAX,2015_06_HOU_JAX,1351.1573,0.0
2015,7,NE,2015_07_NYJ_NE,1745.2377,0.0
2015,7,GB,2015_06_LAC_GB,1682.5598,0.0
2015,7,ARI,2015_07_BAL_ARI,1655.7341,0.0
2015,7,PIT,2015_07_PIT_KC,1636.8006,-173.0343
2015,7,DEN,2015_06_DEN_CLE,1635.8915,0.0
2015,7,SEA,2015_07_SEA_SF,1630.2753,0.0
2015,7,CIN,2015_06_CIN_BUF,1598.1712,0.0
2015,7,DAL,2015_07_DAL_NYG,1594.4892,-120.053
2015,7,PHI,2015_07_PHI_CAR,1588.6789,0.0
2015,7,BAL,2015_07_BAL_ARI,1563.1983,0.0
2015,7,IND,2015_07_NO_IND,1561.38,0.0
2015,7,KC,2015_07_PIT_KC,1558.3079,0.0
2015,7,ATL,2015_07_ATL_TEN,1555.92,0.0
2015,7,NO,2015_07_NO_IND,1542.7292,0.0
2015,7,NYJ,2015_07_NYJ_NE,1530.939,0.0
2015,7,BUF,2015_07_BUF_JAX,1529.8967,28.4483
2015,7,CAR,2015_07_PHI_CAR,1522.912,0.0
2015,7,LAR,2015_07_CLE_LAR,1516.0932,0.0
2015,7,MIA,2015_07_HOU_MIA,1506.1516,0.0
2015,7,MIN,2015_07_MIN_DET,1500.7189,0.0
2015,7,LAC,2015_07_OAK_LAC,1492.2987,0.0
2015,7,SF,2015_07_SEA_SF,1488.0175,0.0
2015,7,NYG,2015_07_DAL_NYG,1482.3622,0.0
2015,7,DET,2015_07_MIN_DET,1470.1394,0.0
2015,7,HOU,2015_07_HOU_MIA,1468.9957,0.0
2015,7,CLE,2015_07_CLE_LAR,1421.5003,0.0
2015,7,CHI,2015_06_CHI_DET,1419.8751,0.0
2015,7,WAS,2015_07_TB_WAS,1416.3205,0.0
2015,7,OAK,2015_07_OAK_LAC,1405.6329,0.0
2015,7,TB,2015_07_TB_WAS,1377.735,0.0
2015,7,TEN,2015_07_ATL_TEN,1373.7275,-86.4604
2015,7,JAX,2015_07_BUF_JAX,1344.7777,0.0
2015,8,NE,2015_08_MIA_NE,1743.0739,0.0
2015,8,GB,2015_08_GB_DEN,1684.8321,0.0
2015,8,ARI,2015_08_ARI_CLE,1663.9676,0.0
2015,8,SEA,2015_08_SEA_DAL,1645.2698,0.0
2015,8,PIT,2015_08_CIN_PIT,1630.7645,0.0
2015,8,DEN,2015_08_GB_DEN,1625.7304,0.0
2015,8,CIN,2015_08_CIN_PIT,1623.8485,0.0
2015,8,PHI,2015_07_PHI_CAR,1588.6789,0.0
2015,8,DAL,2015_08_SEA_DAL,1582.1474,-125.7564
2015,8,KC,2015_08_DET_KC,1565.8056,0.0
2015,8,BAL,2015_08_LAC_BAL,1559.0274,0.0
2015,8,NO,2015_08_NYG_NO,1549.9725,0.0
2015,8,ATL,2015_08_TB_ATL,1548.2872,0.0
2015,8,IND,2015_08_IND_CAR,1544.0405,0.0
2015,8,NYJ,2015_08_NYJ_OAK,1543.2658,0.0
2015,8,MIA,2015_08_MIA_NE,1532.3694,0.0
2015,8,CAR,2015_08_IND_CAR,1531.0957,0.0
2015,8,BUF,2015_07_BUF_JAX,1529.8967,28.4483
2015,8,MIN,2015_08_MIN_CHI,1524.1691,0.0
2015,8,LAR,2015_08_SF_LAR,1524.157,0.0
2015,8,NYG,2015_08_NYG_NO,1495.5273,0.0
2015,8,LAC,2015_08_LAC_BAL,1473.7574,0.0
2015,8,SF,2015_08_SF_LAR,1468.7247,0.0
2015,8,DET,2015_08_DET_KC,1449.599,0.0
2015,8,HOU,2015_08_TEN_HOU,1448.0057,0.0
2015,8,CHI,2015_08_MIN_CHI,1427.2745,0.0
2015,8,OAK,2015_08_NYJ_OAK,1424.3612,0.0
2015,8,WAS,2015_07_TB_WAS,1416.3205,0.0
2015,8,CLE,2015_08_ARI_CLE,1410.3719,0.0
2015,8,TB,2015_08_TB_ATL,1387.8321,0.0
2015,8,TEN,2015_08_TEN_HOU,1373.1458,-86.9253
2015,8,JAX,2015_07_BUF_JAX,1344.7777,0.0
2015,9,NE,2015_09_WAS_NE,1764.8037,0.0
2015,9,ARI,2015_08_ARI_CLE,1663.9676,0.0
2015,9,GB,2015_09_GB_CAR,1663.5505,0.0
2015,9,DEN,2015_09_DEN_IND,1647.0419,0.0
2015,9,SEA,2015_08_SEA_DAL,1645.2698,0.0
2015,9,CIN,2015_09_CLE_CIN,1630.8219,0.0
2015,9,PIT,2015_09_OAK_PIT,1620.2296,0.0
2015,9,DAL,2015_09_PHI_DAL,1582.6112,-123.5148
2015,9,PHI,2015_09_PHI_DAL,1579.3331,0.0
2015,9,KC,2015_08_DET_KC,1565.8056,0.0
2015,9,BAL,2015_08_LAC_BAL,1559.0274,0.0
2015,9,NO,2015_09_TEN_NO,1558.6231,0.0
2015,9,ATL,2015_09_ATL_SF,1545.6252,0.0
2015,9,LAR,2015_09_LAR_MIN,1542.0072,0.0
2015,9,IND,2015_09_DEN_IND,1538.9976,0.0
2015,9,CAR,2015_09_GB_CAR,1533.6298,0.0
2015,9,NYJ,2015_09_JAX_NYJ,1532.4285,0.0
2015,9,MIN,2015_09_LAR_MIN,1527.6534,0.0
2015,9,BUF,2015_09_MIA_BUF,1517.7643,-4.287
2015,9,MIA,2015_09_MIA_BUF,1509.897,0.0
2015,9,NYG,2015_09_NYG_TB,1504.7172,0.0
2015,9,LAC,2015_09_CHI_LAC,1483.9346,0.0
2015,9,OAK,2015_09_OAK_PIT,1450.3399,0.0
2015,9,DET,2015_08_DET_KC,1449.599,0.0
2015,9,HOU,2015_08_TEN_HOU,1448.0057,0.0
2015,9,SF,2015_09_ATL_SF,1442.4847,-59.3384
2015,9,CHI,2015_09_CHI_LAC,1424.019,0.0
2015,9,WAS,2015_09_WAS_NE,1414.6835,0.0
2015,9,CLE,2015_09_CLE_CIN,1400.4201,-48.0189
2015,9,TB,2015_09_NYG_TB,1397.1262,0.0
2015,9,TEN,2015_09_TEN_NO,1363.694,0.0
2015,9,JAX,2015_09_JAX_NYJ,1358.3301,0.0
2015,10,NE,2015_10_NE_NYG,1769.6078,0.0
2015,10,ARI,2015_10_ARI_SEA,1690.2914,0.0
2015,10,GB,2015_10_DET_GB,1655.2027,0.0
2015,10,CIN,2015_10_HOU_CIN,1648.465,0.0
2015,10,SEA,2015_10_ARI_SEA,1640.7741,0.0
2015,10,DEN,2015_10_KC_DEN,1633.1049,0.0
2015,10,KC,2015_10_KC_DEN,1607.4883,0.0
2015,10,PIT,2015_10_CLE_PIT,1606.7476,-140.4826
2015,10,DAL,2015_10_DAL_TB,1586.812,-109.9118
2015,10,PHI,2015_10_MIA_PHI,1585.2741,0.0
2015,10,BAL,2015_10_JAX_BAL,1559.3502,0.0
2015,10,NO,2015_10_NO_WAS,1545.8129,0.0
2015,10,BUF,2015_10_BUF_NYJ,1545.6349,3.0924
2015,10,ATL,2015_09_ATL_SF,1545.6252,0.0
2015,10,CAR,2015_10_CAR_TEN,1544.9103,0.0
2015,10,LAR,2015_10_CHI_LAR,1540.7314,0.0
2015,10,IND,2015_09_DEN_IND,1538.9976,0.0
2015,10,NYJ,2015_10_BUF_NYJ,1528.7651,0.0
2015,10,MIN,2015_10_MIN_OAK,1527.3692,0.0
2015,10,NYG,2015_10_NE_NYG,1501.3148,0.0
2015,10,MIA,2015_10_MIA_PHI,1493.4563,0.0
2015,10,LAC,2015_09_CHI_LAC,1483.9346,0.0
2015,10,OAK,2015_10_MIN_OAK,1467.5103,0.0
2015,10,HOU,2015_10_HOU_CIN,1446.8761,0.0
2015,10,SF,2015_09_ATL_SF,1442.4847,-59.3384
2015,10,CHI,2015_10_CHI_LAR,1435.6725,0.0
2015,10,DET,2015_10_DET_GB,1412.2797,0.0
2015,10,WAS,2015_10_NO_WAS,1408.9167,0.0
2015,10,TB,2015_10_DAL_TB,1400.8879,0.0
2015,10,TEN,2015_10_CAR_TEN,1390.8627,0.0
2015,10,CLE,2015_10_CLE_PIT,1389.1634,-49.6197
2015,10,JAX,2015_10_JAX_BAL,1369.2614,0.0
2015,11,NE,2015_11_BUF_NE,1763.4104,0.0
2015,11,ARI,2015_11_CIN_ARI,1704.7679,0.0
2015,11,GB,2015_11_GB_MIN,1647.6212,0.0
2015,11,CIN,2015_11_CIN_ARI,1639.8278,0.0
2015,11,SEA,2015_11_SF_SEA,1629.0704,0.0
2015,11,KC,2015_11_KC_LAC,1626.7035,0.0
2015,11,DEN,2015_11_DEN_CHI,1607.4195,-68.8048
2015,11,PIT,2015_10_CLE_PIT,1606.7476,-140.4826
2015,11,DAL,2015_11_DAL_MIA,1576.1677,0.0
2015,11,PHI,2015_11_TB_PHI,1573.3069,-17.5535
2015,11,CAR,2015_11_WAS_CAR,1560.9277,0.0
2015,11,IND,2015_11_IND_ATL,1556.3554,-25.9402
2015,11,MIN,2015_11_GB_MIN,1551.1492,0.0
2015,11,BAL,2015_11_LAR_BAL,1547.3622,0.0
2015,11,NO,2015_10_NO_WAS,1545.8129,0.0
2015,11,BUF,2015_11_BUF_NE,1541.6175,-1.5143
2015,11,ATL,2015_11_IND_ATL,1537.7124,0.0
2015,11,NYJ,2015_11_NYJ_HOU,1524.6546,0.0
2015,11,NYG,2015_10_NE_NYG,1501.3148,0.0
2015,11,MIA,2015_11_DAL_MIA,1500.1973,0.0
2015,11,LAR,2015_11_LAR_BAL,1497.731,-38.8791
2015,11,CHI,2015_11_DEN_CHI,1473.7211,0.0
2015,11,LAC,2015_11_KC_LAC,1468.1843,0.0
2015,11,HOU,2015_11_NYJ_HOU,1456.2867,-59.4556
2015,11,OAK,2015_11_OAK_DET,1454.8817,0.0
2015,11,SF,2015_11_SF_SEA,1451.6826,-51.0784
2015,11,WAS,2015_11_WAS_CAR,1450.6995,0.0
2015,11,DET,2015_11_OAK_DET,1418.4743,0.0
2015,11,TB,2015_11_TB_PHI,1410.6734,0.0
2015,11,CLE,2015_10_CLE_PIT,1389.1634,-49.6197
2015,11,TEN,2015_11_TEN_JAX,1380.722,0.0
2015,11,JAX,2015_11_TEN_JAX,1379.6252,0.0
2015,12,NE,2015_12_NE_DEN,1760.7562,0.0
2015,12,ARI,2015_12_ARI_SF,1712.4403,0.0
2015,12,GB,2015_12_CHI_GB,1663.2773,0.0
2015,12,KC,2015_12_BUF_KC,1662.1611,0.0
2015,12,CIN,2015_12_LAR_CIN,1647.297,0.0
2015,12,SEA,2015_12_PIT_SEA,1644.6836,0.0
2015,12,PIT,2015_12_PIT_SEA,1628.3725,0.0
2015,12,DEN,2015_12_NE_DEN,1609.5653,-63.0018
2015,12,DAL,2015_12_CAR_DAL,1583.0715,0.0
2015,12,CAR,2015_12_CAR_DAL,1582.0473,0.0
2015,12,IND,2015_12_TB_IND,1558.1692,-26.7738
2015,12,BUF,2015_12_BUF_KC,1544.1096,-3.3483
2015,12,PHI,2015_12_PHI_DET,1542.7707,-23.7678
2015,12,MIN,2015_12_MIN_ATL,1540.2135,0.0
2015,12,ATL,2015_12_MIN_ATL,1531.0991,0.0
2015,12,BAL,2015_12_BAL_CLE,1527.0397,-71.9405
2015,12,NYG,2015_12_NYG_WAS,1510.5314,0.0
2015,12,NO,2015_12_NO_HOU,1510.3411,0.0
2015,12,NYJ,2015_12_MIA_NYJ,1510.039,0.0
2015,12,LAR,2015_12_LAR_CIN,1505.3987,0.0
2015,12,MIA,2015_12_MIA_NYJ,1484.9835,0.0
2015,12,HOU,2015_12_NO_HOU,1473.3423,0.0
2015,12,CHI,2015_12_CHI_GB,1472.7951,0.0
2015,12,OAK,2015_12_OAK_TEN,1450.0111,0.0
2015,12,TB,2015_12_TB_IND,1446.3371,0.0
2015,12,SF,2015_12_ARI_SF,1441.481,-34.6902
2015,12,WAS,2015_12_NYG_WAS,1436.2972,0.0
2015,12,LAC,2015_12_LAC_JAX,1428.2952,0.0
2015,12,DET,2015_12_PHI_DET,1425.2811,0.0
2015,12,JAX,2015_12_LAC_JAX,1379.6837,0.0
2015,12,TEN,2015_12_OAK_TEN,1378.4627,0.0
2015,12,CLE,2015_12_BAL_CLE,1376.0938,0.0
2015,13,NE,2015_13_PHI_NE,1747.3348,0.0
2015,13,ARI,2015_13_ARI_LAR,1712.627,0.0
2015,13,KC,2015_13_KC_OAK,1672.4898,0.0
2015,13,CIN,2015_13_CIN_CLE,1666.2065,0.0
2015,13,SEA,2015_13_SEA_MIN,1661.2829,0.0
2015,13,GB,2015_13_GB_DET,1642.8366,0.0
2015,13,DEN,2015_13_DEN_LAC,1622.7347,-65.1206
2015,13,PIT,2015_13_IND_PIT,1622.2343,0.0
2015,13,CAR,2015_13_CAR_NO,1603.0727,0.0
2015,13,IND,2015_13_IND_PIT,1563.9809,-20.7356
2015,13,MIN,2015_13_SEA_MIN,1561.0356,0.0
2015,13,DAL,2015_13_DAL_WAS,1554.4474,-97.8009
2015,13,BUF,2015_13_HOU_BUF,1546.4284,24.6554
2015,13,BAL,2015_13_BAL_MIA,1532.2519,-69.3783
2015,13,NYJ,2015_13_NYJ_NYG,1528.288,0.0
2015,13,ATL,2015_13_ATL_TB,1513.5575,0.0
2015,13,PHI,2015_13_PHI_NE,1504.0005,0.0
2015,13,NYG,2015_13_NYJ_NYG,1497.6864,0.0
2015,13,HOU,2015_13_HOU_BUF,1492.1963,0.0
2015,13,LAR,2015_13_ARI_LAR,1488.9214,0.0
2015,13,CHI,2015_13_SF_CHI,1485.2699,0.0
2015,13,NO,2015_13_CAR_NO,1484.7303,0.0
2015,13,DET,2015_13_GB_DET,1469.9825,0.0
2015,13,MIA,2015_13_BAL_MIA,1468.8875,0.0
2015,13,OAK,2015_13_KC_OAK,1462.3974,0.0
2015,13,SF,2015_13_SF_CHI,1449.4282,-20.3521
2015,13,WAS,2015_13_DAL_WAS,1448.122,0.0
2015,13,TB,2015_13_ATL_TB,1443.4464,0.0
2015,13,LAC,2015_13_DEN_LAC,1435.042,0.0
2015,13,JAX,2015_13_JAX_TEN,1374.5686,0.0
2015,13,TEN,2015_13_JAX_TEN,1370.1544,0.0
2015,13,CLE,2015_13_CIN_CLE,1369.1037,-95.9102
2015,14,ARI,2015_14_MIN_ARI,1742.0998,0.0
2015,14,NE,2015_14_NE_HOU,1728.4904,0.0
2015,14,SEA,2015_14_SEA_BAL,1710.3774,0.0
2015,14,CIN,2015_14_PIT_CIN,1696.0039,0.0
2015,14,KC,2015_14_LAC_KC,1684.8473,0.0
2015,14,PIT,2015_14_PIT_CIN,1658.9081,0.0
2015,14,GB,2015_14_DAL_GB,1638.719,0.0
2015,14,DEN,2015_14_OAK_DEN,1627.6759,-69.7916
2015,14,CAR,2015_14_ATL_CAR,1617.5283,0.0
2015,14,DAL,2015_14_DAL_GB,1568.4049,-99.0904
2015,14,BUF,2015_14_BUF_PHI,1557.516,43.6437
2015,14,NYJ,2015_14_TEN_NYJ,1542.0508,0.0
2015,14,IND,2015_14_IND_JAX,1526.4235,-36.0477
2015,14,BAL,2015_14_SEA_BAL,1523.8745,-117.9229
2015,14,MIN,2015_14_MIN_ARI,1517.7515,0.0
2015,14,PHI,2015_14_BUF_PHI,1513.8467,0.0
2015,14,ATL,2015_14_ATL_CAR,1502.8039,0.0
2015,14,HOU,2015_14_NE_HOU,1487.0339,0.0
2015,14,NYG,2015_14_NYG_MIA,1486.9702,0.0
2015,14,NO,2015_14_NO_TB,1471.2285,0.0
2015,14,DET,2015_14_DET_LAR,1469.8786,0.0
2015,14,CHI,2015_14_WAS_CHI,1468.5284,0.0
2015,14,MIA,2015_14_NYG_MIA,1467.5996,0.0
2015,14,SF,2015_14_SF_CLE,1459.7965,-7.0095
2015,14,TB,2015_14_NO_TB,1459.7612,0.0
2015,14,LAR,2015_14_DET_LAR,1459.425,-23.4065
2015,14,OAK,2015_14_OAK_DEN,1445.2088,0.0
2015,14,WAS,2015_14_WAS_CHI,1433.1108,0.0
2015,14,LAC,2015_14_LAC_KC,1415.5558,0.0
2015,14,JAX,2015_14_IND_JAX,1383.9806,0.0
2015,14,TEN,2015_14_TEN_NYJ,1377.4104,0.0
2015,14,CLE,2015_14_SF_CLE,1340.3036,-46.8078
2015,15,SEA,2015_15_CLE_SEA,1742.8764,0.0
2015,15,NE,2015_15_TEN_NE,1742.4916,0.0
2015,15,ARI,2015_15_ARI_PHI,1735.2494,0.0
2015,15,KC,2015_15_KC_BAL,1685.6594,0.0
2015,15,PIT,2015_15_DEN_PIT,1680.6576,0.0
2015,15,CIN,2015_15_CIN_SF,1678.1509,-156.4774
2015,15,CAR,2015_15_CAR_NYG,1651.9467,0.0
2015,15,GB,2015_15_GB_OAK,1646.8187,0.0
2015,15,DEN,2015_15_DEN_PIT,1611.8395,-65.3896
2015,15,NYJ,2015_15_NYJ_DAL,1563.1413,0.0
2015,15,BUF,2015_15_BUF_WAS,1562.7415,46.9315
2015,15,DAL,2015_15_NYJ_DAL,1549.1685,-115.3681
2015,15,MIN,2015_15_CHI_MIN,1536.8882,0.0
2015,15,PHI,2015_15_ARI_PHI,1508.4301,0.0
2015,15,BAL,2015_15_KC_BAL,1499.952,-114.0665
2015,15,NYG,2015_15_CAR_NYG,1498.9734,0.0
2015,15,NO,2015_15_DET_NO,1487.754,0.0
2015,15,IND,2015_15_HOU_IND,1475.8181,-44.6943
2015,15,LAR,2015_15_TB_LAR,1468.4306,-30.3214
2015,15,ATL,2015_15_ATL_JAX,1467.7603,0.0
2015,15,HOU,2015_15_HOU_IND,1465.3098,-58.8192
2015,15,CHI,2015_15_CHI_MIN,1460.8988,0.0
2015,15,MIA,2015_15_MIA_LAC,1460.7079,0.0
2015,15,DET,2015_15_DET_NO,1456.511,0.0
2015,15,OAK,2015_15_GB_OAK,1454.524,0.0
2015,15,TB,2015_15_TB_LAR,1449.288,0.0
2015,15,WAS,2015_15_BUF_WAS,1446.7622,0.0
2015,15,JAX,2015_15_ATL_JAX,1429.3312,0.0
2015,15,SF,2015_15_CIN_SF,1424.7704,-21.2105
2015,15,LAC,2015_15_MIA_LAC,1412.9631,0.0
2015,15,CLE,2015_15_CLE_SEA,1370.7274,-41.7804
2015,15,TEN,2015_15_TEN_NE,1360.1718,0.0
2015,16,ARI,2015_16_GB_ARI,1753.1874,0.0
2015,16,SEA,2015_16_LAR_SEA,1753.0623,0.0
2015,16,NE,2015_16_NE_NYJ,1744.972,0.0
2015,16,KC,2015_16_CLE_KC,1694.8048,0.0
2015,16,CIN,2015_16_CIN_DEN,1689.2081,-153.4923
2015,16,PIT,2015_16_PIT_BAL,1685.339,0.0
2015,16,CAR,2015_16_CAR_ATL,1652.5223,0.0
2015,16,GB,2015_16_GB_ARI,1645.2768,0.0
2015,16,DEN,2015_16_CIN_DEN,1607.0239,-53.7025
2015,16,MIN,2015_16_NYG_MIN,1560.6568,0.0
2015,16,NYJ,2015_16_NE_NYJ,1559.3104,0.0
2015,16,BUF,2015_16_DAL_BUF,1556.2846,53.1244
2015,16,DAL,2015_16_DAL_BUF,1547.011,-182.247
2015,16,NYG,2015_16_NYG_MIN,1511.3127,0.0
2015,16,PHI,2015_16_WAS_PHI,1494.4591,0.0
2015,16,BAL,2015_16_PIT_BAL,1489.8243,-116.3407
2015,16,DET,2015_16_SF_DET,1478.8314,0.0
2015,16,ATL,2015_16_CAR_ATL,1475.0658,0.0
2015,16,HOU,2015_16_HOU_TEN,1473.2107,-11.9543
2015,16,NO,2015_16_JAX_NO,1470.0261,0.0
2015,16,WAS,2015_16_WAS_PHI,1469.3342,0.0
2015,16,LAR,2015_16_LAR_SEA,1468.6484,-17.6223
2015,16,IND,2015_16_IND_MIA,1462.4002,-52.3256
2015,16,TB,2015_16_CHI_TB,1461.6428,0.0
2015,16,OAK,2015_16_LAC_OAK,1449.8755,0.0
2015,16,CHI,2015_16_CHI_TB,1443.5649,0.0
2015,16,MIA,2015_16_IND_MIA,1440.7659,0.0
2015,16,LAC,2015_16_LAC_OAK,1433.3053,0.0
2015,16,JAX,2015_16_JAX_NO,1422.1117,0.0
2015,16,SF,2015_16_SF_DET,1418.4,-28.4603
2015,16,CLE,2015_16_CLE_KC,1373.4572,-44.9107
2015,16,TEN,2015_16_HOU_TEN,1357.8546,-107.3279
2015,17,ARI,2015_17_SEA_ARI,1786.5728,0.0
2015,17,SEA,2015_17_SEA_ARI,1736.6852,0.0
2015,17,NE,2015_17_NE_MIA,1732.0709,0.0
2015,17,CIN,2015_17_BAL_CIN,1695.1081,-139.8975
2015,17,KC,2015_17_OAK_KC,1674.0254,0.0
2015,17,PIT,2015_17_PIT_CLE,1668.3791,0.0
2015,17,CAR,2015_17_TB_CAR,1627.7611,0.0
2015,17,DEN,2015_17_LAC_DEN,1610.7105,-42.0807
2015,17,GB,2015_17_MIN_GB,1602.9995,0.0
2015,17,MIN,2015_17_MIN_GB,1589.575,0.0
2015,17,NYJ,2015_17_NYJ_BUF,1579.4125,0.0
2015,17,BUF,2015_17_NYJ_BUF,1561.0336,47.4321
2015,17,DAL,2015_17_WAS_DAL,1537.1624,-183.2948
2015,17,BAL,2015_17_BAL_CIN,1508.005,-100.4623
2015,17,ATL,2015_17_NO_ATL,1498.0838,0.0
2015,17,HOU,2015_17_JAX_HOU,1492.3826,0.0
2015,17,DET,2015_17_DET_CHI,1491.1145,0.0
2015,17,LAR,2015_17_LAR_SF,1490.863,-12.8796
2015,17,NO,2015_17_NO_ATL,1488.3766,0.0
2015,17,WAS,2015_17_WAS_DAL,1485.7335,0.0
2015,17,PHI,2015_17_PHI_NYG,1482.2348,0.0
2015,17,NYG,2015_17_PHI_NYG,1480.0929,0.0
2015,17,IND,2015_17_TEN_IND,1470.4121,-72.1374
2015,17,TB,2015_17_TB_CAR,1462.8053,0.0
2015,17,CHI,2015_17_DET_CHI,1443.8661,0.0
2015,17,OAK,2015_17_OAK_KC,1441.2531,0.0
2015,17,LAC,2015_17_LAC_DEN,1439.7935,0.0
2015,17,MIA,2015_17_NE_MIA,1432.7687,0.0
2015,17,JAX,2015_17_JAX_HOU,1418.0676,0.0
2015,17,SF,2015_17_LAR_SF,1407.6755,-19.9069
2015,17,CLE,2015_17_PIT_CLE,1391.2026,-92.8657
2015,17,TEN,2015_17_TEN_IND,1341.4294,-101.4636
2016,1,SEA,2016_01_MIA_SEA,1669.9886,0.0
2016,1,ARI,2016_01_NE_ARI,1630.8834,0.0
2016,1,CIN,2016_01_CIN_NYJ,1625.5207,0.0
2016,1,PIT,2016_01_PIT_WAS,1613.5668,0.0
2016,1,CAR,2016_01_CAR_DEN,1609.3237,0.0
2016,1,KC,2016_01_LAC_KC,1606.0521,0.0
2016,1,NE,2016_01_NE_ARI,1585.6045,0.0
2016,1,MIN,2016_01_MIN_TEN,1555.2562,0.0
2016,1,BUF,2016_01_BUF_BAL,1551.6062,0.0
2016,1,NO,2016_01_OAK_NO,1548.6194,0.0
2016,1,GB,2016_01_GB_JAX,1547.9492,0.0
2016,1,NYJ,2016_01_CIN_NYJ,1546.5043,0.0
2016,1,BAL,2016_01_BUF_BAL,1522.9317,0.0
2016,1,WAS,2016_01_PIT_WAS,1516.7879,0.0
2016,1,DET,2016_01_DET_IND,1513.3014,0.0
2016,1,ATL,2016_01_TB_ATL,1506.2933,0.0
2016,1,PHI,2016_01_CLE_PHI,1500.3491,0.0
2016,1,DEN,2016_01_CAR_DEN,1497.6541,0.0
2016,1,IND,2016_01_DET_IND,1497.5621,0.0
2016,1,MIA,2016_01_MIA_SEA,1495.563,0.0
2016,1,NYG,2016_01_NYG_DAL,1495.1146,0.0
2016,1,HOU,2016_01_CHI_HOU,1490.8466,0.0
2016,1,DAL,2016_01_NYG_DAL,1486.5413,0.0
2016,1,LAR,2016_01_LAR_SF,1486.3845,0.0
2016,1,OAK,2016_01_OAK_NO,1474.655,0.0
2016,1,CHI,2016_01_CHI_HOU,1473.846,0.0
2016,1,LAC,2016_01_LAC_KC,1471.8792,0.0
2016,1,TB,2016_01_TB_ATL,1466.6407,0.0
2016,1,JAX,2016_01_GB_JAX,1444.5701,0.0
2016,1,SF,2016_01_LAR_SF,1443.1515,0.0
2016,1,CLE,2016_01_CLE_PHI,1425.72,0.0
2016,1,TEN,2016_01_MIN_TEN,1410.3809,0.0
2016,2,SEA,2016_02_SEA_LAR,1659.6787,0.0
2016,2,PIT,2016_02_CIN_PIT,1636.979,0.0
2016,2,CIN,2016_02_CIN_PIT,1629.6486,0.0
2016,2,ARI,2016_02_TB_ARI,1620.1592,0.0
2016,2,KC,2016_02_KC_HOU,1603.2632,0.0
2016,2,CAR,2016_02_SF_CAR,1601.1552,0.0
2016,2,NE,2016_02_MIA_NE,1599.7305,0.0
2016,2,MIN,2016_02_GB_MIN,1553.2521,31.7472
2016,2,GB,2016_02_GB_MIN,1553.133,0.0
2016,2,NYJ,2016_02_NYJ_BUF,1545.4733,0.0
2016,2,NO,2016_02_NO_NYG,1543.7725,0.0
2016,2,BUF,2016_02_NYJ_BUF,1536.6736,0.0
2016,2,DET,2016_02_TEN_DET,1534.7241,0.0
2016,2,BAL,2016_02_BAL_CLE,1533.922,0.0
2016,2,PHI,2016_02_PHI_CHI,1514.6165,0.0
2016,2,DEN,2016_02_IND_DEN,1509.3598,0.0
2016,2,HOU,2016_02_KC_HOU,1501.3745,0.0
2016,2,MIA,2016_02_MIA_NE,1497.7348,0.0
2016,2,NYG,2016_02_NO_NYG,1497.5018,0.0
2016,2,WAS,2016_02_DAL_WAS,1495.6476,0.0
2016,2,ATL,2016_02_ATL_OAK,1493.54,0.0
2016,2,IND,2016_02_IND_DEN,1491.8154,0.0
2016,2,OAK,2016_02_ATL_OAK,1487.1363,0.0
2016,2,DAL,2016_02_DAL_WAS,1485.0965,0.0
2016,2,TB,2016_02_TB_ARI,1482.7396,0.0
2016,2,LAC,2016_02_JAX_LAC,1480.1021,0.0
2016,2,SF,2016_02_SF_CAR,1478.826,0.0
2016,2,CHI,2016_02_PHI_CHI,1460.0794,0.0
2016,2,JAX,2016_02_JAX_LAC,1447.3798,0.0
2016,2,LAR,2016_02_SEA_LAR,1445.7296,0.0
2016,2,TEN,2016_02_TEN_DET,1409.726,0.0
2016,2,CLE,2016_02_BAL_CLE,1405.931,25.9027
2016,3,SEA,2016_03_SF_SEA,1644.7998,0.0
2016,3,PIT,2016_03_PIT_PHI,1643.0576,0.0
2016,3,ARI,2016_03_ARI_BUF,1639.0138,0.0
2016,3,CIN,2016_03_DEN_CIN,1624.3796,0.0
2016,3,CAR,2016_03_MIN_CAR,1619.2549,0.0
2016,3,NE,2016_03_HOU_NE,1603.0656,-26.709
2016,3,KC,2016_03_NYJ_KC,1590.8708,0.0
2016,3,NYJ,2016_03_NYJ_KC,1571.8124,0.0
2016,3,MIN,2016_03_MIN_CAR,1558.3383,37.0307
2016,3,GB,2016_03_DET_GB,1548.9483,0.0
2016,3,BAL,2016_03_BAL_JAX,1532.6099,0.0
2016,3,PHI,2016_03_PIT_PHI,1529.6867,0.0
2016,3,NO,2016_03_ATL_NO,1529.594,0.0
2016,3,BUF,2016_03_ARI_BUF,1524.5915,0.0
2016,3,DEN,2016_03_DEN_CIN,1521.1328,0.0
2016,3,DET,2016_03_DET_GB,1515.2491,0.0
2016,3,ATL,2016_03_ATL_NO,1508.1195,0.0
2016,3,HOU,2016_03_HOU_NE,1504.9515,0.0
2016,3,LAC,2016_03_LAC_IND,1502.6587,0.0
2016,3,NYG,2016_03_WAS_NYG,1502.2381,0.0
2016,3,DAL,2016_03_CHI_DAL,1501.8902,0.0
2016,3,MIA,2016_03_CLE_MIA,1501.6605,0.0
2016,3,WAS,2016_03_WAS_NYG,1485.0876,0.0
2016,3,OAK,2016_03_OAK_TEN,1482.4937,0.0
2016,3,IND,2016_03_LAC_IND,1481.3848,0.0
2016,3,SF,2016_03_SF_SEA,1461.3902,0.0
2016,3,TB,2016_03_LAR_TB,1460.9502,0.0
2016,3,LAR,2016_03_LAR_TB,1459.7429,0.0
2016,3,CHI,2016_03_CHI_DAL,1435.9398,-51.0904
2016,3,TEN,2016_03_OAK_TEN,1430.7622,0.0
2016,3,JAX,2016_03_BAL_JAX,1426.3592,0.0
2016,3,CLE,2016_03_CLE_MIA,1408.9427,-38.2566
2016,4,SEA,2016_04_SEA_NYJ,1656.3654,0.0
2016,4,NE,2016_04_BUF_NE,1629.1199,-14.9519
2016,4,ARI,2016_04_LAR_ARI,1622.8153,0.0
2016,4,CIN,2016_04_MIA_CIN,1607.645,0.0
2016,4,PIT,2016_04_KC_PIT,1605.2159,0.0
2016,4,KC,2016_04_KC_PIT,1601.0374,0.0
2016,4,CAR,2016_04_CAR_ATL,1597.7067,0.0
2016,4,MIN,2016_04_NYG_MIN,1569.9509,34.2451
2016,4,NYJ,2016_04_SEA_NYJ,1549.9492,0.0
2016,4,GB,2016_03_DET_GB,1548.9483,0.0
2016,4,DEN,2016_04_DEN_TB,1545.3825,0.0
2016,4,ATL,2016_04_CAR_ATL,1544.3379,0.0
2016,4,BUF,2016_04_BUF_NE,1535.5234,0.0
2016,4,BAL,2016_04_OAK_BAL,1531.7285,0.0
2016,4,PHI,2016_03_PIT_PHI,1529.6867,0.0
2016,4,DET,2016_04_DET_CHI,1517.3897,0.0
2016,4,DAL,2016_04_DAL_SF,1510.0222,0.0
2016,4,NO,2016_04_NO_LAC,1501.9667,0.0
2016,4,LAC,2016_04_NO_LAC,1499.9251,0.0
2016,4,NYG,2016_04_NYG_MIN,1497.9502,0.0
2016,4,WAS,2016_04_CLE_WAS,1494.0979,0.0
2016,4,MIA,2016_04_MIA_CIN,1492.6562,0.0
2016,4,OAK,2016_04_OAK_BAL,1487.6381,0.0
2016,4,IND,2016_04_IND_JAX,1483.0501,0.0
2016,4,HOU,2016_04_TEN_HOU,1473.068,0.0
2016,4,LAR,2016_04_LAR_ARI,1466.8452,0.0
2016,4,TB,2016_04_DEN_TB,1454.5211,0.0
2016,4,SF,2016_04_DAL_SF,1450.7955,0.0
2016,4,CHI,2016_04_DET_CHI,1429.3677,-33.5645
2016,4,TEN,2016_04_TEN_HOU,1419.9502,0.0
2016,4,JAX,2016_04_IND_JAX,1416.8237,0.0
2016,4,CLE,2016_04_CLE_WAS,1411.2781,-37.3087
2016,5,SEA,2016_04_SEA_NYJ,1656.3654,0.0
2016,5,PIT,2016_05_NYJ_PIT,1634.3927,0.0
2016,5,CIN,2016_05_CIN_DAL,1616.7458,0.0
2016,5,ARI,2016_05_ARI_SF,1614.5922,-35.4031
2016,5,KC,2016_04_KC_PIT,1601.0374,0.0
2016,5,NE,2016_05_NE_CLE,1600.9125,95.2972
2016,5,MIN,2016_05_HOU_MIN,1586.6732,42.9314
2016,5,CAR,2016_05_TB_CAR,1581.329,-91.1079
2016,5,PHI,2016_05_PHI_DET,1572.9816,0.0
2016,5,ATL,2016_05_ATL_DEN,1571.9798,0.0
2016,5,DEN,2016_05_ATL_DEN,1569.4755,47.7285
2016,5,BUF,2016_05_BUF_LAR,1559.3513,0.0
2016,5,GB,2016_05_NYG_GB,1558.7751,0.0
2016,5,NYJ,2016_05_NYJ_PIT,1539.1897,0.0
2016,5,BAL,2016_05_WAS_BAL,1525.4832,0.0
2016,5,DAL,2016_05_CIN_DAL,1524.3962,0.0
2016,5,DET,2016_05_PHI_DET,1503.6198,0.0
2016,5,NO,2016_04_NO_LAC,1501.9667,0.0
2016,5,LAC,2016_05_LAC_OAK,1498.3972,0.0
2016,5,WAS,2016_05_WAS_BAL,1494.1695,0.0
2016,5,OAK,2016_05_LAC_OAK,1490.1848,0.0
2016,5,IND,2016_05_CHI_IND,1484.0591,0.0
2016,5,MIA,2016_05_TEN_MIA,1482.576,0.0
2016,5,NYG,2016_05_NYG_GB,1478.1389,0.0
2016,5,LAR,2016_05_BUF_LAR,1473.6645,0.0
2016,5,HOU,2016_05_HOU_MIN,1470.9498,0.0
2016,5,SF,2016_05_ARI_SF,1440.8018,0.0
2016,5,CHI,2016_05_CHI_IND,1439.3804,-17.1229
2016,5,TB,2016_05_TB_CAR,1428.0638,0.0
2016,5,TEN,2016_05_TEN_MIA,1421.5313,0.0
2016,5,JAX,2016_04_IND_JAX,1416.8237,0.0
2016,5,CLE,2016_05_NE_CLE,1414.1559,-30.0975
2016,6,SEA,2016_06_ATL_SEA,1672.6556,0.0
2016,6,PIT,2016_06_PIT_MIA,1646.6033,0.0
2016,6,NE,2016_06_CIN_NE,1620.4446,117.3804
2016,6,ARI,2016_06_NYJ_ARI,1616.5766,0.0
2016,6,CIN,2016_06_CIN_NE,1593.5309,0.0
2016,6,ATL,2016_06_ATL_SEA,1587.3608,0.0
2016,6,MIN,2016_05_HOU_MIN,1586.6732,42.9314
2016,6,CAR,2016_06_CAR_NO,1579.3644,0.0
2016,6,KC,2016_06_KC_OAK,1576.5271,0.0
2016,6,PHI,2016_06_PHI_WAS,1576.4703,0.0
2016,6,BUF,2016_06_SF_BUF,1568.2688,0.0
2016,6,GB,2016_06_DAL_GB,1561.8967,0.0
2016,6,DEN,2016_06_DEN_LAC,1556.4169,0.0
2016,6,DAL,2016_06_DAL_GB,1552.702,0.0
2016,6,NYJ,2016_06_NYJ_ARI,1529.9877,0.0
2016,6,BAL,2016_06_BAL_NYG,1509.4208,0.0
2016,6,NO,2016_06_CAR_NO,1503.6355,0.0
2016,6,DET,2016_06_LAR_DET,1503.2774,0.0
2016,6,LAC,2016_06_DEN_LAC,1499.3045,0.0
2016,6,WAS,2016_06_PHI_WAS,1497.6556,0.0
2016,6,OAK,2016_06_KC_OAK,1494.1318,0.0
2016,6,IND,2016_06_IND_HOU,1485.1884,0.0
2016,6,NYG,2016_06_BAL_NYG,1469.0704,0.0
2016,6,LAR,2016_06_LAR_DET,1464.1776,0.0
2016,6,MIA,2016_06_PIT_MIA,1463.3641,0.0
2016,6,CHI,2016_06_JAX_CHI,1446.4945,12.9328
2016,6,HOU,2016_06_IND_HOU,1445.923,0.0
2016,6,TEN,2016_06_CLE_TEN,1435.3221,0.0
2016,6,SF,2016_06_SF_BUF,1433.384,-5.4913
2016,6,TB,2016_05_TB_CAR,1428.0638,0.0
2016,6,JAX,2016_06_JAX_CHI,1425.9411,0.0
2016,6,CLE,2016_06_CLE_TEN,1399.2908,-30.6995
2016,7,SEA,2016_07_SEA_ARI,1672.3331,0.0
2016,7,ARI,2016_07_SEA_ARI,1644.8061,0.0
2016,7,NE,2016_07_NE_PIT,1638.1683,134.1302
2016,7,PIT,2016_07_NE_PIT,1622.9301,-181.629
2016,7,MIN,2016_07_MIN_PHI,1609.8938,53.9662
2016,7,BUF,2016_07_BUF_MIA,1598.8059,0.0
2016,7,KC,2016_07_NO_KC,1594.845,0.0
2016,7,ATL,2016_07_LAC_ATL,1590.2847,0.0
2016,7,CIN,2016_07_CLE_CIN,1584.905,0.0
2016,7,CAR,2016_06_CAR_NO,1579.3644,0.0
2016,7,PHI,2016_07_MIN_PHI,1564.2981,0.0
2016,7,DAL,2016_06_DAL_GB,1552.702,0.0
2016,7,DEN,2016_07_HOU_DEN,1551.9278,0.0
2016,7,GB,2016_07_CHI_GB,1545.648,0.0
2016,7,NO,2016_07_NO_KC,1512.9874,0.0
2016,7,DET,2016_07_WAS_DET,1511.3128,0.0
2016,7,WAS,2016_07_WAS_DET,1510.5358,0.0
2016,7,BAL,2016_07_BAL_NYJ,1508.7576,0.0
2016,7,NYJ,2016_07_BAL_NYJ,1502.166,-26.5498
2016,7,LAC,2016_07_LAC_ATL,1500.7528,0.0
2016,7,MIA,2016_07_BUF_MIA,1486.5536,0.0
2016,7,IND,2016_07_IND_TEN,1484.3625,0.0
2016,7,LAR,2016_07_NYG_LAR,1475.0861,0.0
2016,7,NYG,2016_07_NYG_LAR,1474.4954,0.0
2016,7,OAK,2016_07_OAK_JAX,1470.509,0.0
2016,7,HOU,2016_07_HOU_DEN,1448.734,0.0
2016,7,CHI,2016_07_CHI_GB,1442.0344,14.9276
2016,7,TEN,2016_07_IND_TEN,1435.7648,0.0
2016,7,JAX,2016_07_OAK_JAX,1429.7211,0.0
2016,7,TB,2016_07_TB_SF,1429.5994,0.0
2016,7,CLE,2016_07_CLE_CIN,1407.7761,-21.679
2016,7,SF,2016_07_TB_SF,1403.8832,-1.3449
2016,8,SEA,2016_08_SEA_NO,1656.0919,0.0
2016,8,NE,2016_08_NE_BUF,1648.371,137.108
2016,8,ARI,2016_08_ARI_CAR,1644.264,0.0
2016,8,PIT,2016_07_NE_PIT,1622.9301,-181.629
2016,8,CIN,2016_08_WAS_CIN,1596.6012,0.0
2016,8,BUF,2016_08_NE_BUF,1595.8848,0.0
2016,8,MIN,2016_08_MIN_CHI,1591.6787,34.1558
2016,8,KC,2016_08_KC_IND,1591.6586,0.0
2016,8,PHI,2016_08_PHI_DAL,1579.0993,0.0
2016,8,CAR,2016_08_ARI_CAR,1577.6307,0.0
2016,8,ATL,2016_08_GB_ATL,1577.5913,0.0
2016,8,DAL,2016_08_PHI_DAL,1573.5865,0.0
2016,8,GB,2016_08_GB_ATL,1561.2397,0.0
2016,8,DEN,2016_08_LAC_DEN,1560.8619,0.0
2016,8,NO,2016_08_SEA_NO,1522.1098,0.0
2016,8,WAS,2016_08_WAS_CIN,1516.4582,0.0
2016,8,LAC,2016_08_LAC_DEN,1514.7072,0.0
2016,8,NYJ,2016_08_NYJ_CLE,1513.3974,0.0
2016,8,BAL,2016_07_BAL_NYJ,1508.7576,0.0
2016,8,DET,2016_08_DET_HOU,1508.0549,0.0
2016,8,IND,2016_08_KC_IND,1500.0112,0.0
2016,8,OAK,2016_08_OAK_TB,1489.0905,0.0
2016,8,MIA,2016_07_BUF_MIA,1486.5536,0.0
2016,8,LAR,2016_07_NYG_LAR,1475.0861,0.0
2016,8,NYG,2016_07_NYG_LAR,1474.4954,0.0
2016,8,TB,2016_08_OAK_TB,1450.819,0.0
2016,8,HOU,2016_08_DET_HOU,1437.2348,0.0
2016,8,TEN,2016_08_JAX_TEN,1430.706,0.0
2016,8,CHI,2016_08_MIN_CHI,1426.7836,0.0
2016,8,JAX,2016_08_JAX_TEN,1409.3208,0.0
2016,8,SF,2016_07_TB_SF,1403.8832,-1.3449
2016,8,CLE,2016_08_NYJ_CLE,1401.0678,19.8948
2016,9,NE,2016_08_NE_BUF,1648.371,137.108
2016,9,ARI,2016_08_ARI_CAR,1644.264,0.0
2016,9,SEA,2016_09_BUF_SEA,1638.685,0.0
2016,9,PIT,2016_09_PIT_BAL,1614.2945,0.0
2016,9,KC,2016_09_JAX_KC,1604.343,-71.0448
2016,9,CIN,2016_08_WAS_CIN,1596.6012,0.0
2016,9,CAR,2016_09_CAR_LAR,1590.7005,0.0
2016,9,BUF,2016_09_BUF_SEA,1589.7278,0.0
2016,9,ATL,2016_09_ATL_TB,1588.1934,0.0
2016,9,DAL,2016_09_DAL_CLE,1580.5554,0.0
2016,9,PHI,2016_09_PHI_NYG,1577.6263,0.0
2016,9,MIN,2016_09_DET_MIN,1572.5126,23.6161
2016,9,GB,2016_09_IND_GB,1561.2319,0.0
2016,9,DEN,2016_09_DEN_OAK,1560.5519,0.0
2016,9,NO,2016_09_NO_SF,1539.9329,0.0
2016,9,NYJ,2016_09_NYJ_MIA,1524.0649,0.0
2016,9,WAS,2016_08_WAS_CIN,1516.4582,0.0
2016,9,LAC,2016_09_TEN_LAC,1505.0327,0.0
2016,9,DET,2016_09_DET_MIN,1498.0235,0.0
2016,9,OAK,2016_09_DEN_OAK,1496.8373,0.0
2016,9,BAL,2016_09_PIT_BAL,1492.4061,0.0
2016,9,MIA,2016_09_NYJ_MIA,1491.5787,0.0
2016,9,IND,2016_09_IND_GB,1484.296,0.0
2016,9,NYG,2016_09_PHI_NYG,1475.667,0.0
2016,9,LAR,2016_09_CAR_LAR,1473.5163,0.0
2016,9,TEN,2016_09_TEN_LAC,1449.3781,0.0
2016,9,TB,2016_09_ATL_TB,1441.4177,0.0
2016,9,HOU,2016_08_DET_HOU,1437.2348,0.0
2016,9,CHI,2016_08_MIN_CHI,1426.7836,0.0
2016,9,JAX,2016_09_JAX_KC,1398.539,0.0
2016,9,CLE,2016_09_DAL_CLE,1393.9338,-23.3783
2016,9,SF,2016_09_NO_SF,1382.1666,-7.435
2016,10,NE,2016_10_SEA_NE,1663.511,145.9378
2016,10,SEA,2016_10_SEA_NE,1638.9838,0.0
2016,10,ARI,2016_10_SF_ARI,1629.7272,0.0
2016,10,ATL,2016_10_ATL_PHI,1614.7002,0.0
2016,10,DAL,2016_10_DAL_PIT,1614.0266,0.0
2016,10,PIT,2016_10_DAL_PIT,1601.5087,0.0
2016,10,CIN,2016_10_CIN_NYG,1597.5313,0.0
2016,10,KC,2016_10_KC_CAR,1592.2608,0.0
2016,10,BUF,2016_09_BUF_SEA,1589.7278,0.0
2016,10,CAR,2016_10_KC_CAR,1587.4398,0.0
2016,10,PHI,2016_10_ATL_PHI,1571.2066,0.0
2016,10,MIN,2016_10_MIN_WAS,1560.2591,31.3608
2016,10,DEN,2016_10_DEN_NO,1552.6748,0.0
2016,10,GB,2016_10_GB_TEN,1549.2499,0.0
2016,10,NO,2016_10_DEN_NO,1546.8718,0.0
2016,10,NYJ,2016_10_LAR_NYJ,1522.7902,-55.327
2016,10,WAS,2016_10_MIN_WAS,1519.5529,0.0
2016,10,LAC,2016_10_MIA_LAC,1513.7799,0.0
2016,10,DET,2016_09_DET_MIN,1498.0235,0.0
2016,10,OAK,2016_09_DEN_OAK,1496.8373,0.0
2016,10,MIA,2016_10_MIA_LAC,1495.5603,0.0
2016,10,BAL,2016_10_CLE_BAL,1493.72,0.0
2016,10,IND,2016_09_IND_GB,1484.296,0.0
2016,10,NYG,2016_10_CIN_NYG,1475.093,0.0
2016,10,LAR,2016_10_LAR_NYJ,1472.7526,0.0
2016,10,CHI,2016_10_CHI_TB,1449.7172,0.0
2016,10,HOU,2016_10_HOU_JAX,1447.5113,0.0
2016,10,TEN,2016_10_GB_TEN,1447.499,0.0
2016,10,TB,2016_10_CHI_TB,1427.4392,0.0
2016,10,JAX,2016_10_HOU_JAX,1404.0369,0.0
2016,10,SF,2016_10_SF_ARI,1374.5347,8.4683
2016,10,CLE,2016_10_CLE_BAL,1368.4462,-21.9678
2016,11,SEA,2016_11_PHI_SEA,1664.6655,0.0
2016,11,NE,2016_11_NE_SF,1648.3406,138.064
2016,11,DAL,2016_11_BAL_DAL,1634.7869,0.0
2016,11,ARI,2016_11_ARI_MIN,1622.5052,0.0
2016,11,ATL,2016_10_ATL_PHI,1614.7002,0.0
2016,11,PIT,2016_11_PIT_CLE,1596.5813,0.0
2016,11,BUF,2016_11_BUF_CIN,1593.7613,0.0
2016,11,KC,2016_11_TB_KC,1593.7269,0.0
2016,11,CIN,2016_11_BUF_CIN,1584.6885,0.0
2016,11,PHI,2016_11_PHI_SEA,1581.7265,0.0
2016,11,CAR,2016_11_NO_CAR,1581.433,0.0
2016,11,DEN,2016_10_DEN_NO,1552.6748,0.0
2016,11,MIN,2016_11_ARI_MIN,1549.5734,39.6445
2016,11,NO,2016_11_NO_CAR,1544.2899,0.0
2016,11,WAS,2016_11_GB_WAS,1536.9622,0.0
2016,11,GB,2016_11_GB_WAS,1528.3529,0.0
2016,11,NYJ,2016_10_LAR_NYJ,1522.7902,-55.327
2016,11,LAC,2016_10_MIA_LAC,1513.7799,0.0
2016,11,MIA,2016_11_MIA_LAR,1513.5647,0.0
2016,11,BAL,2016_11_BAL_DAL,1511.9791,0.0
2016,11,DET,2016_11_JAX_DET,1508.1287,0.0
2016,11,OAK,2016_11_HOU_OAK,1507.738,0.0
2016,11,IND,2016_11_TEN_IND,1501.803,0.0
2016,11,TEN,2016_11_TEN_IND,1482.3988,0.0
2016,11,NYG,2016_11_CHI_NYG,1480.4418,0.0
2016,11,LAR,2016_11_MIA_LAR,1477.7312,14.509
2016,11,HOU,2016_11_HOU_OAK,1454.9544,0.0
2016,11,TB,2016_11_TB_KC,1454.4305,0.0
2016,11,CHI,2016_11_CHI_NYG,1417.9576,0.0
2016,11,JAX,2016_11_JAX_DET,1397.2977,0.0
2016,11,SF,2016_11_NE_SF,1380.4191,18.5542
2016,11,CLE,2016_11_PIT_CLE,1345.2306,-22.8644
2016,12,SEA,2016_12_SEA_TB,1677.0748,0.0
2016,12,NE,2016_12_NE_NYJ,1657.8493,144.5789
2016,12,DAL,2016_12_WAS_DAL,1643.3424,0.0
2016,12,ARI,2016_12_ARI_ATL,1611.5325,0.0
2016,12,ATL,2016_12_ARI_ATL,1604.7945,0.0
2016,12,BUF,2016_12_JAX_BUF,1602.6047,0.0
2016,12,PIT,2016_12_PIT_IND,1601.9631,0.0
2016,12,KC,2016_12_KC_DEN,1583.9487,0.0
2016,12,WAS,2016_12_WAS_DAL,1569.1094,0.0
2016,12,CAR,2016_12_CAR_OAK,1569.0631,0.0
2016,12,CIN,2016_12_CIN_BAL,1569.007,0.0
2016,12,PHI,2016_12_GB_PHI,1569.0007,0.0
2016,12,MIN,2016_12_MIN_DET,1556.24,37.8974
2016,12,DEN,2016_12_KC_DEN,1550.9084,0.0
2016,12,NO,2016_12_LAR_NO,1549.745,0.0
2016,12,OAK,2016_12_CAR_OAK,1519.7648,0.0
2016,12,NYJ,2016_12_NE_NYJ,1515.5014,0.0
2016,12,GB,2016_12_GB_PHI,1513.7817,0.0
2016,12,IND,2016_12_PIT_IND,1511.8354,-156.3839
2016,12,BAL,2016_12_CIN_BAL,1509.8547,0.0
2016,12,MIA,2016_12_SF_MIA,1509.5759,0.0
2016,12,DET,2016_12_MIN_DET,1503.9233,0.0
2016,12,LAC,2016_12_LAC_HOU,1502.3798,0.0
2016,12,NYG,2016_12_NYG_CLE,1482.1309,0.0
2016,12,LAR,2016_12_LAR_NO,1475.4614,8.9243
2016,12,TEN,2016_12_TEN_CHI,1473.9401,0.0
2016,12,TB,2016_12_SEA_TB,1470.6366,0.0
2016,12,HOU,2016_12_LAC_HOU,1451.4521,0.0
2016,12,CHI,2016_12_TEN_CHI,1416.9262,-39.8857
2016,12,JAX,2016_12_JAX_BUF,1395.5673,0.0
2016,12,SF,2016_12_SF_MIA,1370.6826,14.0416
2016,12,CLE,2016_12_NYG_CLE,1336.7517,19.9516
2016,13,NE,2016_13_LAR_NE,1658.5333,145.3059
2016,13,SEA,2016_13_CAR_SEA,1655.6142,0.0
2016,13,DAL,2016_13_DAL_MIN,1651.2823,0.0
2016,13,ATL,2016_13_KC_ATL,1634.1488,0.0
2016,13,PIT,2016_13_NYG_PIT,1616.086,0.0
2016,13,BUF,2016_13_BUF_OAK,1602.965,0.0
2016,13,ARI,2016_13_WAS_ARI,1589.19,0.0
2016,13,KC,2016_13_KC_ATL,1580.2784,0.0
2016,13,NO,2016_13_DET_NO,1578.9677,0.0
2016,13,WAS,2016_13_WAS_ARI,1575.2135,0.0
2016,13,CAR,2016_13_CAR_SEA,1567.4966,-62.3989
2016,13,DEN,2016_13_DEN_JAX,1565.9398,33.4772
2016,13,CIN,2016_13_PHI_CIN,1564.6532,0.0
2016,13,MIN,2016_13_DAL_MIN,1549.6944,40.3055
2016,13,PHI,2016_13_PHI_CIN,1549.5551,0.0
2016,13,GB,2016_13_HOU_GB,1541.5092,0.0
2016,13,OAK,2016_13_BUF_OAK,1522.3671,0.0
2016,13,MIA,2016_13_MIA_BAL,1514.6741,0.0
2016,13,LAC,2016_13_TB_LAC,1512.3797,0.0
2016,13,NYJ,2016_13_IND_NYJ,1511.5145,0.0
2016,13,BAL,2016_13_MIA_BAL,1509.5754,0.0
2016,13,DET,2016_13_DET_NO,1506.4197,0.0
2016,13,IND,2016_13_IND_NYJ,1495.765,0.0
2016,13,NYG,2016_13_NYG_PIT,1487.2122,0.0
2016,13,TB,2016_13_TB_LAC,1486.5321,0.0
2016,13,TEN,2016_12_TEN_CHI,1473.9401,0.0
2016,13,LAR,2016_13_LAR_NE,1450.5099,10.3627
2016,13,HOU,2016_13_HOU_GB,1441.6013,0.0
2016,13,CHI,2016_13_SF_CHI,1410.2025,-31.2618
2016,13,JAX,2016_13_DEN_JAX,1397.4482,0.0
2016,13,SF,2016_13_SF_CHI,1372.9737,43.4466
2016,13,CLE,2016_12_NYG_CLE,1336.7517,19.9516
2016,14,SEA,2016_14_SEA_GB,1694.0869,0.0
2016,14,NE,2016_14_BAL_NE,1661.1259,146.6694
2016,14,DAL,2016_14_DAL_NYG,1655.2155,0.0
2016,14,ATL,2016_14_ATL_LAR,1632.7608,0.0
2016,14,PIT,2016_14_PIT_BUF,1631.6481,0.0
2016,14,BUF,2016_14_PIT_BUF,1600.9758,0.0
2016,14,ARI,2016_14_ARI_MIA,1594.0859,0.0
2016,14,CIN,2016_14_CIN_CLE,1587.1162,0.0
2016,14,KC,2016_14_OAK_KC,1586.6061,0.0
2016,14,WAS,2016_14_WAS_PHI,1572.7306,0.0
2016,14,DEN,2016_14_DEN_TEN,1563.0259,0.0
2016,14,BAL,2016_14_BAL_NE,1548.5471,0.0
2016,14,IND,2016_14_HOU_IND,1546.9475,0.0
2016,14,MIN,2016_14_MIN_JAX,1545.7301,42.3193
2016,14,GB,2016_14_SEA_GB,1543.7317,0.0
2016,14,NO,2016_14_NO_TB,1542.3936,0.0
2016,14,DET,2016_14_CHI_DET,1536.5994,0.0
2016,14,PHI,2016_14_WAS_PHI,1534.4326,0.0
2016,14,CAR,2016_14_LAC_CAR,1532.2771,0.0
2016,14,OAK,2016_14_OAK_KC,1527.6298,0.0
2016,14,LAC,2016_14_LAC_CAR,1502.8381,0.0
2016,14,TB,2016_14_NO_TB,1496.2247,0.0
2016,14,TEN,2016_14_DEN_TEN,1484.7845,0.0
2016,14,MIA,2016_14_ARI_MIA,1476.5752,0.0
2016,14,NYG,2016_14_DAL_NYG,1470.6529,0.0
2016,14,NYJ,2016_14_NYJ_SF,1459.3763,-59.6097
2016,14,HOU,2016_14_HOU_IND,1442.2741,0.0
2016,14,LAR,2016_14_ATL_LAR,1440.0816,-14.2168
2016,14,CHI,2016_14_CHI_DET,1428.8628,-32.4903
2016,14,JAX,2016_14_MIN_JAX,1387.9582,0.0
2016,14,SF,2016_14_NYJ_SF,1349.0816,11.6857
2016,14,CLE,2016_14_CIN_CLE,1323.2408,0.0
2016,15,NE,2016_15_NE_DEN,1656.3221,155.2234
2016,15,SEA,2016_15_LAR_SEA,1655.5398,0.0
2016,15,ATL,2016_15_SF_ATL,1650.6559,0.0
2016,15,DAL,2016_15_TB_DAL,1634.3408,0.0
2016,15,PIT,2016_15_PIT_CIN,1630.4856,0.0
2016,15,BUF,2016_15_CLE_BUF,1598.9515,0.0
2016,15,CIN,2016_15_PIT_CIN,1588.6789,0.0
2016,15,KC,2016_15_TEN_KC,1588.0416,0.0
2016,15,ARI,2016_15_NO_ARI,1586.9799,0.0
2016,15,WAS,2016_15_CAR_WAS,1584.6946,0.0
2016,15,GB,2016_15_GB_CHI,1576.1534,0.0
2016,15,DEN,2016_15_NE_DEN,1561.3566,0.0
2016,15,BAL,2016_15_PHI_BAL,1557.3889,0.0
2016,15,MIN,2016_15_IND_MIN,1556.027,55.5106
2016,15,IND,2016_15_IND_MIN,1539.5393,0.0
2016,15,CAR,2016_15_CAR_WAS,1532.2475,0.0
2016,15,DET,2016_15_DET_NYG,1529.8803,0.0
2016,15,NO,2016_15_NO_ARI,1529.5088,0.0
2016,15,PHI,2016_15_PHI_BAL,1526.3733,0.0
2016,15,OAK,2016_15_OAK_LAC,1517.5562,0.0
2016,15,TB,2016_15_TB_DAL,1502.6897,0.0
2016,15,LAC,2016_15_OAK_LAC,1495.0701,0.0
2016,15,TEN,2016_15_TEN_KC,1484.9185,0.0
2016,15,MIA,2016_15_MIA_NYJ,1479.799,-51.4426
2016,15,NYG,2016_15_DET_NYG,1476.1423,0.0
2016,15,NYJ,2016_15_MIA_NYJ,1460.7875,-67.1952
2016,15,HOU,2016_15_JAX_HOU,1448.2605,0.0
2016,15,CHI,2016_15_GB_CHI,1436.5879,-26.3188
2016,15,LAR,2016_15_LAR_SEA,1415.5904,-22.1039
2016,15,JAX,2016_15_JAX_HOU,1384.6858,0.0
2016,15,SF,2016_15_SF_ATL,1336.4014,7.4287
2016,15,CLE,2016_15_CLE_BUF,1316.817,0.0
2016,16,SEA,2016_16_ARI_SEA,1675.5785,0.0
2016,16,NE,2016_16_NYJ_NE,1670.3195,137.0842
2016,16,ATL,2016_16_ATL_CAR,1669.3104,0.0
2016,16,PIT,2016_16_BAL_PIT,1649.5173,0.0
2016,16,DAL,2016_16_DET_DAL,1644.4077,0.0
2016,16,BUF,2016_16_MIA_BUF,1607.7557,0.0
2016,16,GB,2016_16_MIN_GB,1582.1209,0.0
2016,16,ARI,2016_16_ARI_SEA,1580.897,0.0
2016,16,CIN,2016_16_CIN_HOU,1575.6964,0.0
2016,16,KC,2016_16_DEN_KC,1572.8628,0.0
2016,16,IND,2016_16_IND_OAK,1572.4031,0.0
2016,16,WAS,2016_16_WAS_CHI,1565.2505,0.0
2016,16,BAL,2016_16_BAL_PIT,1562.5594,0.0
2016,16,NO,2016_16_TB_NO,1545.1079,0.0
2016,16,DEN,2016_16_DEN_KC,1544.8595,0.0
2016,16,CAR,2016_16_ATL_CAR,1543.7342,0.0
2016,16,OAK,2016_16_IND_OAK,1527.6231,0.0
2016,16,PHI,2016_16_NYG_PHI,1521.8547,0.0
2016,16,DET,2016_16_DET_DAL,1521.664,0.0
2016,16,MIN,2016_16_MIN_GB,1521.6577,47.775
2016,16,MIA,2016_16_MIA_BUF,1502.9858,-37.3412
2016,16,TEN,2016_16_TEN_JAX,1500.0177,0.0
2016,16,TB,2016_16_TB_NO,1493.5392,0.0
2016,16,LAC,2016_16_LAC_CLE,1484.4422,0.0
2016,16,NYG,2016_16_NYG_PHI,1480.8068,0.0
2016,16,HOU,2016_16_CIN_HOU,1443.6384,-39.2284
2016,16,CHI,2016_16_WAS_CHI,1441.8749,-14.5607
2016,16,NYJ,2016_16_NYJ_NE,1433.2214,-73.963
2016,16,LAR,2016_16_SF_LAR,1392.7293,-32.5183
2016,16,JAX,2016_16_TEN_JAX,1384.4703,0.0
2016,16,SF,2016_16_SF_LAR,1319.8355,11.0525
2016,16,CLE,2016_16_LAC_CLE,1307.1732,0.0
2016,17,ATL,2016_17_NO_ATL,1696.4212,0.0
2016,17,NE,2016_17_NE_MIA,1686.0817,135.8331
2016,17,DAL,2016_17_DAL_PHI,1670.9792,0.0
2016,17,SEA,2016_17_SEA_SF,1661.2682,0.0
2016,17,PIT,2016_17_CLE_PIT,1654.4824,-125.6968
2016,17,BUF,2016_17_BUF_NYJ,1604.4163,-13.9869
2016,17,KC,2016_17_KC_LAC,1595.5849,0.0
2016,17,ARI,2016_17_ARI_LAR,1592.3076,0.0
2016,17,GB,2016_17_GB_DET,1590.7395,0.0
2016,17,WAS,2016_17_NYG_WAS,1584.0967,0.0
2016,17,IND,2016_17_JAX_IND,1568.4168,0.0
2016,17,CIN,2016_17_BAL_CIN,1562.8162,0.0
2016,17,BAL,2016_17_BAL_CIN,1562.5486,0.0
2016,17,NO,2016_17_NO_ATL,1549.6444,0.0
2016,17,OAK,2016_17_OAK_DEN,1537.1332,-132.7536
2016,17,DEN,2016_17_OAK_DEN,1519.9626,0.0
2016,17,MIN,2016_17_CHI_MIN,1518.2895,61.9702
2016,17,PHI,2016_17_DAL_PHI,1517.2781,0.0
2016,17,CAR,2016_17_CAR_TB,1513.9431,0.0
2016,17,MIA,2016_17_NE_MIA,1510.9629,-32.2259
2016,17,DET,2016_17_GB_DET,1508.4985,0.0
2016,17,TB,2016_17_CAR_TB,1490.2172,0.0
2016,17,NYG,2016_17_NYG_WAS,1484.3496,0.0
2016,17,LAC,2016_17_KC_LAC,1476.5858,0.0
2016,17,TEN,2016_17_HOU_TEN,1475.875,-102.8352
2016,17,HOU,2016_17_HOU_TEN,1451.2367,-40.257
2016,17,CHI,2016_17_CHI_MIN,1424.9565,-23.346
2016,17,JAX,2016_17_JAX_IND,1412.8698,0.0
2016,17,NYJ,2016_17_BUF_NYJ,1412.3821,0.0
2016,17,LAR,2016_17_ARI_LAR,1386.2948,-55.1918
2016,17,SF,2016_17_SEA_SF,1324.5651,19.0006
2016,17,CLE,2016_17_CLE_PIT,1315.6538,0.0
2017,1,NE,2017_01_KC_NE,1662.7434,0.0
2017,1,ATL,2017_01_ATL_CHI,1660.4611,0.0
2017,1,DAL,2017_01_NYG_DAL,1601.7924,0.0
2017,1,GB,2017_01_SEA_GB,1599.7884,0.0
2017,1,PIT,2017_01_PIT_CLE,1590.7953,0.0
2017,1,SEA,2017_01_SEA_GB,1589.6302,0.0
2017,1,NO,2017_01_NO_MIN,1579.2901,0.0
2017,1,KC,2017_01_KC_NE,1578.9436,0.0
2017,1,WAS,2017_01_PHI_WAS,1561.6852,0.0
2017,1,ARI,2017_01_ARI_DET,1561.2013,0.0
2017,1,BUF,2017_01_NYJ_BUF,1553.5525,0.0
2017,1,CIN,2017_01_BAL_CIN,1549.4327,0.0
2017,1,BAL,2017_01_BAL_CIN,1546.327,0.0
2017,1,MIN,2017_01_NO_MIN,1539.5645,0.0
2017,1,OAK,2017_01_OAK_TEN,1535.2372,0.0
2017,1,PHI,2017_01_PHI_WAS,1519.4186,0.0
2017,1,MIA,2016_17_NE_MIA,1510.9629,-32.2259
2017,1,DET,2017_01_ARI_DET,1510.0206,0.0
2017,1,CAR,2017_01_CAR_SF,1496.9621,0.0
2017,1,TEN,2017_01_OAK_TEN,1496.6996,0.0
2017,1,DEN,2017_01_LAC_DEN,1495.0115,0.0
2017,1,NYG,2017_01_NYG_DAL,1493.8737,0.0
2017,1,TB,2016_17_CAR_TB,1490.2172,0.0
2017,1,IND,2017_01_IND_LAR,1483.3822,0.0
2017,1,LAC,2017_01_LAC_DEN,1472.9333,0.0
2017,1,JAX,2017_01_JAX_HOU,1455.1957,0.0
2017,1,NYJ,2017_01_NYJ_BUF,1454.9215,0.0
2017,1,CHI,2017_01_ATL_CHI,1434.2333,0.0
2017,1,HOU,2017_01_JAX_HOU,1422.6335,0.0
2017,1,SF,2017_01_CAR_SF,1410.6577,0.0
2017,1,CLE,2017_01_PIT_CLE,1393.6733,0.0
2017,1,LAR,2017_01_IND_LAR,1378.6341,0.0
2017,2,ATL,2017_02_GB_ATL,1658.3723,0.0
2017,2,NE,2017_02_NE_NO,1628.8128,0.0
2017,2,KC,2017_02_PHI_KC,1619.4715,0.0
2017,2,DAL,2017_02_DAL_DEN,1614.7908,0.0
2017,2,GB,2017_02_GB_ATL,1605.9447,0.0
2017,2,PIT,2017_02_MIN_PIT,1591.124,0.0
2017,2,SEA,2017_02_SF_SEA,1579.9868,0.0
2017,2,BAL,2017_02_CLE_BAL,1570.8865,0.0
2017,2,NO,2017_02_NE_NO,1569.4834,0.0
2017,2,BUF,2017_02_BUF_CAR,1562.3798,0.0
2017,2,MIN,2017_02_MIN_PIT,1560.079,-79.4339
2017,2,OAK,2017_02_NYJ_OAK,1552.1457,0.0
2017,2,ARI,2017_02_ARI_IND,1551.0944,0.0
2017,2,WAS,2017_02_WAS_LAR,1541.9332,0.0
2017,2,PHI,2017_02_PHI_KC,1534.5111,0.0
2017,2,CAR,2017_02_BUF_CAR,1520.1781,0.0
2017,2,DET,2017_02_DET_NYG,1513.6497,0.0
2017,2,CIN,2017_02_HOU_CIN,1509.2605,0.0
2017,2,DEN,2017_02_DAL_DEN,1501.0299,0.0
2017,2,MIA,2017_02_MIA_LAC,1486.6771,0.0
2017,2,TEN,2017_02_TEN_JAX,1486.3438,0.0
2017,2,TB,2017_02_CHI_TB,1482.8755,0.0
2017,2,NYG,2017_02_DET_NYG,1478.2228,0.0
2017,2,JAX,2017_02_TEN_JAX,1473.8604,0.0
2017,2,LAC,2017_02_MIA_LAC,1470.3414,0.0
2017,2,NYJ,2017_02_NYJ_OAK,1444.3771,0.0
2017,2,IND,2017_02_ARI_IND,1443.5664,71.9529
2017,2,CHI,2017_02_CHI_TB,1436.4519,0.0
2017,2,LAR,2017_02_WAS_LAR,1419.3719,0.0
2017,2,HOU,2017_02_HOU_CIN,1394.9066,64.6336
2017,2,CLE,2017_02_CLE_BAL,1389.9512,0.0
2017,2,SF,2017_02_SF_SEA,1382.7438,0.0
2017,3,ATL,2017_03_ATL_DET,1666.1325,0.0
2017,3,NE,2017_03_HOU_NE,1653.6406,0.0
2017,3,KC,2017_03_KC_LAC,1623.5666,0.0
2017,3,PIT,2017_03_PIT_CHI,1606.202,0.0
2017,3,GB,2017_03_CIN_GB,1601.0642,0.0
2017,3,DAL,2017_03_DAL_ARI,1590.1821,0.0
2017,3,OAK,2017_03_OAK_WAS,1578.1437,0.0
2017,3,BAL,2017_03_BAL_JAX,1576.6783,0.0
2017,3,SEA,2017_03_SEA_TEN,1569.4539,0.0
2017,3,BUF,2017_03_DEN_BUF,1554.4616,0.0
2017,3,ARI,2017_03_DAL_ARI,1550.9257,0.0
2017,3,NO,2017_03_NO_CAR,1546.6724,0.0
2017,3,MIN,2017_03_TB_MIN,1543.7341,-85.8525
2017,3,WAS,2017_03_OAK_WAS,1538.9056,0.0
2017,3,PHI,2017_03_NYG_PHI,1533.4749,0.0
2017,3,DET,2017_03_ATL_DET,1528.4451,0.0
2017,3,DEN,2017_03_DEN_BUF,1527.3146,0.0
2017,3,CAR,2017_03_NO_CAR,1526.53,0.0
2017,3,TEN,2017_03_SEA_TEN,1512.837,0.0
2017,3,TB,2017_03_TB_MIN,1506.4851,0.0
2017,3,CIN,2017_03_CIN_GB,1497.5732,0.0
2017,3,MIA,2017_03_MIA_NYJ,1494.6308,0.0
2017,3,LAC,2017_03_KC_LAC,1466.511,0.0
2017,3,NYG,2017_03_NYG_PHI,1456.6412,0.0
2017,3,JAX,2017_03_BAL_JAX,1444.6836,0.0
2017,3,IND,2017_03_CLE_IND,1436.9316,61.3696
2017,3,NYJ,2017_03_MIA_NYJ,1429.7129,0.0
2017,3,LAR,2017_03_LAR_SF,1426.5959,0.0
2017,3,CHI,2017_03_PIT_CHI,1412.8038,0.0
2017,3,HOU,2017_03_HOU_NE,1397.1927,73.5792
2017,3,SF,2017_03_LAR_SF,1385.748,0.0
2017,3,CLE,2017_03_CLE_IND,1385.1104,0.0
2017,4,ATL,2017_04_BUF_ATL,1671.1594,0.0
2017,4,NE,2017_04_CAR_NE,1643.0062,0.0
2017,4,KC,2017_04_WAS_KC,1635.5215,0.0
2017,4,DAL,2017_04_LAR_DAL,1600.7642,0.0
2017,4,GB,2017_04_CHI_GB,1593.118,0.0
2017,4,PIT,2017_04_PIT_BAL,1590.9775,0.0
2017,4,MIN,2017_04_DET_MIN,1573.2905,-51.9207
2017,4,NO,2017_04_NO_MIA,1571.4996,0.0
2017,4,WAS,2017_04_WAS_KC,1564.372,0.0
2017,4,SEA,2017_04_IND_SEA,1563.4398,0.0
2017,4,BUF,2017_04_BUF_ATL,1554.4134,0.0
2017,4,OAK,2017_04_OAK_DEN,1547.9827,0.0
2017,4,ARI,2017_04_SF_ARI,1540.3618,0.0
2017,4,PHI,2017_04_PHI_LAC,1538.6346,0.0
2017,4,BAL,2017_04_PIT_BAL,1536.0067,0.0
2017,4,DEN,2017_04_OAK_DEN,1528.7267,0.0
2017,4,TEN,2017_04_TEN_HOU,1524.9538,0.0
2017,4,DET,2017_04_DET_MIN,1520.6395,0.0
2017,4,CIN,2017_04_CIN_CLE,1500.7818,0.0
2017,4,CAR,2017_04_CAR_NE,1498.0236,0.0
2017,4,JAX,2017_04_JAX_NYJ,1490.6374,0.0
2017,4,TB,2017_04_NYG_TB,1489.1197,0.0
2017,4,MIA,2017_04_NO_MIA,1471.6759,0.0
2017,4,NYG,2017_04_NYG_TB,1458.0253,0.0
2017,4,LAC,2017_04_PHI_LAC,1451.2986,0.0
2017,4,NYJ,2017_04_JAX_NYJ,1447.1151,0.0
2017,4,LAR,2017_04_LAR_DAL,1446.1584,0.0
2017,4,IND,2017_04_IND_SEA,1438.0856,80.4012
2017,4,CHI,2017_04_CHI_GB,1421.1334,0.0
2017,4,HOU,2017_04_TEN_HOU,1415.2738,82.0215
2017,4,CLE,2017_04_CIN_CLE,1389.5415,0.0
2017,4,SF,2017_04_SF_ARI,1381.8843,0.0
2017,5,ATL,2017_04_BUF_ATL,1671.1594,0.0
2017,5,KC,2017_05_KC_HOU,1645.421,0.0
2017,5,NE,2017_05_NE_TB,1631.173,0.0
2017,5,GB,2017_05_GB_DAL,1605.4153,0.0
2017,5,PIT,2017_05_JAX_PIT,1600.5256,0.0
2017,5,DAL,2017_05_GB_DAL,1596.1683,0.0
2017,5,SEA,2017_05_SEA_LAR,1588.1004,0.0
2017,5,NO,2017_04_NO_MIA,1571.4996,0.0
2017,5,BUF,2017_05_BUF_CIN,1568.7388,0.0
2017,5,MIN,2017_05_MIN_CHI,1568.5231,0.0
2017,5,WAS,2017_04_WAS_KC,1564.372,0.0
2017,5,PHI,2017_05_ARI_PHI,1551.866,0.0
2017,5,OAK,2017_05_BAL_OAK,1538.2455,-50.8391
2017,5,ARI,2017_05_ARI_PHI,1529.417,0.0
2017,5,DEN,2017_04_OAK_DEN,1528.7267,0.0
2017,5,CIN,2017_05_BUF_CIN,1521.8154,0.0
2017,5,CAR,2017_05_CAR_DET,1520.5552,0.0
2017,5,BAL,2017_05_BAL_OAK,1520.2303,0.0
2017,5,DET,2017_05_CAR_DET,1518.8035,0.0
2017,5,TB,2017_05_NE_TB,1494.3353,0.0
2017,5,TEN,2017_05_TEN_MIA,1481.2231,-87.3785
2017,5,JAX,2017_05_JAX_PIT,1473.4836,0.0
2017,5,HOU,2017_05_KC_HOU,1469.9278,109.2231
2017,5,LAR,2017_05_SEA_LAR,1466.3056,0.0
2017,5,NYJ,2017_05_NYJ_CLE,1459.0735,0.0
2017,5,NYG,2017_05_LAC_NYG,1456.0029,0.0
2017,5,LAC,2017_05_LAC_NYG,1451.9866,0.0
2017,5,MIA,2017_05_TEN_MIA,1450.8285,0.0
2017,5,IND,2017_05_SF_IND,1409.8705,77.6662
2017,5,CHI,2017_05_MIN_CHI,1407.6592,10.7272
2017,5,SF,2017_05_SF_IND,1386.8924,0.0
2017,5,CLE,2017_05_NYJ_CLE,1364.7637,0.0
2017,6,KC,2017_06_PIT_KC,1661.1957,0.0
2017,6,ATL,2017_06_MIA_ATL,1651.8929,0.0
2017,6,NE,2017_06_NE_NYJ,1634.3008,0.0
2017,6,GB,2017_06_GB_MIN,1620.1147,0.0
2017,6,DAL,2017_05_GB_DAL,1596.1683,0.0
2017,6,SEA,2017_05_SEA_LAR,1588.1004,0.0
2017,6,NO,2017_06_DET_NO,1587.0442,0.0
2017,6,PHI,2017_06_PHI_CAR,1578.4599,0.0
2017,6,PIT,2017_06_PIT_KC,1575.8979,0.0
2017,6,BUF,2017_05_BUF_CIN,1568.7388,0.0
2017,6,MIN,2017_06_GB_MIN,1566.2573,-78.1424
2017,6,WAS,2017_06_SF_WAS,1559.8629,0.0
2017,6,DEN,2017_06_NYG_DEN,1534.8519,0.0
2017,6,BAL,2017_06_CHI_BAL,1534.609,0.0
2017,6,CAR,2017_06_PHI_CAR,1527.8373,0.0
2017,6,OAK,2017_06_LAC_OAK,1523.8206,0.0
2017,6,CIN,2017_05_BUF_CIN,1521.8154,0.0
2017,6,DET,2017_06_DET_NO,1510.1855,0.0
2017,6,ARI,2017_06_TB_ARI,1506.1969,0.0
2017,6,JAX,2017_06_LAR_JAX,1494.6688,0.0
2017,6,TB,2017_06_TB_ARI,1488.1233,0.0
2017,6,TEN,2017_06_IND_TEN,1471.588,0.0
2017,6,LAR,2017_06_LAR_JAX,1471.1538,0.0
2017,6,HOU,2017_06_CLE_HOU,1470.4409,126.0661
2017,6,NYJ,2017_06_NE_NYJ,1458.9967,0.0
2017,6,LAC,2017_06_LAC_OAK,1456.967,0.0
2017,6,NYG,2017_06_NYG_DEN,1447.8536,0.0
2017,6,MIA,2017_06_MIA_ATL,1446.529,0.0
2017,6,IND,2017_06_IND_TEN,1408.2857,81.133
2017,6,CHI,2017_06_CHI_BAL,1405.9671,5.1089
2017,6,SF,2017_06_SF_WAS,1390.6186,0.0
2017,6,CLE,2017_06_CLE_HOU,1366.6144,-24.442
2017,7,KC,2017_07_KC_OAK,1649.2544,0.0
2017,7,NE,2017_07_ATL_NE,1640.8115,0.0
2017,7,ATL,2017_07_ATL_NE,1634.4586,0.0
2017,7,MIN,2017_07_BAL_MIN,1594.1197,-73.6197
2017,7,DAL,2017_07_DAL_SF,1590.1545,0.0
2017,7,PHI,2017_07_WAS_PHI,1588.1054,0.0
2017,7,PIT,2017_07_CIN_PIT,1587.8664,0.0
2017,7,GB,2017_07_NO_GB,1582.6559,-191.8203
2017,7,SEA,2017_07_SEA_NYG,1579.2645,0.0
2017,7,NO,2017_07_NO_GB,1579.0718,0.0
2017,7,BUF,2017_07_TB_BUF,1554.241,0.0
2017,7,WAS,2017_07_WAS_PHI,1553.5674,0.0
2017,7,CIN,2017_07_CIN_PIT,1535.3271,0.0
2017,7,CAR,2017_07_CAR_CHI,1523.3767,0.0
2017,7,DEN,2017_07_DEN_LAC,1517.4231,0.0
2017,7,OAK,2017_07_KC_OAK,1515.2902,0.0
2017,7,ARI,2017_07_ARI_LAR,1513.0418,0.0
2017,7,DET,2017_06_DET_NO,1510.1855,0.0
2017,7,BAL,2017_07_BAL_MIN,1505.4621,0.0
2017,7,TB,2017_07_TB_BUF,1490.3146,0.0
2017,7,TEN,2017_07_TEN_CLE,1485.6826,0.0
2017,7,LAR,2017_07_ARI_LAR,1484.9477,0.0
2017,7,JAX,2017_07_JAX_IND,1479.836,0.0
2017,7,HOU,2017_06_CLE_HOU,1470.4409,126.0661
2017,7,MIA,2017_07_NYJ_MIA,1461.5896,0.0
2017,7,NYG,2017_07_SEA_NYG,1461.3875,0.0
2017,7,LAC,2017_07_DEN_LAC,1461.1282,0.0
2017,7,NYJ,2017_07_NYJ_MIA,1454.8155,0.0
2017,7,CHI,2017_07_CAR_CHI,1421.6249,0.2395
2017,7,SF,2017_07_DAL_SF,1402.5758,-55.5949
2017,7,IND,2017_07_JAX_IND,1394.8131,85.8537
2017,7,CLE,2017_07_TEN_CLE,1360.2138,0.0
2017,8,NE,2017_08_LAC_NE,1665.9325,0.0
2017,8,KC,2017_08_DEN_KC,1656.6089,0.0
2017,8,DAL,2017_08_DAL_WAS,1621.5767,0.0
2017,8,ATL,2017_08_ATL_NYJ,1610.0202,0.0
2017,8,PIT,2017_08_PIT_DET,1604.4313,0.0
2017,8,MIN,2017_08_MIN_CLE,1602.6886,-73.2729
2017,8,PHI,2017_08_SF_PHI,1601.9178,0.0
2017,8,SEA,2017_08_HOU_SEA,1600.2266,0.0
2017,8,NO,2017_08_CHI_NO,1587.0107,0.0
2017,8,GB,2017_07_NO_GB,1582.6559,-191.8203
2017,8,BUF,2017_08_OAK_BUF,1562.6166,0.0
2017,8,WAS,2017_08_DAL_WAS,1548.0292,0.0
2017,8,CIN,2017_08_IND_CIN,1516.1534,0.0
2017,8,ARI,2017_07_ARI_LAR,1513.0418,0.0
2017,8,OAK,2017_08_OAK_BUF,1509.2671,0.0
2017,8,CAR,2017_08_CAR_TB,1504.6274,0.0
2017,8,DET,2017_08_PIT_DET,1500.6653,0.0
2017,8,BAL,2017_08_MIA_BAL,1497.0561,0.0
2017,8,TB,2017_08_CAR_TB,1493.5993,0.0
2017,8,DEN,2017_08_DEN_KC,1490.7913,0.0
2017,8,TEN,2017_07_TEN_CLE,1485.6826,0.0
2017,8,LAR,2017_07_ARI_LAR,1484.9477,0.0
2017,8,JAX,2017_07_JAX_IND,1479.836,0.0
2017,8,LAC,2017_08_LAC_NE,1478.4433,0.0
2017,8,HOU,2017_08_HOU_SEA,1468.2407,127.8715
2017,8,MIA,2017_08_MIA_BAL,1462.2857,51.8963
2017,8,NYG,2017_07_SEA_NYG,1461.3875,0.0
2017,8,NYJ,2017_08_ATL_NYJ,1458.8646,0.0
2017,8,CHI,2017_08_CHI_NO,1431.202,-14.6147
2017,8,SF,2017_08_SF_PHI,1371.8457,-52.2104
2017,8,IND,2017_08_IND_CIN,1355.8524,71.9777
2017,8,CLE,2017_08_MIN_CLE,1352.4913,0.0
2017,9,NE,2017_08_LAC_NE,1665.9325,0.0
2017,9,KC,2017_09_KC_DAL,1645.9883,0.0
2017,9,DAL,2017_09_KC_DAL,1632.9314,0.0
2017,9,ATL,2017_09_ATL_CAR,1620.3095,0.0
2017,9,PHI,2017_09_DEN_PHI,1615.4268,0.0
2017,9,PIT,2017_08_PIT_DET,1604.4313,0.0
2017,9,SEA,2017_09_WAS_SEA,1603.4611,0.0
2017,9,MIN,2017_08_MIN_CLE,1602.6886,-73.2729
2017,9,NO,2017_09_TB_NO,1591.9762,0.0
2017,9,GB,2017_09_DET_GB,1578.7312,-189.0212
2017,9,BUF,2017_09_BUF_NYJ,1574.5084,0.0
2017,9,BAL,2017_09_BAL_TEN,1534.8287,0.0
2017,9,WAS,2017_09_WAS_SEA,1525.9121,0.0
2017,9,LAR,2017_09_LAR_NYG,1524.8401,0.0
2017,9,JAX,2017_09_CIN_JAX,1517.0897,0.0
2017,9,CAR,2017_09_ATL_CAR,1516.5896,0.0
2017,9,CIN,2017_09_CIN_JAX,1507.3987,0.0
2017,9,DEN,2017_09_DEN_PHI,1498.5564,0.2621
2017,9,OAK,2017_09_OAK_MIA,1497.5629,0.0
2017,9,DET,2017_09_DET_GB,1494.7727,0.0
2017,9,TEN,2017_09_BAL_TEN,1485.3372,0.0
2017,9,HOU,2017_09_IND_HOU,1480.5619,0.0
2017,9,LAC,2017_08_LAC_NE,1478.4433,0.0
2017,9,ARI,2017_09_ARI_SF,1477.4973,-26.6098
2017,9,TB,2017_09_TB_NO,1473.1456,0.0
2017,9,NYJ,2017_09_BUF_NYJ,1450.4502,0.0
2017,9,NYG,2017_09_LAR_NYG,1436.115,0.0
2017,9,CHI,2017_08_CHI_NO,1431.202,-14.6147
2017,9,MIA,2017_09_OAK_MIA,1410.6227,0.0
2017,9,IND,2017_09_IND_HOU,1358.6615,76.5584
2017,9,CLE,2017_08_MIN_CLE,1352.4913,0.0
2017,9,SF,2017_09_ARI_SF,1351.7066,-64.9388
2017,10,NE,2017_10_NE_DEN,1658.3237,0.0
2017,10,KC,2017_09_KC_DAL,1645.9883,0.0
2017,10,DAL,2017_10_DAL_ATL,1645.9247,0.0
2017,10,PHI,2017_09_DEN_PHI,1615.4268,0.0
2017,10,MIN,2017_10_MIN_WAS,1613.1508,-67.3028
2017,10,PIT,2017_10_PIT_IND,1612.196,0.0
2017,10,NO,2017_10_NO_BUF,1610.144,0.0
2017,10,ATL,2017_10_DAL_ATL,1607.4843,0.0
2017,10,SEA,2017_10_SEA_ARI,1597.6997,0.0
2017,10,LAR,2017_10_HOU_LAR,1563.2554,0.0
2017,10,BUF,2017_10_NO_BUF,1562.0302,0.0
2017,10,GB,2017_10_GB_CHI,1557.7995,-173.7507
2017,10,JAX,2017_10_LAC_JAX,1544.3913,0.0
2017,10,BAL,2017_09_BAL_TEN,1534.8287,0.0
2017,10,CAR,2017_10_MIA_CAR,1530.5746,0.0
2017,10,WAS,2017_10_MIN_WAS,1525.176,0.0
2017,10,DET,2017_10_CLE_DET,1525.0953,0.0
2017,10,OAK,2017_09_OAK_MIA,1497.5629,0.0
2017,10,TEN,2017_10_CIN_TEN,1491.216,0.0
2017,10,LAC,2017_10_LAC_JAX,1485.7546,0.0
2017,10,CIN,2017_10_CIN_TEN,1485.0726,0.0
2017,10,ARI,2017_10_SEA_ARI,1483.2592,-27.7888
2017,10,DEN,2017_10_NE_DEN,1474.1852,-13.4504
2017,10,NYJ,2017_10_NYJ_TB,1468.999,0.0
2017,10,HOU,2017_10_HOU_LAR,1465.9217,0.0
2017,10,TB,2017_10_NYJ_TB,1452.6723,-28.2212
2017,10,CHI,2017_10_GB_CHI,1422.8432,-19.0801
2017,10,NYG,2017_10_NYG_SF,1410.4052,0.0
2017,10,MIA,2017_10_MIA_CAR,1405.9962,0.0
2017,10,IND,2017_10_PIT_IND,1368.8464,91.4512
2017,10,CLE,2017_10_CLE_DET,1348.89,0.0
2017,10,SF,2017_10_NYG_SF,1339.0565,-69.1986
2017,11,NE,2017_11_NE_OAK,1686.4186,0.0
2017,11,PHI,2017_11_PHI_DAL,1647.2982,0.0
2017,11,NO,2017_11_WAS_NO,1644.3539,0.0
2017,11,KC,2017_11_KC_NYG,1639.0107,0.0
2017,11,MIN,2017_11_LAR_MIN,1633.7068,-51.9254
2017,11,ATL,2017_11_ATL_SEA,1629.108,0.0
2017,11,DAL,2017_11_PHI_DAL,1619.7547,0.0
2017,11,PIT,2017_11_TEN_PIT,1603.974,0.0
2017,11,SEA,2017_11_ATL_SEA,1600.2004,0.0
2017,11,LAR,2017_11_LAR_MIN,1594.6959,0.0
2017,11,GB,2017_11_BAL_GB,1571.997,-162.3014
2017,11,JAX,2017_11_JAX_CLE,1539.3183,0.0
2017,11,CAR,2017_10_MIA_CAR,1530.5746,0.0
2017,11,BAL,2017_11_BAL_GB,1529.2626,0.0
2017,11,BUF,2017_11_BUF_LAC,1525.6984,-124.6239
2017,11,DET,2017_11_DET_CHI,1517.9911,0.0
2017,11,WAS,2017_11_WAS_NO,1515.5115,0.0
2017,11,OAK,2017_11_NE_OAK,1505.7965,0.0
2017,11,TEN,2017_11_TEN_PIT,1492.336,0.0
2017,11,LAC,2017_11_BUF_LAC,1488.4172,0.0
2017,11,ARI,2017_11_ARI_HOU,1481.0529,-20.8311
2017,11,CIN,2017_11_CIN_DEN,1479.7252,0.0
2017,11,NYJ,2017_10_NYJ_TB,1468.999,0.0
2017,11,TB,2017_11_TB_MIA,1460.9416,-34.4226
2017,11,DEN,2017_11_CIN_DEN,1455.7208,-12.3089
2017,11,HOU,2017_11_ARI_HOU,1439.1623,0.0
2017,11,CHI,2017_11_DET_CHI,1410.4927,-19.4522
2017,11,NYG,2017_11_KC_NYG,1397.7914,0.0
2017,11,MIA,2017_11_TB_MIA,1385.896,0.0
2017,11,IND,2017_10_PIT_IND,1368.8464,91.4512
2017,11,CLE,2017_11_JAX_CLE,1352.555,0.0
2017,11,SF,2017_10_NYG_SF,1339.0565,-69.1986
2017,12,NE,2017_12_MIA_NE,1704.522,0.0
2017,12,PHI,2017_12_CHI_PHI,1684.0219,0.0
2017,12,MIN,2017_12_MIN_DET,1658.3389,-34.4718
2017,12,NO,2017_12_NO_LAR,1641.0901,0.0
2017,12,ATL,2017_12_TB_ATL,1635.5372,0.0
2017,12,PIT,2017_12_GB_PIT,1624.5538,0.0
2017,12,KC,2017_12_BUF_KC,1624.4955,0.0
2017,12,SEA,2017_12_SEA_SF,1598.271,0.0
2017,12,LAR,2017_12_NO_LAR,1581.3792,0.0
2017,12,DAL,2017_12_LAC_DAL,1575.5626,0.0
2017,12,CAR,2017_12_CAR_NYJ,1566.0509,0.0
2017,12,JAX,2017_12_JAX_ARI,1545.2502,0.0
2017,12,BAL,2017_12_HOU_BAL,1542.025,0.0
2017,12,GB,2017_12_GB_PIT,1541.2099,-178.5046
2017,12,WAS,2017_12_NYG_WAS,1525.308,0.0
2017,12,LAC,2017_12_LAC_DAL,1515.5039,0.0
2017,12,DET,2017_12_MIN_DET,1514.25,0.0
2017,12,BUF,2017_12_BUF_KC,1499.1713,0.0
2017,12,OAK,2017_12_DEN_OAK,1491.2478,0.0
2017,12,CIN,2017_12_CLE_CIN,1480.2695,0.0
2017,12,TEN,2017_12_TEN_IND,1473.5289,0.0
2017,12,ARI,2017_12_JAX_ARI,1470.4549,-16.7994
2017,12,TB,2017_12_TB_ATL,1460.341,-24.2299
2017,12,NYJ,2017_12_CAR_NYJ,1458.4135,0.0
2017,12,HOU,2017_12_HOU_BAL,1455.1235,0.0
2017,12,DEN,2017_12_DEN_OAK,1451.0774,-15.7203
2017,12,CHI,2017_12_CHI_PHI,1424.1248,-7.1771
2017,12,NYG,2017_12_NYG_WAS,1409.3639,0.0
2017,12,MIA,2017_12_MIA_NE,1383.445,-4.033
2017,12,IND,2017_12_TEN_IND,1372.2611,92.9366
2017,12,SF,2017_12_SEA_SF,1360.6593,-42.8074
2017,12,CLE,2017_12_CLE_CIN,1334.7973,0.0
2017,13,PHI,2017_13_PHI_SEA,1717.3609,0.0
2017,13,NE,2017_13_NE_BUF,1715.2172,0.0
2017,13,MIN,2017_13_MIN_ATL,1674.4659,-21.4576
2017,13,ATL,2017_13_MIN_ATL,1649.0676,0.0
2017,13,NO,2017_13_CAR_NO,1631.2089,0.0
2017,13,PIT,2017_13_PIT_CIN,1619.3094,0.0
2017,13,KC,2017_13_KC_NYJ,1606.7407,0.0
2017,13,SEA,2017_13_PHI_SEA,1600.271,0.0
2017,13,LAR,2017_13_LAR_ARI,1599.9393,0.0
2017,13,CAR,2017_13_CAR_NO,1577.0056,0.0
2017,13,GB,2017_13_TB_GB,1555.5124,-161.4626
2017,13,LAC,2017_13_CLE_LAC,1554.2789,0.0
2017,13,BAL,2017_13_DET_BAL,1547.7496,0.0
2017,13,JAX,2017_13_IND_JAX,1542.7306,0.0
2017,13,DAL,2017_13_WAS_DAL,1536.9696,0.0
2017,13,WAS,2017_13_WAS_DAL,1525.1001,0.0
2017,13,BUF,2017_13_NE_BUF,1506.5243,0.0
2017,13,DET,2017_13_DET_BAL,1505.3975,0.0
2017,13,OAK,2017_13_NYG_OAK,1501.4193,0.0
2017,13,CIN,2017_13_PIT_CIN,1487.778,0.0
2017,13,TEN,2017_13_HOU_TEN,1477.686,0.0
2017,13,ARI,2017_13_LAR_ARI,1473.9633,-6.714
2017,13,TB,2017_13_TB_GB,1456.1735,0.0
2017,13,HOU,2017_13_HOU_TEN,1455.1384,0.0
2017,13,NYJ,2017_13_KC_NYJ,1452.7778,0.0
2017,13,DEN,2017_13_DEN_MIA,1439.4535,0.0
2017,13,CHI,2017_13_SF_CHI,1395.3794,-21.29
2017,13,NYG,2017_13_NYG_OAK,1395.2448,-25.1954
2017,13,MIA,2017_13_DEN_MIA,1373.0733,0.0
2017,13,IND,2017_13_IND_JAX,1360.6121,74.7777
2017,13,SF,2017_13_SF_CHI,1352.9441,-3.4382
2017,13,CLE,2017_13_CLE_LAC,1330.5913,0.0
2017,14,NE,2017_14_NE_MIA,1737.0902,0.0
2017,14,PHI,2017_14_PHI_LAR,1705.6879,0.0
2017,14,MIN,2017_14_MIN_CAR,1684.1365,-16.9094
2017,14,NO,2017_14_NO_ATL,1649.3961,0.0
2017,14,ATL,2017_14_NO_ATL,1638.1568,0.0
2017,14,PIT,2017_14_BAL_PIT,1623.2299,0.0
2017,14,SEA,2017_14_SEA_JAX,1622.3704,0.0
2017,14,LAR,2017_14_PHI_LAR,1615.4105,0.0
2017,14,KC,2017_14_OAK_KC,1602.2396,0.0
2017,14,BAL,2017_14_BAL_PIT,1573.1099,0.0
2017,14,GB,2017_14_GB_CLE,1565.2512,-163.9862
2017,14,CAR,2017_14_MIN_CAR,1561.6984,0.0
2017,14,JAX,2017_14_SEA_JAX,1560.0341,0.0
2017,14,DAL,2017_14_DAL_NYG,1557.9875,0.0
2017,14,LAC,2017_14_WAS_LAC,1553.6092,0.0
2017,14,OAK,2017_14_OAK_KC,1507.0241,0.0
2017,14,WAS,2017_14_WAS_LAC,1497.2121,0.0
2017,14,TEN,2017_14_TEN_ARI,1495.7954,0.0
2017,14,CIN,2017_14_CHI_CIN,1490.2119,0.0
2017,14,DET,2017_14_DET_TB,1483.533,0.0
2017,14,BUF,2017_14_IND_BUF,1478.3011,-130.1565
2017,14,NYJ,2017_14_NYJ_DEN,1477.8933,0.0
2017,14,ARI,2017_14_TEN_ARI,1454.8185,-28.6637
2017,14,TB,2017_14_DET_TB,1444.4,0.0
2017,14,HOU,2017_14_SF_HOU,1443.7771,0.0
2017,14,DEN,2017_14_NYJ_DEN,1405.6359,0.0
2017,14,NYG,2017_14_DAL_NYG,1388.7149,0.0
2017,14,MIA,2017_14_NE_MIA,1388.5808,0.0
2017,14,CHI,2017_14_CHI_CIN,1382.6891,-19.6938
2017,14,SF,2017_14_SF_HOU,1364.9467,-0.4533
2017,14,IND,2017_14_IND_BUF,1349.4394,70.9825
2017,14,CLE,2017_14_GB_CLE,1334.0206,0.0
2017,15,PHI,2017_15_PHI_NYG,1714.7125,-83.4336
2017,15,NE,2017_15_NE_PIT,1713.2277,0.0
2017,15,MIN,2017_15_CIN_MIN,1668.2014,-27.3248
2017,15,NO,2017_15_NYJ_NO,1645.1511,0.0
2017,15,ATL,2017_15_ATL_TB,1636.1521,0.0
2017,15,LAR,2017_15_LAR_SEA,1620.4789,0.0
2017,15,SEA,2017_15_LAR_SEA,1617.9055,0.0
2017,15,PIT,2017_15_NE_PIT,1614.3877,0.0
2017,15,KC,2017_15_LAC_KC,1609.497,0.0
2017,15,BAL,2017_15_BAL_CLE,1603.2604,0.0
2017,15,CAR,2017_15_GB_CAR,1582.0155,0.0
2017,15,DAL,2017_15_DAL_OAK,1579.8522,0.0
2017,15,JAX,2017_15_HOU_JAX,1573.5221,0.0
2017,15,GB,2017_15_GB_CAR,1573.5126,0.0
2017,15,LAC,2017_15_LAC_KC,1567.4149,0.0
2017,15,OAK,2017_15_DAL_OAK,1492.7032,0.0
2017,15,DET,2017_15_CHI_DET,1481.3411,0.0
2017,15,BUF,2017_15_MIA_BUF,1481.2846,0.0
2017,15,WAS,2017_15_ARI_WAS,1477.095,0.0
2017,15,TEN,2017_15_TEN_SF,1475.6045,0.0
2017,15,ARI,2017_15_ARI_WAS,1461.5777,-46.2009
2017,15,TB,2017_15_ATL_TB,1449.3849,0.0
2017,15,NYJ,2017_15_NYJ_NO,1449.1952,-138.8834
2017,15,CIN,2017_15_CIN_MIN,1446.3813,0.0
2017,15,DEN,2017_15_DEN_IND,1429.4274,0.0
2017,15,HOU,2017_15_HOU_JAX,1426.9419,-16.4636
2017,15,CHI,2017_15_CHI_DET,1425.8778,2.5667
2017,15,MIA,2017_15_MIA_BUF,1410.8157,0.0
2017,15,SF,2017_15_TEN_SF,1384.0493,0.3626
2017,15,NYG,2017_15_PHI_NYG,1363.3352,0.0
2017,15,IND,2017_15_DEN_IND,1338.9291,66.7583
2017,15,CLE,2017_15_BAL_CLE,1334.6967,0.0
2017,16,PHI,2017_16_OAK_PHI,1724.9959,-67.5612
2017,16,NE,2017_16_BUF_NE,1718.898,0.0
2017,16,MIN,2017_16_MIN_GB,1693.0546,-15.6401
2017,16,LAR,2017_16_LAR_TEN,1655.2314,0.0
2017,16,NO,2017_16_ATL_NO,1641.5001,0.0
2017,16,ATL,2017_16_ATL_NO,1632.2624,0.0
2017,16,KC,2017_16_MIA_KC,1625.1612,0.0
2017,16,BAL,2017_16_IND_BAL,1613.8678,0.0
2017,16,PIT,2017_16_PIT_HOU,1612.4907,0.0
2017,16,JAX,2017_16_JAX_SF,1609.6901,0.0
2017,16,CAR,2017_16_TB_CAR,1588.1657,0.0
2017,16,DAL,2017_16_SEA_DAL,1580.9712,0.0
2017,16,SEA,2017_16_SEA_DAL,1577.1663,0.0
2017,16,GB,2017_16_MIN_GB,1572.4047,-112.6017
2017,16,LAC,2017_16_LAC_NYJ,1551.9807,0.0
2017,16,DET,2017_16_DET_CIN,1490.3565,0.0
2017,16,OAK,2017_16_OAK_PHI,1489.6477,0.0
2017,16,BUF,2017_16_BUF_NE,1484.6078,0.0
2017,16,TEN,2017_16_LAR_TEN,1478.2422,0.0
2017,16,WAS,2017_16_DEN_WAS,1473.7576,0.0
2017,16,TB,2017_16_TB_CAR,1460.1881,0.0
2017,16,ARI,2017_16_NYG_ARI,1456.0348,-25.3584
2017,16,NYJ,2017_16_LAC_NYJ,1451.3077,-140.0275
2017,16,DEN,2017_16_DEN_WAS,1443.3479,20.7438
2017,16,CHI,2017_16_CLE_CHI,1415.043,-0.1606
2017,16,CIN,2017_16_DET_CIN,1412.2793,0.0
2017,16,MIA,2017_16_MIA_KC,1409.6857,0.0
2017,16,HOU,2017_16_PIT_HOU,1399.5317,-25.9484
2017,16,SF,2017_16_JAX_SF,1393.2578,17.123
2017,16,NYG,2017_16_NYG_ARI,1360.3853,0.0
2017,16,IND,2017_16_IND_BAL,1325.9185,74.4921
2017,16,CLE,2017_16_CLE_CHI,1319.9253,0.0
2017,17,NE,2017_17_NYJ_NE,1738.2715,0.0
2017,17,PHI,2017_17_DAL_PHI,1708.1724,-80.7682
2017,17,MIN,2017_17_CHI_MIN,1704.0999,-35.1717
2017,17,LAR,2017_17_SF_LAR,1663.551,-71.8941
2017,17,NO,2017_17_NO_TB,1643.0391,0.0
2017,17,PIT,2017_17_CLE_PIT,1635.0227,-149.023
2017,17,KC,2017_17_KC_DEN,1633.8979,-111.5149
2017,17,ATL,2017_17_CAR_ATL,1621.5501,0.0
2017,17,BAL,2017_17_CIN_BAL,1614.1477,0.0
2017,17,JAX,2017_17_JAX_TEN,1590.1781,0.0
2017,17,CAR,2017_17_CAR_ATL,1580.5092,0.0
2017,17,SEA,2017_17_ARI_SEA,1578.9921,0.0
2017,17,DAL,2017_17_DAL_PHI,1573.3008,0.0
2017,17,LAC,2017_17_OAK_LAC,1549.6355,0.0
2017,17,GB,2017_17_GB_DET,1549.4956,-123.7584
2017,17,OAK,2017_17_OAK_LAC,1491.5763,0.0
2017,17,WAS,2017_17_WAS_NYG,1485.6428,0.0
2017,17,DET,2017_17_GB_DET,1480.8013,0.0
2017,17,TEN,2017_17_JAX_TEN,1472.3178,0.0
2017,17,TB,2017_17_NO_TB,1471.5628,0.0
2017,17,ARI,2017_17_ARI_SEA,1470.3584,-33.5565
2017,17,BUF,2017_17_BUF_MIA,1463.9038,0.0
2017,17,NYJ,2017_17_NYJ_NE,1454.0107,-141.5259
2017,17,DEN,2017_17_KC_DEN,1428.4989,-5.9651
2017,17,CHI,2017_17_CHI_MIN,1426.067,-1.9718
2017,17,SF,2017_17_SF_LAR,1421.4824,33.8757
2017,17,CIN,2017_17_CIN_BAL,1419.7159,0.0
2017,17,MIA,2017_17_BUF_MIA,1406.9839,0.0
2017,17,HOU,2017_17_HOU_IND,1378.4132,-39.1186
2017,17,NYG,2017_17_WAS_NYG,1332.574,0.0
2017,17,IND,2017_17_HOU_IND,1329.8974,77.4117
2017,17,CLE,2017_17_CLE_PIT,1304.479,0.0
2018,1,NE,2018_01_HOU_NE,1683.4937,0.0
2018,1,PIT,2018_01_PIT_CLE,1616.1792,0.0
2018,1,NO,2018_01_TB_NO,1613.9058,0.0
2018,1,MIN,2018_01_SF_MIN,1612.0706,0.0
2018,1,PHI,2018_01_ATL_PHI,1611.3427,0.0
2018,1,ATL,2018_01_ATL_PHI,1586.7952,0.0
2018,1,LAR,2018_01_LAR_OAK,1584.6869,0.0
2018,1,KC,2018_01_KC_LAC,1575.2076,0.0
2018,1,BAL,2018_01_BUF_BAL,1570.5565,0.0
2018,1,DAL,2018_01_DAL_CAR,1564.8418,0.0
2018,1,LAC,2018_01_KC_LAC,1558.9055,0.0
2018,1,SEA,2018_01_SEA_DEN,1556.1619,0.0
2018,1,CAR,2018_01_DAL_CAR,1549.8776,0.0
2018,1,GB,2018_01_CHI_GB,1546.2946,0.0
2018,1,JAX,2018_01_JAX_NYG,1545.4985,0.0
2018,1,DET,2018_01_NYJ_DET,1524.0516,0.0
2018,1,WAS,2018_01_WAS_ARI,1505.2442,0.0
2018,1,ARI,2018_01_WAS_ARI,1498.294,0.0
2018,1,OAK,2018_01_LAR_OAK,1498.2752,0.0
2018,1,TEN,2018_01_TEN_MIA,1490.6592,0.0
2018,1,SF,2018_01_SF_MIN,1488.0775,0.0
2018,1,TB,2018_01_TB_NO,1480.2891,0.0
2018,1,CIN,2018_01_CIN_IND,1466.1726,0.0
2018,1,MIA,2018_01_TEN_MIA,1462.5495,0.0
2018,1,DEN,2018_01_SEA_DEN,1460.8873,0.0
2018,1,NYJ,2018_01_NYJ_DET,1459.5891,0.0
2018,1,IND,2018_01_CIN_IND,1454.3893,0.0
2018,1,HOU,2018_01_HOU_NE,1450.0047,0.0
2018,1,CHI,2018_01_CHI_GB,1449.2898,0.0
2018,1,BUF,2018_01_BUF_BAL,1439.0557,0.0
2018,1,NYG,2018_01_JAX_NYG,1408.195,0.0
2018,1,CLE,2018_01_PIT_CLE,1399.7505,0.0
2018,2,NE,2018_02_NE_JAX,1679.0128,0.0
2018,2,BAL,2018_02_BAL_CIN,1620.2626,0.0
2018,2,PHI,2018_02_PHI_TB,1612.6808,0.0
2018,2,NO,2018_02_CLE_NO,1607.8491,0.0
2018,2,LAR,2018_02_ARI_LAR,1607.2267,0.0
2018,2,PIT,2018_02_KC_PIT,1605.4071,0.0
2018,2,MIN,2018_02_MIN_GB,1599.3046,0.0
2018,2,KC,2018_02_KC_PIT,1587.0836,0.0
2018,2,ATL,2018_02_CAR_ATL,1581.3876,0.0
2018,2,CAR,2018_02_CAR_ATL,1563.8298,0.0
2018,2,LAC,2018_02_LAC_BUF,1555.6532,0.0
2018,2,SEA,2018_02_SEA_CHI,1555.0115,0.0
2018,2,JAX,2018_02_NE_JAX,1548.0948,0.0
2018,2,DAL,2018_02_NYG_DAL,1545.6279,0.0
2018,2,GB,2018_02_MIN_GB,1539.0237,0.0
2018,2,WAS,2018_02_IND_WAS,1528.1664,0.0
2018,2,TB,2018_02_PHI_TB,1503.8043,0.0
2018,2,NYJ,2018_02_MIA_NYJ,1497.9816,0.0
2018,2,SF,2018_02_DET_SF,1492.6497,0.0
2018,2,CIN,2018_02_BAL_CIN,1484.2389,0.0
2018,2,MIA,2018_02_MIA_NYJ,1475.7605,0.0
2018,2,OAK,2018_02_OAK_DEN,1474.6325,0.0
2018,2,ARI,2018_02_ARI_LAR,1474.491,0.0
2018,2,TEN,2018_02_HOU_TEN,1474.2248,-52.0705
2018,2,DET,2018_02_DET_SF,1472.6881,0.0
2018,2,DEN,2018_02_OAK_DEN,1463.4747,0.0
2018,2,CHI,2018_02_SEA_CHI,1455.0822,0.0
2018,2,HOU,2018_02_HOU_TEN,1452.4882,0.0
2018,2,IND,2018_02_IND_WAS,1440.2855,0.0
2018,2,NYG,2018_02_NYG_DAL,1401.3126,0.0
2018,2,CLE,2018_02_CLE_NO,1400.1495,0.0
2018,2,BUF,2018_02_LAC_BUF,1386.8604,93.366
2018,3,NE,2018_03_NE_DET,1660.7086,0.0
2018,3,LAR,2018_03_LAC_LAR,1634.5895,0.0
2018,3,KC,2018_03_SF_KC,1619.7161,0.0
2018,3,BAL,2018_03_DEN_BAL,1609.4773,0.0
2018,3,PHI,2018_03_IND_PHI,1604.8832,55.4096
2018,3,NO,2018_03_NO_ATL,1601.1154,0.0
2018,3,MIN,2018_03_BUF_MIN,1594.2577,0.0
2018,3,ATL,2018_03_NO_ATL,1591.264,0.0
2018,3,PIT,2018_03_PIT_TB,1585.7878,0.0
2018,3,JAX,2018_03_TEN_JAX,1573.9489,0.0
2018,3,LAC,2018_03_LAC_LAR,1572.4976,0.0
2018,3,CAR,2018_03_CIN_CAR,1565.4063,0.0
2018,3,DAL,2018_03_DAL_SEA,1547.8376,0.0
2018,3,GB,2018_03_GB_WAS,1545.7267,0.0
2018,3,SEA,2018_03_DAL_SEA,1539.143,0.0
2018,3,TB,2018_03_PIT_TB,1516.9297,0.0
2018,3,WAS,2018_03_GB_WAS,1505.4095,0.0
2018,3,SF,2018_03_SF_KC,1505.0914,0.0
2018,3,CIN,2018_03_CIN_CAR,1504.2026,0.0
2018,3,MIA,2018_03_OAK_MIA,1489.2533,0.0
2018,3,NYJ,2018_03_NYJ_CLE,1483.8541,0.0
2018,3,TEN,2018_03_TEN_JAX,1474.5701,-53.0819
2018,3,OAK,2018_03_OAK_MIA,1473.9391,0.0
2018,3,DET,2018_03_NE_DET,1469.6961,0.0
2018,3,DEN,2018_03_DEN_BAL,1469.174,0.0
2018,3,CHI,2018_03_CHI_ARI,1466.3308,0.0
2018,3,IND,2018_03_IND_PHI,1460.7109,0.0
2018,3,HOU,2018_03_NYG_HOU,1456.4744,0.0
2018,3,ARI,2018_03_CHI_ARI,1445.934,0.0
2018,3,CLE,2018_03_NYJ_CLE,1401.8757,0.0
2018,3,NYG,2018_03_NYG_HOU,1398.4884,0.0
2018,3,BUF,2018_03_BUF_MIN,1371.8128,82.3643
2018,4,LAR,2018_04_MIN_LAR,1648.5009,0.0
2018,4,KC,2018_04_KC_DEN,1637.4787,0.0
2018,4,NE,2018_04_MIA_NE,1634.9307,0.0
2018,4,NO,2018_04_NO_NYG,1621.71,0.0
2018,4,BAL,2018_04_BAL_PIT,1618.3429,0.0
2018,4,PHI,2018_04_PHI_TEN,1597.3296,43.3308
2018,4,PIT,2018_04_BAL_PIT,1587.146,0.0
2018,4,ATL,2018_04_CIN_ATL,1584.5196,0.0
2018,4,LAC,2018_04_SF_LAC,1568.1724,0.0
2018,4,CAR,2018_03_CIN_CAR,1565.4063,0.0
2018,4,JAX,2018_04_NYJ_JAX,1556.6605,0.0
2018,4,SEA,2018_04_SEA_ARI,1552.7534,0.0
2018,4,MIN,2018_04_MIN_LAR,1551.8914,0.0
2018,4,DAL,2018_04_DET_DAL,1534.0465,0.0
2018,4,GB,2018_04_BUF_GB,1531.1758,0.0
2018,4,TB,2018_04_TB_CHI,1517.3661,0.0
2018,4,WAS,2018_03_GB_WAS,1505.4095,0.0
2018,4,SF,2018_04_SF_LAC,1502.6681,-57.9845
2018,4,CIN,2018_04_CIN_ATL,1501.847,0.0
2018,4,MIA,2018_04_MIA_NE,1499.8155,0.0
2018,4,DET,2018_04_DET_DAL,1492.2586,0.0
2018,4,TEN,2018_04_PHI_TEN,1486.4985,0.0
2018,4,NYJ,2018_04_NYJ_JAX,1480.9921,0.0
2018,4,OAK,2018_04_CLE_OAK,1472.9005,0.0
2018,4,CHI,2018_04_TB_CHI,1470.0883,0.0
2018,4,DEN,2018_04_KC_DEN,1461.8029,0.0
2018,4,IND,2018_04_HOU_IND,1461.4182,0.0
2018,4,HOU,2018_04_HOU_IND,1458.7003,0.0
2018,4,ARI,2018_04_SEA_ARI,1438.1341,-32.4308
2018,4,NYG,2018_04_NO_NYG,1405.9485,0.0
2018,4,BUF,2018_04_BUF_GB,1401.143,99.8446
2018,4,CLE,2018_04_CLE_OAK,1400.3352,-4.4616
2018,5,LAR,2018_05_LAR_SEA,1666.6918,0.0
2018,5,NE,2018_05_IND_NE,1662.3852,0.0
2018,5,KC,2018_05_JAX_KC,1644.6791,0.0
2018,5,BAL,2018_05_BAL_CLE,1643.5328,0.0
2018,5,NO,2018_05_WAS_NO,1641.1742,0.0
2018,5,PHI,2018_05_MIN_PHI,1589.4622,49.9071
2018,5,ATL,2018_05_ATL_PIT,1582.7901,0.0
2018,5,JAX,2018_05_JAX_KC,1580.6153,0.0
2018,5,CAR,2018_05_NYG_CAR,1569.7004,0.0
2018,5,PIT,2018_05_ATL_PIT,1560.9633,0.0
2018,5,LAC,2018_05_OAK_LAC,1558.465,0.0
2018,5,GB,2018_05_GB_DET,1552.3808,0.0
2018,5,MIN,2018_05_MIN_PHI,1551.2476,0.0
2018,5,SEA,2018_05_LAR_SEA,1547.0494,0.0
2018,5,DAL,2018_05_DAL_HOU,1537.0713,0.0
2018,5,WAS,2018_05_WAS_NO,1521.3608,0.0
2018,5,TB,2018_04_TB_CHI,1517.3661,0.0
2018,5,CIN,2018_05_MIA_CIN,1516.6783,0.0
2018,5,SF,2018_05_ARI_SF,1507.1919,-47.268
2018,5,TEN,2018_05_TEN_BUF,1500.1674,0.0
2018,5,DET,2018_05_GB_DET,1498.4647,0.0
2018,5,MIA,2018_05_MIA_CIN,1472.4218,0.0
2018,5,CHI,2018_04_TB_CHI,1470.0883,0.0
2018,5,HOU,2018_05_DAL_HOU,1466.277,0.0
2018,5,OAK,2018_05_OAK_LAC,1463.2672,0.0
2018,5,NYJ,2018_05_DEN_NYJ,1458.6125,0.0
2018,5,IND,2018_05_IND_NE,1457.6631,0.0
2018,5,DEN,2018_05_DEN_NYJ,1457.0421,0.0
2018,5,ARI,2018_05_ARI_SF,1440.7202,-27.5175
2018,5,CLE,2018_05_BAL_CLE,1405.4371,-8.7071
2018,5,NYG,2018_05_NYG_CAR,1391.2901,0.0
2018,5,BUF,2018_05_TEN_BUF,1370.6525,65.5028
2018,6,LAR,2018_06_LAR_DEN,1683.1467,0.0
2018,6,NE,2018_06_KC_NE,1667.4005,0.0
2018,6,KC,2018_06_KC_NE,1660.5012,0.0
2018,6,NO,2018_05_WAS_NO,1641.1742,0.0
2018,6,BAL,2018_06_BAL_TEN,1637.3318,0.0
2018,6,PIT,2018_06_PIT_CIN,1593.1772,0.0
2018,6,PHI,2018_06_PHI_NYG,1579.9294,57.529
2018,6,LAC,2018_06_LAC_CLE,1574.4566,0.0
2018,6,JAX,2018_06_JAX_DAL,1572.3227,0.0
2018,6,CAR,2018_06_CAR_WAS,1565.6253,0.0
2018,6,MIN,2018_06_ARI_MIN,1560.3234,0.0
2018,6,ATL,2018_06_TB_ATL,1556.0903,0.0
2018,6,GB,2018_06_SF_GB,1548.3739,0.0
2018,6,SEA,2018_06_SEA_OAK,1544.899,0.0
2018,6,DAL,2018_06_JAX_DAL,1525.1929,0.0
2018,6,CIN,2018_06_PIT_CIN,1523.041,0.0
2018,6,CHI,2018_06_CHI_MIA,1518.2319,0.0
2018,6,SF,2018_06_SF_GB,1505.9456,-36.4961
2018,6,TEN,2018_06_BAL_TEN,1501.7587,0.0
2018,6,DET,2018_05_GB_DET,1498.4647,0.0
2018,6,WAS,2018_06_CAR_WAS,1490.1555,0.0
2018,6,TB,2018_06_TB_ATL,1482.6446,-42.2618
2018,6,HOU,2018_06_BUF_HOU,1476.2884,0.0
2018,6,NYJ,2018_06_IND_NYJ,1473.6559,0.0
2018,6,MIA,2018_06_CHI_MIA,1460.9966,-53.1375
2018,6,IND,2018_06_IND_NYJ,1456.4854,0.0
2018,6,OAK,2018_06_SEA_OAK,1452.6264,0.0
2018,6,DEN,2018_06_LAR_DEN,1441.6572,0.0
2018,6,ARI,2018_06_ARI_MIN,1441.5557,-36.0052
2018,6,CLE,2018_06_LAC_CLE,1408.8715,-5.4171
2018,6,NYG,2018_06_PHI_NYG,1404.9893,0.0
2018,6,BUF,2018_06_BUF_HOU,1363.4139,60.7583
2018,7,NO,2018_07_NO_BAL,1680.6943,0.0
2018,7,LAR,2018_07_LAR_SF,1679.9818,0.0
2018,7,KC,2018_07_CIN_KC,1669.8849,0.0
2018,7,NE,2018_07_NE_CHI,1669.3889,0.0
2018,7,BAL,2018_07_NO_BAL,1664.5067,0.0
2018,7,PHI,2018_07_CAR_PHI,1595.4313,72.202
2018,7,PIT,2018_06_PIT_CIN,1593.1772,0.0
2018,7,LAC,2018_07_TEN_LAC,1591.9546,0.0
2018,7,DAL,2018_07_DAL_WAS,1564.8783,0.0
2018,7,CAR,2018_07_CAR_PHI,1562.4905,0.0
2018,7,MIN,2018_07_MIN_NYJ,1562.4613,0.0
2018,7,ATL,2018_07_NYG_ATL,1557.9541,0.0
2018,7,GB,2018_06_SF_GB,1548.3739,0.0
2018,7,SEA,2018_06_SEA_OAK,1544.899,0.0
2018,7,JAX,2018_07_HOU_JAX,1533.2886,0.0
2018,7,CHI,2018_07_NE_CHI,1522.8503,0.0
2018,7,SF,2018_07_LAR_SF,1518.358,-26.5174
2018,7,CIN,2018_07_CIN_KC,1517.1379,0.0
2018,7,DET,2018_07_DET_MIA,1504.7987,0.0
2018,7,WAS,2018_07_DAL_WAS,1494.7992,0.0
2018,7,TB,2018_07_CLE_TB,1493.1656,-23.9597
2018,7,HOU,2018_07_HOU_JAX,1478.5932,0.0
2018,7,NYJ,2018_07_MIN_NYJ,1478.4821,0.0
2018,7,TEN,2018_07_TEN_LAC,1470.595,0.0
2018,7,MIA,2018_07_DET_MIA,1468.3856,-30.9012
2018,7,IND,2018_07_BUF_IND,1456.3884,0.0
2018,7,OAK,2018_06_SEA_OAK,1452.6264,0.0
2018,7,DEN,2018_07_DEN_ARI,1447.1197,0.0
2018,7,ARI,2018_07_DEN_ARI,1429.7081,-44.2848
2018,7,NYG,2018_07_NYG_ATL,1385.0532,0.0
2018,7,CLE,2018_07_CLE_TB,1380.0637,-24.9477
2018,7,BUF,2018_07_BUF_IND,1352.0623,82.3405
2018,8,KC,2018_08_DEN_KC,1714.426,0.0
2018,8,LAR,2018_08_GB_LAR,1704.6838,0.0
2018,8,NO,2018_08_NO_MIN,1695.76,0.0
2018,8,NE,2018_08_NE_BUF,1680.8004,0.0
2018,8,BAL,2018_08_BAL_CAR,1665.7347,0.0
2018,8,PIT,2018_08_CLE_PIT,1608.5087,0.0
2018,8,LAC,2018_07_TEN_LAC,1591.9546,0.0
2018,8,PHI,2018_08_PHI_JAX,1591.4267,77.7157
2018,8,MIN,2018_08_NO_MIN,1578.2713,0.0
2018,8,CAR,2018_08_BAL_CAR,1573.4176,0.0
2018,8,SEA,2018_08_SEA_DET,1569.9042,0.0
2018,8,DAL,2018_07_DAL_WAS,1564.8783,0.0
2018,8,ATL,2018_07_NYG_ATL,1557.9541,0.0
2018,8,GB,2018_08_GB_LAR,1543.1907,0.0
2018,8,DET,2018_08_SEA_DET,1519.375,0.0
2018,8,CHI,2018_08_NYJ_CHI,1515.6221,0.0
2018,8,JAX,2018_08_PHI_JAX,1504.681,0.0
2018,8,HOU,2018_08_MIA_HOU,1500.8579,0.0
2018,8,WAS,2018_08_WAS_NYG,1494.005,0.0
2018,8,TB,2018_08_TB_CIN,1493.274,-23.0409
2018,8,SF,2018_08_SF_ARI,1486.8627,-49.6772
2018,8,IND,2018_08_IND_OAK,1484.3384,0.0
2018,8,DEN,2018_08_DEN_KC,1482.9773,0.0
2018,8,CIN,2018_08_TB_CIN,1479.65,0.0
2018,8,TEN,2018_07_TEN_LAC,1470.595,0.0
2018,8,MIA,2018_08_MIA_HOU,1465.3014,-25.9149
2018,8,NYJ,2018_08_NYJ_CHI,1453.9974,0.0
2018,8,OAK,2018_08_IND_OAK,1424.8047,0.0
2018,8,NYG,2018_08_WAS_NYG,1389.2538,0.0
2018,8,CLE,2018_08_CLE_PIT,1379.4001,-21.0117
2018,8,ARI,2018_08_SF_ARI,1378.8703,-66.6261
2018,8,BUF,2018_08_NE_BUF,1314.1374,65.0909
2018,9,KC,2018_09_KC_CLE,1719.4251,0.0
2018,9,NO,2018_09_LAR_NO,1703.2502,0.0
2018,9,LAR,2018_09_LAR_NO,1701.8207,0.0
2018,9,NE,2018_09_GB_NE,1691.9011,0.0
2018,9,BAL,2018_09_PIT_BAL,1650.7075,0.0
2018,9,PIT,2018_09_PIT_BAL,1614.1947,0.0
2018,9,CAR,2018_09_TB_CAR,1596.6136,0.0
2018,9,LAC,2018_09_LAC_SEA,1591.8957,0.0
2018,9,PHI,2018_08_PHI_JAX,1591.4267,77.7157
2018,9,SEA,2018_09_LAC_SEA,1584.9617,0.0
2018,9,MIN,2018_09_DET_MIN,1571.974,0.0
2018,9,ATL,2018_09_ATL_WAS,1563.8596,0.0
2018,9,DAL,2018_09_TEN_DAL,1561.7482,0.0
2018,9,GB,2018_09_GB_NE,1549.3433,0.0
2018,9,CHI,2018_09_CHI_BUF,1530.9579,0.0
2018,9,HOU,2018_09_HOU_DEN,1518.21,0.0
2018,9,DET,2018_09_DET_MIN,1509.6357,0.0
2018,9,JAX,2018_08_PHI_JAX,1504.681,0.0
2018,9,WAS,2018_09_ATL_WAS,1502.4916,0.0
2018,9,TB,2018_09_TB_CAR,1501.3599,0.0
2018,9,DEN,2018_09_HOU_DEN,1485.0626,0.0
2018,9,IND,2018_08_IND_OAK,1484.3384,0.0
2018,9,TEN,2018_09_TEN_DAL,1480.9055,0.0
2018,9,CIN,2018_08_TB_CIN,1479.65,0.0
2018,9,SF,2018_09_OAK_SF,1475.1558,-132.7462
2018,9,MIA,2018_09_NYJ_MIA,1454.0142,-34.2523
2018,9,NYJ,2018_09_NYJ_MIA,1445.4206,0.0
2018,9,OAK,2018_09_OAK_SF,1420.0798,0.0
2018,9,NYG,2018_08_WAS_NYG,1389.2538,0.0
2018,9,ARI,2018_08_SF_ARI,1378.8703,-66.6261
2018,9,CLE,2018_09_KC_CLE,1370.6975,-19.6258
2018,9,BUF,2018_09_CHI_BUF,1293.3459,0.0
2018,10,KC,2018_10_ARI_KC,1735.1163,0.0
2018,10,NO,2018_10_NO_CIN,1729.0272,0.0
2018,10,NE,2018_10_NE_TEN,1707.6096,0.0
2018,10,LAR,2018_10_SEA_LAR,1694.252,0.0
2018,10,BAL,2018_09_PIT_BAL,1650.7075,0.0
2018,10,PIT,2018_10_CAR_PIT,1628.7695,0.0
2018,10,CAR,2018_10_CAR_PIT,1614.3587,0.0
2018,10,ATL,2018_10_ATL_CLE,1604.9112,0.0
2018,10,LAC,2018_10_LAC_OAK,1604.0743,0.0
2018,10,PHI,2018_10_DAL_PHI,1598.7957,80.0704
2018,10,MIN,2018_09_DET_MIN,1571.974,0.0
2018,10,SEA,2018_10_SEA_LAR,1571.7254,0.0
2018,10,CHI,2018_10_DET_CHI,1541.2854,0.0
2018,10,GB,2018_10_MIA_GB,1539.7926,0.0
2018,10,DAL,2018_10_DAL_PHI,1534.6443,0.0
2018,10,HOU,2018_09_HOU_DEN,1518.21,0.0
2018,10,SF,2018_10_NYG_SF,1512.0947,-105.446
2018,10,TEN,2018_10_NE_TEN,1506.3616,0.0
2018,10,JAX,2018_10_JAX_IND,1502.2556,0.0
2018,10,IND,2018_10_JAX_IND,1497.9327,0.0
2018,10,DET,2018_10_DET_CHI,1494.0034,0.0
2018,10,TB,2018_10_WAS_TB,1489.8973,0.0
2018,10,DEN,2018_09_HOU_DEN,1485.0626,0.0
2018,10,CIN,2018_10_NO_CIN,1478.1734,0.0
2018,10,WAS,2018_10_WAS_TB,1467.9459,0.0
2018,10,MIA,2018_10_MIA_GB,1453.1917,-47.8032
2018,10,NYJ,2018_10_BUF_NYJ,1434.2529,59.7164
2018,10,ARI,2018_10_ARI_KC,1387.1534,-63.7556
2018,10,OAK,2018_10_LAC_OAK,1385.5866,0.0
2018,10,NYG,2018_10_NYG_SF,1381.4715,0.0
2018,10,CLE,2018_10_ATL_CLE,1370.6018,-7.6723
2018,10,BUF,2018_10_BUF_NYJ,1278.2296,80.8277
2018,11,NO,2018_11_PHI_NO,1765.78,0.0
2018,11,KC,2018_11_KC_LAR,1737.8683,0.0
2018,11,NE,2018_10_NE_TEN,1707.6096,0.0
2018,11,LAR,2018_11_KC_LAR,1700.3624,0.0
2018,11,PIT,2018_11_PIT_JAX,1661.0747,0.0
2018,11,BAL,2018_11_CIN_BAL,1643.1298,-54.0681
2018,11,LAC,2018_11_DEN_LAC,1604.2707,0.0
2018,11,CAR,2018_11_CAR_DET,1592.0874,0.0
2018,11,ATL,2018_11_DAL_ATL,1590.0836,0.0
2018,11,MIN,2018_11_MIN_CHI,1582.8024,0.0
2018,11,SEA,2018_11_GB_SEA,1577.3853,0.0
2018,11,PHI,2018_11_PHI_NO,1576.6954,86.5022
2018,11,DAL,2018_11_DAL_ATL,1559.7129,0.0
2018,11,GB,2018_11_GB_SEA,1555.2905,0.0
2018,11,CHI,2018_11_MIN_CHI,1552.4914,0.0
2018,11,TEN,2018_11_TEN_IND,1540.4554,0.0
2018,11,HOU,2018_11_HOU_WAS,1517.7584,0.0
2018,11,SF,2018_10_NYG_SF,1512.0947,-105.446
2018,11,JAX,2018_11_PIT_JAX,1509.2843,0.0
2018,11,IND,2018_11_TEN_IND,1501.3417,0.0
2018,11,DEN,2018_11_DEN_LAC,1491.1874,0.0
2018,11,DET,2018_11_CAR_DET,1488.7681,0.0
2018,11,WAS,2018_11_HOU_WAS,1479.0467,0.0
2018,11,TB,2018_11_TB_NYG,1475.314,0.0
2018,11,MIA,2018_10_MIA_GB,1453.1917,-47.8032
2018,11,CIN,2018_11_CIN_BAL,1450.6272,0.0
2018,11,NYJ,2018_10_BUF_NYJ,1434.2529,59.7164
2018,11,ARI,2018_11_OAK_ARI,1387.0384,-79.1752
2018,11,NYG,2018_11_TB_NYG,1386.0179,0.0
2018,11,OAK,2018_11_OAK_ARI,1380.4586,0.0
2018,11,CLE,2018_10_ATL_CLE,1370.6018,-7.6723
2018,11,BUF,2018_10_BUF_NYJ,1278.2296,80.8277
2018,12,NO,2018_12_ATL_NO,1822.553,0.0
2018,12,KC,2018_11_KC_LAR,1737.8683,0.0
2018,12,LAR,2018_11_KC_LAR,1700.3624,0.0
2018,12,NE,2018_12_NE_NYJ,1676.0551,0.0
2018,12,PIT,2018_12_PIT_DEN,1650.2167,0.0
2018,12,BAL,2018_12_OAK_BAL,1638.6495,-52.9463
2018,12,LAC,2018_12_ARI_LAC,1597.6506,0.0
2018,12,CAR,2018_12_SEA_CAR,1590.3972,0.0
2018,12,SEA,2018_12_SEA_CAR,1585.1322,0.0
2018,12,ATL,2018_12_ATL_NO,1579.7827,0.0
2018,12,MIN,2018_12_GB_MIN,1578.3077,0.0
2018,12,DAL,2018_12_WAS_DAL,1570.5514,0.0
2018,12,CHI,2018_12_CHI_DET,1563.1027,-185.0724
2018,12,GB,2018_12_GB_MIN,1551.0252,0.0
2018,12,IND,2018_12_MIA_IND,1548.689,0.0
2018,12,PHI,2018_12_NYG_PHI,1524.8628,50.6194
2018,12,HOU,2018_12_TEN_HOU,1524.8113,0.0
2018,12,SF,2018_12_SF_TB,1510.2053,-95.0168
2018,12,JAX,2018_12_JAX_BUF,1509.6078,0.0
2018,12,DEN,2018_12_PIT_DEN,1501.329,0.0
2018,12,TEN,2018_12_TEN_HOU,1498.9284,0.0
2018,12,DET,2018_12_CHI_DET,1492.1665,0.0
2018,12,TB,2018_12_SF_TB,1480.2113,-35.2602
2018,12,WAS,2018_12_WAS_DAL,1464.9579,-63.1768
2018,12,CIN,2018_12_CLE_CIN,1453.2989,0.0
2018,12,MIA,2018_12_MIA_IND,1444.4897,0.0
2018,12,CLE,2018_12_CLE_CIN,1392.2259,10.9284
2018,12,NYG,2018_12_NYG_PHI,1391.6455,0.0
2018,12,NYJ,2018_12_NE_NYJ,1384.6823,34.2488
2018,12,OAK,2018_12_OAK_BAL,1381.6694,0.0
2018,12,ARI,2018_12_ARI_LAC,1379.8314,-84.0045
2018,12,BUF,2018_12_JAX_BUF,1322.0753,76.6032
2018,13,NO,2018_13_NO_DAL,1833.1667,0.0
2018,13,KC,2018_13_KC_OAK,1741.8339,0.0
2018,13,LAR,2018_13_LAR_DET,1704.9519,0.0
2018,13,NE,2018_13_MIN_NE,1684.0498,0.0
2018,13,BAL,2018_13_BAL_ATL,1653.2758,-47.2431
2018,13,PIT,2018_13_LAC_PIT,1645.408,0.0
2018,13,LAC,2018_13_LAC_PIT,1629.814,0.0
2018,13,SEA,2018_13_SF_SEA,1594.5969,0.0
2018,13,CAR,2018_13_CAR_TB,1593.3259,0.0
2018,13,MIN,2018_13_MIN_NE,1583.175,0.0
2018,13,CHI,2018_13_CHI_NYG,1577.1276,-171.7529
2018,13,DAL,2018_13_NO_DAL,1573.6742,0.0
2018,13,ATL,2018_13_BAL_ATL,1573.3708,0.0
2018,13,IND,2018_13_IND_JAX,1548.8956,0.0
2018,13,HOU,2018_13_CLE_HOU,1546.0679,0.0
2018,13,GB,2018_13_ARI_GB,1542.4437,0.0
2018,13,PHI,2018_13_WAS_PHI,1512.2072,45.4621
2018,13,DEN,2018_13_DEN_CIN,1509.3188,0.0
2018,13,JAX,2018_13_IND_JAX,1504.1629,-80.3933
2018,13,SF,2018_13_SF_SEA,1502.169,-106.7839
2018,13,TB,2018_13_CAR_TB,1493.0063,-14.8646
2018,13,TEN,2018_13_NYJ_TEN,1488.3176,0.0
2018,13,DET,2018_13_LAR_DET,1476.2596,0.0
2018,13,WAS,2018_13_WAS_PHI,1462.0587,-66.3552
2018,13,MIA,2018_13_BUF_MIA,1450.543,0.0
2018,13,CIN,2018_13_DEN_CIN,1442.539,-109.3857
2018,13,CLE,2018_13_CLE_HOU,1413.6449,29.9537
2018,13,NYG,2018_13_CHI_NYG,1408.6853,0.0
2018,13,NYJ,2018_13_NYJ_TEN,1376.1983,35.5582
2018,13,OAK,2018_13_KC_OAK,1364.4429,0.0
2018,13,ARI,2018_13_ARI_GB,1347.5095,-87.8214
2018,13,BUF,2018_13_BUF_MIA,1331.4217,100.5151
2018,14,NO,2018_14_NO_TB,1810.4399,0.0
2018,14,KC,2018_14_BAL_KC,1742.1483,0.0
2018,14,LAR,2018_14_LAR_CHI,1715.8964,0.0
2018,14,NE,2018_14_NE_MIA,1702.6097,0.0
2018,14,BAL,2018_14_BAL_KC,1666.0256,-45.2983
2018,14,PIT,2018_14_PIT_OAK,1644.9849,0.0
2018,14,LAC,2018_14_CIN_LAC,1634.4174,0.0
2018,14,SEA,2018_14_MIN_SEA,1621.752,0.0
2018,14,DAL,2018_14_PHI_DAL,1595.7544,0.0
2018,14,CAR,2018_14_CAR_CLE,1589.6563,0.0
2018,14,CHI,2018_14_LAR_CHI,1581.7906,0.0
2018,14,HOU,2018_14_IND_HOU,1561.6401,0.0
2018,14,MIN,2018_14_MIN_SEA,1560.0965,0.0
2018,14,ATL,2018_14_ATL_GB,1554.7362,0.0
2018,14,IND,2018_14_IND_HOU,1538.1736,0.0
2018,14,DEN,2018_14_DEN_SF,1523.2458,0.0
2018,14,PHI,2018_14_PHI_DAL,1521.3518,52.2132
2018,14,GB,2018_14_ATL_GB,1520.4137,0.0
2018,14,JAX,2018_14_JAX_TEN,1503.6692,-78.103
2018,14,TB,2018_14_NO_TB,1501.3565,-9.7928
2018,14,SF,2018_14_DEN_SF,1489.947,-86.59
2018,14,TEN,2018_14_JAX_TEN,1483.9121,0.0
2018,14,DET,2018_14_DET_ARI,1462.1622,0.0
2018,14,WAS,2018_14_NYG_WAS,1452.4146,-55.0909
2018,14,MIA,2018_14_NE_MIA,1450.7893,0.0
2018,14,CIN,2018_14_CIN_LAC,1429.9993,-104.1851
2018,14,NYG,2018_14_NYG_WAS,1405.5221,0.0
2018,14,CLE,2018_14_CAR_CLE,1401.9273,35.9351
2018,14,OAK,2018_14_PIT_OAK,1377.6697,0.0
2018,14,NYJ,2018_14_NYJ_BUF,1372.9253,0.0
2018,14,ARI,2018_14_DET_ARI,1369.2551,-88.9952
2018,14,BUF,2018_14_NYJ_BUF,1332.3734,119.3336
2018,15,NO,2018_15_NO_CAR,1812.092,0.0
2018,15,KC,2018_15_LAC_KC,1742.6689,0.0
2018,15,LAR,2018_15_PHI_LAR,1696.6314,0.0
2018,15,NE,2018_15_NE_PIT,1685.7092,0.0
2018,15,BAL,2018_15_TB_BAL,1671.3778,-38.7787
2018,15,SEA,2018_15_SEA_SF,1631.9916,0.0
2018,15,PIT,2018_15_NE_PIT,1629.0953,0.0
2018,15,LAC,2018_15_LAC_KC,1619.3368,0.0
2018,15,DAL,2018_15_DAL_IND,1599.6751,0.0
2018,15,CHI,2018_15_GB_CHI,1589.4381,0.0
2018,15,CAR,2018_15_NO_CAR,1575.2731,0.0
2018,15,HOU,2018_15_HOU_NYJ,1557.0951,0.0
2018,15,IND,2018_15_DAL_IND,1549.0902,0.0
2018,15,MIN,2018_15_MIA_MIN,1543.3402,0.0
2018,15,ATL,2018_15_ARI_ATL,1541.185,0.0
2018,15,GB,2018_15_GB_CHI,1535.0657,0.0
2018,15,TEN,2018_15_TEN_NYG,1515.004,0.0
2018,15,PHI,2018_15_PHI_LAR,1514.2421,0.0
2018,15,SF,2018_15_SEA_SF,1508.3923,-77.424
2018,15,DEN,2018_15_CLE_DEN,1507.3594,0.0
2018,15,TB,2018_15_TB_BAL,1493.9733,-19.1269
2018,15,JAX,2018_15_WAS_JAX,1475.4831,-75.8195
2018,15,DET,2018_15_DET_BUF,1473.7244,0.0
2018,15,MIA,2018_15_MIA_MIN,1472.4246,0.0
2018,15,CIN,2018_15_OAK_CIN,1449.5334,-94.2108
2018,15,NYG,2018_15_TEN_NYG,1431.0682,0.0
2018,15,CLE,2018_15_CLE_DEN,1420.4593,39.9673
2018,15,WAS,2018_15_WAS_JAX,1417.3434,-131.2342
2018,15,OAK,2018_15_OAK_CIN,1391.8098,0.0
2018,15,NYJ,2018_15_HOU_NYJ,1380.4643,0.0
2018,15,ARI,2018_15_ARI_ATL,1347.4815,-90.419
2018,15,BUF,2018_15_DET_BUF,1326.0724,121.2878
2018,16,NO,2018_16_PIT_NO,1813.2074,0.0
2018,16,KC,2018_16_KC_SEA,1740.5763,0.0
2018,16,BAL,2018_16_BAL_LAC,1682.6991,-32.6036
2018,16,LAR,2018_16_LAR_ARI,1677.5557,0.0
2018,16,NE,2018_16_BUF_NE,1676.0799,0.0
2018,16,PIT,2018_16_PIT_NO,1638.8873,0.0
2018,16,LAC,2018_16_BAL_LAC,1630.8396,0.0
2018,16,SEA,2018_16_KC_SEA,1625.1123,0.0
2018,16,CHI,2018_16_CHI_SF,1598.4756,0.0
2018,16,IND,2018_16_NYG_IND,1580.3727,0.0
2018,16,CAR,2018_16_ATL_CAR,1571.3319,-204.93
2018,16,DAL,2018_16_TB_DAL,1567.9783,0.0
2018,16,ATL,2018_16_ATL_CAR,1565.0868,0.0
2018,16,HOU,2018_16_HOU_PHI,1564.7712,0.0
2018,16,MIN,2018_16_MIN_DET,1561.5287,0.0
2018,16,PHI,2018_16_HOU_PHI,1531.3414,0.0
2018,16,GB,2018_16_GB_NYJ,1528.8139,0.0
2018,16,SF,2018_16_CHI_SF,1523.2593,-67.5005
2018,16,TEN,2018_16_WAS_TEN,1523.0744,0.0
2018,16,DEN,2018_16_DEN_OAK,1504.7424,0.0
2018,16,TB,2018_16_TB_DAL,1489.5136,-34.0571
2018,16,DET,2018_16_MIN_DET,1472.4109,0.0
2018,16,JAX,2018_16_JAX_MIA,1461.3875,-90.9313
2018,16,CIN,2018_16_CIN_CLE,1460.3609,-99.392
2018,16,MIA,2018_16_JAX_MIA,1442.0335,0.0
2018,16,CLE,2018_16_CIN_CLE,1424.992,33.7671
2018,16,WAS,2018_16_WAS_TEN,1424.7628,-120.8976
2018,16,NYG,2018_16_NYG_IND,1414.8051,0.0
2018,16,OAK,2018_16_DEN_OAK,1379.0147,0.0
2018,16,NYJ,2018_16_GB_NYJ,1376.314,0.0
2018,16,BUF,2018_16_BUF_NE,1325.8669,125.7992
2018,16,ARI,2018_16_LAR_ARI,1319.2883,-114.4936
2018,17,NO,2018_17_CAR_NO,1811.4775,-119.0825
2018,17,KC,2018_17_OAK_KC,1737.6291,0.0
2018,17,BAL,2018_17_CLE_BAL,1698.8975,-32.7054
2018,17,LAR,2018_17_SF_LAR,1682.0281,0.0
2018,17,NE,2018_17_NYJ_NE,1669.2163,0.0
2018,17,PIT,2018_17_CIN_PIT,1648.3963,0.0
2018,17,SEA,2018_17_ARI_SEA,1643.2842,0.0
2018,17,CHI,2018_17_CHI_MIN,1608.0961,0.0
2018,17,LAC,2018_17_LAC_DEN,1608.0001,0.0
2018,17,IND,2018_17_IND_TEN,1583.4184,0.0
2018,17,ATL,2018_17_ATL_TB,1575.7665,0.0
2018,17,MIN,2018_17_CHI_MIN,1575.4053,0.0
2018,17,HOU,2018_17_JAX_HOU,1570.539,0.0
2018,17,DAL,2018_17_DAL_NYG,1570.4972,0.0
2018,17,CAR,2018_17_CAR_NO,1560.6841,-204.93
2018,17,GB,2018_17_DET_GB,1532.216,0.0
2018,17,PHI,2018_17_PHI_WAS,1531.6681,0.0
2018,17,TEN,2018_17_IND_TEN,1520.5918,-47.4206
2018,17,SF,2018_17_SF_LAR,1517.6116,-61.8161
2018,17,TB,2018_17_ATL_TB,1487.8617,-22.982
2018,17,DEN,2018_17_LAC_DEN,1483.4861,0.0
2018,17,JAX,2018_17_JAX_HOU,1467.5549,0.0
2018,17,CIN,2018_17_CIN_PIT,1450.5211,-90.2623
2018,17,CLE,2018_17_CLE_BAL,1447.8281,54.3307
2018,17,DET,2018_17_DET_GB,1447.3997,0.0
2018,17,WAS,2018_17_PHI_WAS,1429.8382,-123.5396
2018,17,NYG,2018_17_DAL_NYG,1427.752,0.0
2018,17,MIA,2018_17_MIA_BUF,1426.5791,0.0
2018,17,OAK,2018_17_OAK_KC,1399.2425,0.0
2018,17,NYJ,2018_17_NYJ_NE,1387.5589,0.0
2018,17,BUF,2018_17_MIA_BUF,1318.5019,120.5823
2018,17,ARI,2018_17_ARI_SEA,1317.4179,-116.3415
2019,1,NO,2019_01_HOU_NO,1678.2378,0.0
2019,1,KC,2019_01_KC_JAX,1674.0574,0.0
2019,1,NE,2019_01_PIT_NE,1640.3557,0.0
2019,1,PIT,2019_01_PIT_NE,1611.751,0.0
2019,1,LAR,2019_01_LAR_CAR,1610.9204,0.0
2019,1,BAL,2019_01_BAL_MIA,1605.057,0.0
2019,1,SEA,2019_01_CIN_SEA,1581.2703,0.0
2019,1,ATL,2019_01_ATL_MIN,1575.9259,0.0
2019,1,CHI,2019_01_GB_CHI,1572.5438,0.0
2019,1,CAR,2019_01_LAR_CAR,1568.2469,0.0
2019,1,HOU,2019_01_HOU_NO,1561.2151,0.0
2019,1,LAC,2019_01_IND_LAC,1560.0221,0.0
2019,1,DAL,2019_01_NYG_DAL,1556.3981,0.0
2019,1,PHI,2019_01_WAS_PHI,1547.351,0.0
2019,1,IND,2019_01_IND_LAC,1542.0209,0.0
2019,1,MIN,2019_01_ATL_MIN,1536.9642,0.0
2019,1,GB,2019_01_GB_CHI,1511.8556,0.0
2019,1,SF,2019_01_SF_TB,1505.7598,0.0
2019,1,DET,2019_01_DET_ARI,1501.0918,0.0
2019,1,TB,2019_01_SF_TB,1494.0166,0.0
2019,1,TEN,2019_01_TEN_CLE,1484.5492,0.0
2019,1,DEN,2019_01_DEN_OAK,1483.9994,0.0
2019,1,CLE,2019_01_TEN_CLE,1483.9709,0.0
2019,1,JAX,2019_01_KC_JAX,1479.6965,0.0
2019,1,CIN,2019_01_CIN_SEA,1469.3598,0.0
2019,1,MIA,2019_01_BAL_MIA,1463.6219,0.0
2019,1,NYG,2019_01_NYG_DAL,1461.4904,0.0
2019,1,WAS,2019_01_WAS_PHI,1444.1471,0.0
2019,1,OAK,2019_01_DEN_OAK,1439.9143,0.0
2019,1,BUF,2019_01_BUF_NYJ,1425.6843,0.0
2019,1,NYJ,2019_01_BUF_NYJ,1414.8519,0.0
2019,1,ARI,2019_01_DET_ARI,1399.0897,0.0
2019,2,KC,2019_02_KC_OAK,1692.0799,0.0
2019,2,NO,2019_02_NO_LAR,1676.2162,0.0
2019,2,NE,2019_02_NE_MIA,1670.5813,0.0
2019,2,BAL,2019_02_ARI_BAL,1668.79,0.0
2019,2,LAR,2019_02_NO_LAR,1609.134,0.0
2019,2,PIT,2019_02_SEA_PIT,1581.3213,0.0
2019,2,SEA,2019_02_SEA_PIT,1578.8676,0.0
2019,2,DAL,2019_02_DAL_WAS,1574.5032,0.0
2019,2,HOU,2019_02_JAX_HOU,1568.7831,0.0
2019,2,LAC,2019_02_LAC_DET,1568.095,0.0
2019,2,CAR,2019_02_TB_CAR,1564.8714,0.0
2019,2,ATL,2019_02_PHI_ATL,1561.9446,0.0
2019,2,PHI,2019_02_PHI_ATL,1551.945,0.0
2019,2,MIN,2019_02_MIN_GB,1550.3563,0.0
2019,2,CHI,2019_02_CHI_DEN,1550.0826,0.0
2019,2,IND,2019_02_IND_TEN,1542.6962,0.0
2019,2,TEN,2019_02_IND_TEN,1526.2805,0.0
2019,2,GB,2019_02_MIN_GB,1521.2193,0.0
2019,2,SF,2019_02_SF_CIN,1516.8741,0.0
2019,2,DET,2019_02_LAC_DET,1502.3428,0.0
2019,2,DEN,2019_02_CHI_DEN,1476.8184,0.0
2019,2,JAX,2019_02_JAX_HOU,1475.3004,-139.1909
2019,2,CIN,2019_02_SF_CIN,1472.7568,0.0
2019,2,TB,2019_02_TB_CAR,1469.6984,0.0
2019,2,OAK,2019_02_KC_OAK,1458.3981,0.0
2019,2,WAS,2019_02_DAL_WAS,1454.9398,0.0
2019,2,NYG,2019_02_BUF_NYG,1452.7415,0.0
2019,2,CLE,2019_02_CLE_NYJ,1435.5508,0.0
2019,2,BUF,2019_02_BUF_NYG,1434.2159,0.0
2019,2,MIA,2019_02_NE_MIA,1412.6382,0.0
2019,2,NYJ,2019_02_CLE_NYJ,1403.2715,-36.6418
2019,2,ARI,2019_02_ARI_BAL,1402.1561,0.0
2019,3,NE,2019_03_NYJ_NE,1711.6413,0.0
2019,3,KC,2019_03_BAL_KC,1699.4075,0.0
2019,3,BAL,2019_03_BAL_KC,1670.5575,0.0
2019,3,NO,2019_03_NO_SEA,1649.7997,-115.7489
2019,3,LAR,2019_03_LAR_CLE,1631.3559,0.0
2019,3,SEA,2019_03_NO_SEA,1593.104,0.0
2019,3,DAL,2019_03_MIA_DAL,1591.0626,0.0
2019,3,LAC,2019_03_HOU_LAC,1567.2311,0.0
2019,3,PIT,2019_03_PIT_SF,1565.4355,-157.7983
2019,3,ATL,2019_03_ATL_IND,1562.131,0.0
2019,3,HOU,2019_03_HOU_LAC,1558.617,0.0
2019,3,CHI,2019_03_CHI_WAS,1553.0306,0.0
2019,3,IND,2019_03_ATL_IND,1547.2609,0.0
2019,3,CAR,2019_03_CAR_ARI,1546.3507,-134.8705
2019,3,PHI,2019_03_DET_PHI,1544.7652,0.0
2019,3,SF,2019_03_PIT_SF,1542.8365,0.0
2019,3,MIN,2019_03_OAK_MIN,1541.5205,0.0
2019,3,GB,2019_03_DEN_GB,1525.2936,0.0
2019,3,TEN,2019_03_TEN_JAX,1518.8812,0.0
2019,3,DET,2019_03_DET_PHI,1500.7908,0.0
2019,3,JAX,2019_03_TEN_JAX,1482.1213,-123.5372
2019,3,TB,2019_03_NYG_TB,1479.7556,0.0
2019,3,DEN,2019_03_DEN_GB,1477.075,0.0
2019,3,BUF,2019_03_CIN_BUF,1456.6832,0.0
2019,3,CLE,2019_03_LAR_CLE,1452.2298,0.0
2019,3,OAK,2019_03_OAK_MIN,1449.3881,0.0
2019,3,WAS,2019_03_CHI_WAS,1449.0843,0.0
2019,3,CIN,2019_03_CIN_BUF,1444.0506,0.0
2019,3,NYG,2019_03_NYG_TB,1431.2562,-37.9623
2019,3,ARI,2019_03_CAR_ARI,1409.5311,0.0
2019,3,NYJ,2019_03_NYJ_NE,1379.297,-92.36
2019,3,MIA,2019_03_MIA_DAL,1355.4341,-95.3848
2019,4,NE,2019_04_NE_BUF,1719.8006,0.0
2019,4,KC,2019_04_KC_DET,1698.5589,0.0
2019,4,BAL,2019_04_CLE_BAL,1682.9817,0.0
2019,4,NO,2019_04_DAL_NO,1664.9367,-103.846
2019,4,LAR,2019_04_TB_LAR,1639.7689,0.0
2019,4,DAL,2019_04_DAL_NO,1601.0447,0.0
2019,4,SEA,2019_04_SEA_ARI,1584.5998,0.0
2019,4,HOU,2019_04_CAR_HOU,1575.8508,0.0
2019,4,CAR,2019_04_CAR_HOU,1570.0628,-109.4077
2019,4,ATL,2019_04_TEN_ATL,1566.9339,0.0
2019,4,CHI,2019_04_MIN_CHI,1562.9027,0.0
2019,4,MIN,2019_04_MIN_CHI,1561.4584,0.0
2019,4,IND,2019_04_OAK_IND,1557.2801,0.0
2019,4,PIT,2019_04_CIN_PIT,1556.1893,-157.6672
2019,4,LAC,2019_04_LAC_MIA,1554.6755,0.0
2019,4,SF,2019_03_PIT_SF,1542.8365,0.0
2019,4,PHI,2019_04_PHI_GB,1537.1622,0.0
2019,4,GB,2019_04_PHI_GB,1535.0961,0.0
2019,4,DET,2019_04_KC_DET,1511.0122,0.0
2019,4,JAX,2019_04_JAX_DEN,1503.9792,-101.1044
2019,4,TEN,2019_04_TEN_ATL,1499.7311,0.0
2019,4,TB,2019_04_TB_LAR,1474.0692,0.0
2019,4,DEN,2019_04_JAX_DEN,1465.8406,0.0
2019,4,BUF,2019_04_NE_BUF,1460.8018,0.0
2019,4,NYG,2019_04_WAS_NYG,1441.3759,-16.8586
2019,4,CLE,2019_04_CLE_BAL,1439.6865,0.0
2019,4,CIN,2019_04_CIN_PIT,1438.1351,0.0
2019,4,WAS,2019_04_WAS_NYG,1436.3224,0.0
2019,4,OAK,2019_04_OAK_IND,1433.4685,0.0
2019,4,ARI,2019_04_SEA_ARI,1385.8229,0.0
2019,4,NYJ,2019_03_NYJ_NE,1379.297,-92.36
2019,4,MIA,2019_04_LAC_MIA,1339.6254,-101.5258
2019,5,NE,2019_05_NE_WAS,1706.066,0.0
2019,5,KC,2019_05_IND_KC,1697.0988,0.0
2019,5,NO,2019_05_TB_NO,1661.0013,-115.7491
2019,5,BAL,2019_05_BAL_PIT,1653.6936,0.0
2019,5,LAR,2019_05_LAR_SEA,1619.8569,0.0
2019,5,DAL,2019_05_GB_DAL,1599.5037,0.0
2019,5,SEA,2019_05_LAR_SEA,1596.3356,0.0
2019,5,PIT,2019_05_BAL_PIT,1583.172,-137.6029
2019,5,CAR,2019_05_JAX_CAR,1577.0729,-104.5823
2019,5,LAC,2019_05_DEN_LAC,1570.2743,0.0
2019,5,CHI,2019_05_CHI_OAK,1566.8206,-121.5363
2019,5,PHI,2019_05_NYJ_PHI,1558.5855,0.0
2019,5,HOU,2019_05_ATL_HOU,1557.9171,0.0
2019,5,MIN,2019_05_MIN_NYG,1555.8459,0.0
2019,5,SF,2019_05_CLE_SF,1548.3868,0.0
2019,5,ATL,2019_05_ATL_HOU,1545.972,0.0
2019,5,IND,2019_05_IND_KC,1536.2568,0.0
2019,5,GB,2019_05_GB_DAL,1524.9737,0.0
2019,5,TEN,2019_05_BUF_TEN,1517.0493,0.0
2019,5,DET,2019_04_KC_DET,1511.0122,0.0
2019,5,JAX,2019_05_JAX_CAR,1508.7758,-100.1345
2019,5,TB,2019_05_TB_NO,1503.2873,0.0
2019,5,CLE,2019_05_CLE_SF,1475.5758,0.0
2019,5,NYG,2019_05_MIN_NYG,1470.3193,-12.6385
2019,5,DEN,2019_05_DEN_LAC,1465.4082,0.0
2019,5,BUF,2019_05_BUF_TEN,1462.5663,0.0
2019,5,OAK,2019_05_CHI_OAK,1454.4427,0.0
2019,5,CIN,2019_05_ARI_CIN,1405.7242,0.0
2019,5,WAS,2019_05_NE_WAS,1402.018,-56.1049
2019,5,ARI,2019_05_ARI_CIN,1371.6001,0.0
2019,5,NYJ,2019_05_NYJ_PHI,1365.6301,-104.6388
2019,5,MIA,2019_04_LAC_MIA,1339.6254,-101.5258
2019,6,NE,2019_06_NYG_NE,1721.6807,0.0
2019,6,KC,2019_06_HOU_KC,1680.8382,0.0
2019,6,NO,2019_06_NO_JAX,1669.0037,-92.0845
2019,6,BAL,2019_06_CIN_BAL,1646.1255,0.0
2019,6,LAR,2019_06_SF_LAR,1627.8212,0.0
2019,6,SEA,2019_06_SEA_CLE,1599.2239,0.0
2019,6,HOU,2019_06_HOU_KC,1596.5964,0.0
2019,6,MIN,2019_06_PHI_MIN,1592.1636,0.0
2019,6,PIT,2019_06_PIT_LAC,1588.0813,-208.5813
2019,6,CAR,2019_06_CAR_TB,1585.0307,-103.2481
2019,6,DAL,2019_06_DAL_NYJ,1585.0122,0.0
2019,6,SF,2019_06_SF_LAR,1567.5362,0.0
2019,6,CHI,2019_05_CHI_OAK,1566.8206,-121.5363
2019,6,PHI,2019_06_PHI_MIN,1564.21,0.0
2019,6,LAC,2019_06_PIT_LAC,1549.189,0.0
2019,6,GB,2019_06_DET_GB,1539.8378,0.0
2019,6,IND,2019_05_IND_KC,1536.2568,0.0
2019,6,ATL,2019_06_ATL_ARI,1523.1184,0.0
2019,6,DET,2019_06_DET_GB,1515.046,0.0
2019,6,JAX,2019_06_NO_JAX,1505.5105,-73.6144
2019,6,TEN,2019_06_TEN_DEN,1505.4827,0.0
2019,6,TB,2019_06_CAR_TB,1496.694,0.0
2019,6,DEN,2019_06_TEN_DEN,1476.349,0.0
2019,6,BUF,2019_05_BUF_TEN,1462.5663,0.0
2019,6,CLE,2019_06_SEA_CLE,1454.5564,0.0
2019,6,OAK,2019_05_CHI_OAK,1454.4427,0.0
2019,6,NYG,2019_06_NYG_NE,1441.7155,-23.8265
2019,6,CIN,2019_06_CIN_BAL,1398.6797,0.0
2019,6,ARI,2019_06_ATL_ARI,1386.315,0.0
2019,6,WAS,2019_06_WAS_MIA,1381.5464,0.0
2019,6,NYJ,2019_06_DAL_NYJ,1345.8481,0.0
2019,6,MIA,2019_06_WAS_MIA,1327.0876,-106.1242
2019,7,NE,2019_07_NE_NYJ,1723.7368,0.0
2019,7,NO,2019_07_NO_CHI,1677.1292,-91.9432
2019,7,KC,2019_07_KC_DEN,1657.7346,0.0
2019,7,BAL,2019_07_BAL_SEA,1656.2854,0.0
2019,7,HOU,2019_07_HOU_IND,1620.2618,0.0
2019,7,SEA,2019_07_BAL_SEA,1616.9943,0.0
2019,7,MIN,2019_07_MIN_DET,1616.0864,0.0
2019,7,LAR,2019_07_LAR_ATL,1593.0451,0.0
2019,7,PIT,2019_06_PIT_LAC,1588.0813,-208.5813
2019,7,SF,2019_07_SF_WAS,1586.9056,0.0
2019,7,CAR,2019_06_CAR_TB,1585.0307,-103.2481
2019,7,DAL,2019_07_PHI_DAL,1579.3036,0.0
2019,7,CHI,2019_07_NO_CHI,1561.2873,0.0
2019,7,PHI,2019_07_PHI_DAL,1547.3778,0.0
2019,7,IND,2019_07_HOU_IND,1546.7413,0.0
2019,7,GB,2019_07_OAK_GB,1538.7273,0.0
2019,7,LAC,2019_07_LAC_TEN,1536.4693,0.0
2019,7,ATL,2019_07_LAR_ATL,1529.251,0.0
2019,7,DET,2019_07_MIN_DET,1520.4443,0.0
2019,7,TB,2019_06_CAR_TB,1496.694,0.0
2019,7,JAX,2019_07_JAX_CIN,1493.2475,-89.0641
2019,7,DEN,2019_07_KC_DEN,1491.945,0.0
2019,7,TEN,2019_07_LAC_TEN,1480.7769,-19.3254
2019,7,BUF,2019_07_MIA_BUF,1470.4538,0.0
2019,7,OAK,2019_07_OAK_GB,1468.3684,0.0
2019,7,CLE,2019_06_SEA_CLE,1454.5564,0.0
2019,7,NYG,2019_07_ARI_NYG,1429.8072,-36.7271
2019,7,ARI,2019_07_ARI_NYG,1397.1066,0.0
2019,7,CIN,2019_07_JAX_CIN,1394.7919,0.0
2019,7,WAS,2019_07_SF_WAS,1373.525,0.0
2019,7,NYJ,2019_07_NE_NYJ,1361.5335,0.0
2019,7,MIA,2019_07_MIA_BUF,1328.745,0.0
2019,8,NE,2019_08_CLE_NE,1742.2097,0.0
2019,8,NO,2019_08_ARI_NO,1694.7777,0.0
2019,8,KC,2019_08_GB_KC,1673.2005,-139.1671
2019,8,BAL,2019_07_BAL_SEA,1656.2854,0.0
2019,8,MIN,2019_08_WAS_MIN,1640.578,0.0
2019,8,LAR,2019_08_CIN_LAR,1624.8886,0.0
2019,8,HOU,2019_08_OAK_HOU,1615.0819,0.0
2019,8,SEA,2019_08_SEA_ATL,1602.9155,0.0
2019,8,PIT,2019_08_MIA_PIT,1601.0204,-135.9767
2019,8,CAR,2019_08_CAR_SF,1595.2108,-94.6534
2019,8,SF,2019_08_CAR_SF,1585.999,0.0
2019,8,DAL,2019_07_PHI_DAL,1579.3036,0.0
2019,8,GB,2019_08_GB_KC,1561.2713,0.0
2019,8,IND,2019_08_DEN_IND,1554.187,0.0
2019,8,CHI,2019_08_LAC_CHI,1543.625,0.0
2019,8,LAC,2019_08_LAC_CHI,1537.5176,0.0
2019,8,PHI,2019_08_PHI_BUF,1524.1486,0.0
2019,8,DET,2019_08_NYG_DET,1517.0101,0.0
2019,8,JAX,2019_08_NYJ_JAX,1502.7554,-85.2967
2019,8,ATL,2019_08_SEA_ATL,1493.0932,-137.0576
2019,8,TB,2019_08_TB_TEN,1490.2465,0.0
2019,8,TEN,2019_08_TB_TEN,1489.1414,-5.1503
2019,8,BUF,2019_08_PHI_BUF,1472.0507,0.0
2019,8,OAK,2019_08_OAK_HOU,1463.4094,0.0
2019,8,DEN,2019_08_DEN_IND,1462.3642,0.0
2019,8,CLE,2019_08_CLE_NE,1444.6344,0.0
2019,8,ARI,2019_08_ARI_NO,1411.6263,0.0
2019,8,NYG,2019_08_NYG_DET,1409.9268,-52.1271
2019,8,CIN,2019_08_CIN_LAR,1381.0098,0.0
2019,8,WAS,2019_08_WAS_MIN,1369.7063,0.0
2019,8,MIA,2019_08_MIA_PIT,1334.3371,0.0
2019,8,NYJ,2019_08_NYJ_JAX,1332.0105,0.0
2019,9,NE,2019_09_NE_BAL,1732.3664,0.0
2019,9,NO,2019_08_ARI_NO,1694.7777,0.0
2019,9,KC,2019_09_MIN_KC,1669.5555,-126.9439
2019,9,BAL,2019_09_NE_BAL,1668.5647,0.0
2019,9,MIN,2019_09_MIN_KC,1641.9379,0.0
2019,9,SF,2019_09_SF_ARI,1634.9534,0.0
2019,9,LAR,2019_08_CIN_LAR,1624.8886,0.0
2019,9,HOU,2019_09_HOU_JAX,1618.164,0.0
2019,9,PIT,2019_09_IND_PIT,1604.1235,-137.7167
2019,9,SEA,2019_09_TB_SEA,1603.5615,0.0
2019,9,DAL,2019_09_DAL_NYG,1602.1926,0.0
2019,9,GB,2019_09_GB_LAC,1572.7715,0.0
2019,9,IND,2019_09_IND_PIT,1550.1243,0.0
2019,9,CAR,2019_09_TEN_CAR,1547.2469,-123.4764
2019,9,PHI,2019_09_CHI_PHI,1543.8695,0.0
2019,9,CHI,2019_09_CHI_PHI,1539.1164,0.0
2019,9,LAC,2019_09_GB_LAC,1534.495,0.0
2019,9,JAX,2019_09_HOU_JAX,1520.7562,-67.3787
2019,9,DET,2019_09_DET_OAK,1512.7652,0.0
2019,9,TEN,2019_09_TEN_CAR,1494.2639,-4.8645
2019,9,ATL,2019_08_SEA_ATL,1493.0932,-137.0576
2019,9,TB,2019_09_TB_SEA,1489.7787,0.0
2019,9,OAK,2019_09_DET_OAK,1471.2364,0.0
2019,9,DEN,2019_09_CLE_DEN,1462.2785,-89.7681
2019,9,BUF,2019_09_WAS_BUF,1453.7725,0.0
2019,9,CLE,2019_09_CLE_DEN,1449.8442,0.0
2019,9,NYG,2019_09_DAL_NYG,1416.4178,-29.7259
2019,9,ARI,2019_09_SF_ARI,1391.3145,0.0
2019,9,CIN,2019_08_CIN_LAR,1381.0098,0.0
2019,9,WAS,2019_09_WAS_BUF,1367.8903,-21.3722
2019,9,MIA,2019_09_NYJ_MIA,1327.5364,0.0
2019,9,NYJ,2019_09_NYJ_MIA,1316.7425,0.0
2019,10,NE,2019_09_NE_BAL,1732.3664,0.0
2019,10,NO,2019_10_ATL_NO,1713.6946,0.0
2019,10,BAL,2019_10_BAL_CIN,1695.6038,0.0
2019,10,KC,2019_10_KC_TEN,1684.9084,0.0
2019,10,SF,2019_10_SEA_SF,1635.9119,0.0
2019,10,LAR,2019_10_LAR_PIT,1631.6737,0.0
2019,10,MIN,2019_10_MIN_DAL,1630.7106,0.0
2019,10,HOU,2019_09_HOU_JAX,1618.164,0.0
2019,10,DAL,2019_10_MIN_DAL,1613.2871,0.0
2019,10,SEA,2019_10_SEA_SF,1606.1954,0.0
2019,10,PIT,2019_10_LAR_PIT,1601.2587,-133.2174
2019,10,GB,2019_10_CAR_GB,1555.0711,0.0
2019,10,LAC,2019_10_LAC_OAK,1549.4812,0.0
2019,10,IND,2019_10_MIA_IND,1549.4299,-36.9479
2019,10,CAR,2019_10_CAR_GB,1548.8031,-120.9197
2019,10,PHI,2019_09_CHI_PHI,1543.8695,0.0
2019,10,CHI,2019_10_DET_CHI,1528.0278,0.0
2019,10,JAX,2019_09_HOU_JAX,1520.7562,-67.3787
2019,10,DET,2019_10_DET_CHI,1516.817,-157.5
2019,10,ATL,2019_10_ATL_NO,1499.8328,0.0
2019,10,TB,2019_10_ARI_TB,1496.1479,0.0
2019,10,TEN,2019_10_KC_TEN,1493.3081,6.4285
2019,10,OAK,2019_10_LAC_OAK,1477.8486,0.0
2019,10,BUF,2019_10_BUF_CLE,1466.1663,0.0
2019,10,DEN,2019_09_CLE_DEN,1462.2785,-89.7681
2019,10,CLE,2019_10_BUF_CLE,1442.7105,0.0
2019,10,ARI,2019_10_ARI_TB,1405.6773,0.0
2019,10,NYG,2019_10_NYG_NYJ,1401.456,-30.8553
2019,10,CIN,2019_10_BAL_CIN,1381.432,-50.7537
2019,10,WAS,2019_09_WAS_BUF,1367.8903,-21.3722
2019,10,MIA,2019_10_MIA_IND,1335.341,0.0
2019,10,NYJ,2019_10_NYG_NYJ,1309.1257,0.0
2019,11,BAL,2019_11_HOU_BAL,1726.8325,0.0
2019,11,NE,2019_11_NE_PHI,1714.4017,0.0
2019,11,KC,2019_11_KC_LAC,1680.2413,0.0
2019,11,NO,2019_11_NO_TB,1673.8521,0.0
2019,11,MIN,2019_11_DEN_MIN,1647.1672,0.0
2019,11,HOU,2019_11_HOU_BAL,1643.6327,0.0
2019,11,SF,2019_11_ARI_SF,1619.9767,0.0
2019,11,DAL,2019_11_DAL_DET,1616.8161,0.0
2019,11,PIT,2019_11_PIT_CLE,1613.8916,-132.2077
2019,11,LAR,2019_11_CHI_LAR,1607.4285,0.0
2019,11,SEA,2019_10_SEA_SF,1606.1954,0.0
2019,11,GB,2019_10_CAR_GB,1555.0711,0.0
2019,11,PHI,2019_11_NE_PHI,1553.1553,0.0
2019,11,CAR,2019_11_ATL_CAR,1547.6026,-109.6698
2019,11,LAC,2019_11_KC_LAC,1541.3845,0.0
2019,11,ATL,2019_11_ATL_CAR,1527.0809,0.0
2019,11,IND,2019_11_JAX_IND,1526.1576,0.0
2019,11,CHI,2019_11_CHI_LAR,1523.9954,0.0
2019,11,DET,2019_11_DAL_DET,1518.3036,-141.4232
2019,11,JAX,2019_11_JAX_IND,1494.7864,0.0
2019,11,TB,2019_11_NO_TB,1494.3264,0.0
2019,11,TEN,2019_10_KC_TEN,1493.3081,6.4285
2019,11,OAK,2019_11_CIN_OAK,1481.8351,0.0
2019,11,DEN,2019_11_DEN_MIN,1476.3964,-79.4927
2019,11,BUF,2019_11_BUF_MIA,1462.6941,0.0
2019,11,CLE,2019_11_PIT_CLE,1450.8875,0.0
2019,11,ARI,2019_11_ARI_SF,1415.5121,0.0
2019,11,NYG,2019_10_NYG_NYJ,1401.456,-30.8553
2019,11,WAS,2019_11_NYJ_WAS,1360.6961,-25.0123
2019,11,CIN,2019_11_CIN_OAK,1350.2091,-51.1398
2019,11,MIA,2019_11_BUF_MIA,1341.257,0.0
2019,11,NYJ,2019_11_NYJ_WAS,1319.195,0.0
2019,12,BAL,2019_12_BAL_LAR,1777.453,0.0
2019,12,NE,2019_12_DAL_NE,1708.7663,0.0
2019,12,NO,2019_12_CAR_NO,1683.094,0.0
2019,12,KC,2019_11_KC_LAC,1680.2413,0.0
2019,12,MIN,2019_11_DEN_MIN,1647.1672,0.0
2019,12,DAL,2019_12_DAL_NE,1629.2497,0.0
2019,12,LAR,2019_12_BAL_LAR,1620.1004,0.0
2019,12,SF,2019_12_GB_SF,1616.2665,0.0
2019,12,SEA,2019_12_SEA_PHI,1611.6413,0.0
2019,12,HOU,2019_12_IND_HOU,1598.4707,0.0
2019,12,PIT,2019_12_PIT_CIN,1592.2408,-156.116
2019,12,GB,2019_12_GB_SF,1559.6456,0.0
2019,12,PHI,2019_12_SEA_PHI,1553.9741,0.0
2019,12,ATL,2019_12_TB_ATL,1550.1797,0.0
2019,12,IND,2019_12_IND_HOU,1549.5721,0.0
2019,12,LAC,2019_11_KC_LAC,1541.3845,0.0
2019,12,DET,2019_12_DET_WAS,1518.1295,-120.4485
2019,12,CAR,2019_12_CAR_NO,1514.8358,-127.9463
2019,12,TEN,2019_12_JAX_TEN,1504.2942,10.1314
2019,12,CHI,2019_12_NYG_CHI,1502.4703,0.0
2019,12,BUF,2019_12_DEN_BUF,1488.0232,0.0
2019,12,OAK,2019_12_OAK_NYJ,1486.7651,0.0
2019,12,DEN,2019_12_DEN_BUF,1482.1659,-76.905
2019,12,TB,2019_12_TB_ATL,1479.9356,0.0
2019,12,JAX,2019_12_JAX_TEN,1475.9156,0.0
2019,12,CLE,2019_12_MIA_CLE,1467.2715,0.0
2019,12,ARI,2019_11_ARI_SF,1415.5121,0.0
2019,12,NYG,2019_12_NYG_CHI,1395.0732,-22.2996
2019,12,NYJ,2019_12_OAK_NYJ,1344.1123,0.0
2019,12,CIN,2019_12_PIT_CIN,1342.6415,-70.3536
2019,12,WAS,2019_12_DET_WAS,1328.6945,-40.3477
2019,12,MIA,2019_12_MIA_CLE,1320.4821,0.0
2019,13,BAL,2019_13_SF_BAL,1820.889,0.0
2019,13,NE,2019_13_NE_HOU,1703.0173,0.0
2019,13,KC,2019_13_OAK_KC,1678.0178,0.0
2019,13,NO,2019_13_NO_ATL,1670.9846,0.0
2019,13,SF,2019_13_SF_BAL,1649.0514,0.0
2019,13,MIN,2019_13_MIN_SEA,1644.9095,0.0
2019,13,DAL,2019_13_BUF_DAL,1627.0982,0.0
2019,13,SEA,2019_13_MIN_SEA,1619.8979,0.0
2019,13,HOU,2019_13_NE_HOU,1601.4732,0.0
2019,13,PIT,2019_13_CLE_PIT,1590.8106,-199.1739
2019,13,LAR,2019_13_LAR_ARI,1586.102,0.0
2019,13,IND,2019_13_TEN_IND,1546.6036,0.0
2019,13,PHI,2019_13_PHI_MIA,1539.7701,0.0
2019,13,LAC,2019_13_LAC_DEN,1539.5381,0.0
2019,13,TEN,2019_13_TEN_IND,1534.2345,39.8454
2019,13,CAR,2019_13_WAS_CAR,1533.6821,-110.65
2019,13,ATL,2019_13_NO_ATL,1530.9446,0.0
2019,13,GB,2019_13_GB_NYG,1526.4739,0.0
2019,13,DET,2019_13_CHI_DET,1516.2514,-158.557
2019,13,BUF,2019_13_BUF_DAL,1509.4869,0.0
2019,13,TB,2019_13_TB_JAX,1497.7546,0.0
2019,13,CHI,2019_13_CHI_DET,1491.5863,0.0
2019,13,CLE,2019_13_CLE_PIT,1487.7216,0.0
2019,13,DEN,2019_13_LAC_DEN,1461.6536,-17.6743
2019,13,JAX,2019_13_TB_JAX,1457.9953,0.0
2019,13,OAK,2019_13_OAK_KC,1441.3845,0.0
2019,13,ARI,2019_13_LAR_ARI,1430.3577,0.0
2019,13,NYG,2019_13_GB_NYG,1393.6124,-13.5289
2019,13,NYJ,2019_13_NYJ_CIN,1388.6348,0.0
2019,13,CIN,2019_13_NYJ_CIN,1334.4956,0.0
2019,13,WAS,2019_13_WAS_CAR,1328.125,-47.9638
2019,13,MIA,2019_13_PHI_MIA,1306.8846,0.0
2019,14,BAL,2019_14_BAL_BUF,1814.2469,0.0
2019,14,NE,2019_14_KC_NE,1698.4068,0.0
2019,14,KC,2019_14_KC_NE,1694.1377,0.0
2019,14,NO,2019_14_SF_NO,1671.3633,0.0
2019,14,SF,2019_14_SF_NO,1665.9535,0.0
2019,14,MIN,2019_14_DET_MIN,1644.587,0.0
2019,14,SEA,2019_14_SEA_LAR,1623.8914,0.0
2019,14,LAR,2019_14_SEA_LAR,1614.0654,0.0
2019,14,HOU,2019_14_DEN_HOU,1613.7967,0.0
2019,14,DAL,2019_14_DAL_CHI,1608.7456,0.0
2019,14,PIT,2019_14_PIT_ARI,1602.0372,-191.3973
2019,14,GB,2019_14_WAS_GB,1548.8288,0.0
2019,14,TEN,2019_14_TEN_OAK,1546.5984,29.974
2019,14,LAC,2019_14_LAC_JAX,1540.7864,0.0
2019,14,BUF,2019_14_BAL_BUF,1535.1124,0.0
2019,14,PHI,2019_14_NYG_PHI,1527.7385,0.0
2019,14,IND,2019_14_IND_TB,1525.4114,0.0
2019,14,DET,2019_14_DET_MIN,1520.1633,-143.9781
2019,14,ATL,2019_14_CAR_ATL,1519.407,0.0
2019,14,TB,2019_14_IND_TB,1515.8444,0.0
2019,14,CAR,2019_14_CAR_ATL,1509.1758,-106.7143
2019,14,CHI,2019_14_DAL_CHI,1492.0692,0.0
2019,14,CLE,2019_14_CIN_CLE,1479.977,0.0
2019,14,DEN,2019_14_DEN_HOU,1462.5062,-11.3256
2019,14,JAX,2019_14_LAC_JAX,1426.816,-72.2335
2019,14,OAK,2019_14_TEN_OAK,1423.4447,0.0
2019,14,ARI,2019_14_PIT_ARI,1395.8455,0.0
2019,14,NYG,2019_14_NYG_PHI,1376.5685,0.0
2019,14,NYJ,2019_14_MIA_NYJ,1374.149,0.0
2019,14,CIN,2019_14_CIN_CLE,1347.6109,0.0
2019,14,WAS,2019_14_WAS_GB,1344.5089,-61.3237
2019,14,MIA,2019_14_MIA_NYJ,1333.4886,0.0
2019,15,BAL,2019_15_NYJ_BAL,1813.9076,0.0
2019,15,KC,2019_15_DEN_KC,1706.5722,0.0
2019,15,SF,2019_15_ATL_SF,1680.1147,0.0
2019,15,NE,2019_15_NE_CIN,1679.1796,0.0
2019,15,NO,2019_15_IND_NO,1672.6234,0.0
2019,15,MIN,2019_15_MIN_LAC,1650.3491,0.0
2019,15,LAR,2019_15_LAR_DAL,1629.5326,0.0
2019,15,PIT,2019_15_BUF_PIT,1613.8394,-186.0078
2019,15,SEA,2019_15_SEA_CAR,1607.4532,0.0
2019,15,HOU,2019_15_HOU_TEN,1601.9761,0.0
2019,15,DAL,2019_15_LAR_DAL,1599.3832,0.0
2019,15,LAC,2019_15_MIN_LAC,1588.9958,0.0
2019,15,TEN,2019_15_HOU_TEN,1571.1311,51.3416
2019,15,GB,2019_15_CHI_GB,1547.9183,0.0
2019,15,ATL,2019_15_ATL_SF,1535.9923,0.0
2019,15,BUF,2019_15_BUF_PIT,1535.118,0.0
2019,15,PHI,2019_15_PHI_WAS,1526.1256,0.0
2019,15,IND,2019_15_IND_NO,1524.1857,0.0
2019,15,TB,2019_15_TB_DET,1522.3519,0.0
2019,15,DET,2019_15_TB_DET,1511.5868,-151.6319
2019,15,CHI,2019_15_CHI_GB,1508.0725,0.0
2019,15,CAR,2019_15_SEA_CAR,1491.0751,-104.3486
2019,15,DEN,2019_15_DEN_KC,1483.0321,8.534
2019,15,CLE,2019_15_CLE_ARI,1482.6035,0.0
2019,15,OAK,2019_15_JAX_OAK,1407.6875,0.0
2019,15,ARI,2019_15_CLE_ARI,1386.5194,0.0
2019,15,JAX,2019_15_JAX_OAK,1386.3063,-65.8616
2019,15,NYG,2019_15_MIA_NYG,1375.3894,0.0
2019,15,NYJ,2019_15_NYJ_BAL,1372.1581,0.0
2019,15,WAS,2019_15_PHI_WAS,1344.483,-68.3838
2019,15,CIN,2019_15_NE_CIN,1343.1145,0.0
2019,15,MIA,2019_15_MIA_NYG,1343.0893,0.0
2019,16,BAL,2019_16_BAL_CLE,1834.6348,0.0
2019,16,KC,2019_16_KC_CHI,1722.8588,0.0
2019,16,NO,2019_16_NO_TEN,1698.8384,0.0
2019,16,NE,2019_16_BUF_NE,1688.1571,0.0
2019,16,MIN,2019_16_GB_MIN,1677.9773,0.0
2019,16,SF,2019_16_LAR_SF,1671.6757,0.0
2019,16,DAL,2019_16_DAL_PHI,1622.9301,0.0
2019,16,SEA,2019_16_ARI_SEA,1613.7313,0.0
2019,16,LAR,2019_16_LAR_SF,1610.8314,0.0
2019,16,HOU,2019_16_HOU_TB,1609.7011,0.0
2019,16,PIT,2019_16_PIT_NYJ,1605.2158,-197.6364
2019,16,TEN,2019_16_NO_TEN,1569.424,51.4455
2019,16,LAC,2019_16_OAK_LAC,1560.3442,0.0
2019,16,ATL,2019_16_JAX_ATL,1550.6571,0.0
2019,16,GB,2019_16_GB_MIN,1548.2047,0.0
2019,16,TB,2019_16_HOU_TB,1545.8825,0.0
2019,16,BUF,2019_16_BUF_NE,1541.3192,0.0
2019,16,PHI,2019_16_DAL_PHI,1538.2919,0.0
2019,16,CHI,2019_16_KC_CHI,1501.4293,0.0
2019,16,IND,2019_16_CAR_IND,1498.413,0.0
2019,16,CAR,2019_16_CAR_IND,1490.3896,-96.5091
2019,16,DET,2019_16_DET_DEN,1488.7421,-155.4291
2019,16,CLE,2019_16_BAL_CLE,1469.3658,0.0
2019,16,DEN,2019_16_DET_DEN,1468.5097,-5.1751
2019,16,ARI,2019_16_ARI_SEA,1406.7807,0.0
2019,16,OAK,2019_16_OAK_LAC,1404.6287,0.0
2019,16,JAX,2019_16_JAX_ATL,1389.7988,-62.1918
2019,16,NYG,2019_16_NYG_WAS,1385.8935,-14.9906
2019,16,NYJ,2019_16_PIT_NYJ,1359.7271,0.0
2019,16,WAS,2019_16_NYG_WAS,1340.2019,-44.9257
2019,16,CIN,2019_16_CIN_MIA,1330.9337,0.0
2019,16,MIA,2019_16_CIN_MIA,1329.6154,0.0
2019,17,BAL,2019_17_PIT_BAL,1853.696,-264.5734
2019,17,KC,2019_17_LAC_KC,1744.314,0.0
2019,17,NO,2019_17_NO_CAR,1708.4368,0.0
2019,17,NE,2019_17_MIA_NE,1695.515,0.0
2019,17,SF,2019_17_SF_SEA,1668.1531,0.0
2019,17,MIN,2019_17_CHI_MIN,1636.4521,-142.7646
2019,17,LAR,2019_17_ARI_LAR,1615.4576,0.0
2019,17,DAL,2019_17_WAS_DAL,1611.6304,0.0
2019,17,HOU,2019_17_TEN_HOU,1608.6214,-156.8135
2019,17,PIT,2019_17_PIT_BAL,1595.2341,-212.7391
2019,17,SEA,2019_17_SF_SEA,1577.6695,0.0
2019,17,GB,2019_17_GB_DET,1568.0043,0.0
2019,17,TEN,2019_17_TEN_HOU,1566.5744,51.894
2019,17,ATL,2019_17_ATL_TB,1555.1904,0.0
2019,17,LAC,2019_17_LAC_KC,1546.4863,0.0
2019,17,PHI,2019_17_PHI_NYG,1546.4357,0.0
2019,17,BUF,2019_17_NYJ_BUF,1543.2786,0.0
2019,17,TB,2019_17_ATL_TB,1538.1791,0.0
2019,17,IND,2019_17_IND_JAX,1528.7528,0.0
2019,17,DET,2019_17_GB_DET,1484.7014,-159.8411
2019,17,CHI,2019_17_CHI_MIN,1478.5681,0.0
2019,17,DEN,2019_17_OAK_DEN,1476.6653,3.2455
2019,17,CLE,2019_17_CLE_CIN,1463.1788,0.0
2019,17,CAR,2019_17_NO_CAR,1453.536,-116.1003
2019,17,ARI,2019_17_ARI_LAR,1435.2628,0.0
2019,17,OAK,2019_17_OAK_DEN,1422.0466,0.0
2019,17,NYG,2019_17_PHI_NYG,1410.3174,15.7812
2019,17,JAX,2019_17_IND_JAX,1382.9953,-70.5941
2019,17,NYJ,2019_17_NYJ_BUF,1368.544,0.0
2019,17,MIA,2019_17_MIA_NE,1349.6588,0.0
2019,17,WAS,2019_17_WAS_DAL,1331.1251,0.0
2019,17,CIN,2019_17_CLE_CIN,1323.1476,0.0
2020,1,BAL,2020_01_CLE_BAL,1747.7873,0.0
2020,1,KC,2020_01_HOU_KC,1679.856,0.0
2020,1,NO,2020_01_TB_NO,1673.0433,0.0
2020,1,NE,2020_01_MIA_NE,1602.1191,0.0
2020,1,DAL,2020_01_DAL_LAR,1599.6774,0.0
2020,1,SF,2020_01_ARI_SF,1589.1778,0.0
2020,1,MIN,2020_01_GB_MIN,1575.3404,0.0
2020,1,PIT,2020_01_PIT_NYG,1574.3401,0.0
2020,1,LAR,2020_01_DAL_LAR,1574.1585,0.0
2020,1,HOU,2020_01_HOU_KC,1570.2969,0.0
2020,1,SEA,2020_01_SEA_ATL,1564.3882,0.0
2020,1,TEN,2020_01_TEN_DEN,1553.9231,0.0
2020,1,GB,2020_01_GB_MIN,1547.7766,0.0
2020,1,ATL,2020_01_SEA_ATL,1539.6062,0.0
2020,1,PHI,2020_01_PHI_WAS,1537.8512,0.0
2020,1,DET,2020_01_CHI_DET,1523.1033,0.0
2020,1,BUF,2020_01_NYJ_BUF,1517.9289,0.0
2020,1,LAC,2020_01_LAC_CIN,1507.6442,0.0
2020,1,IND,2020_01_IND_JAX,1507.1666,0.0
2020,1,TB,2020_01_TB_NO,1500.5678,0.0
2020,1,CHI,2020_01_CHI_DET,1485.1386,0.0
2020,1,ARI,2020_01_ARI_SF,1484.0338,0.0
2020,1,CLE,2020_01_CLE_BAL,1472.9677,0.0
2020,1,CAR,2020_01_OAK_CAR,1471.634,0.0
2020,1,OAK,2020_01_OAK_CAR,1471.4452,0.0
2020,1,DEN,2020_01_TEN_DEN,1465.954,0.0
2020,1,MIA,2020_01_MIA_NE,1451.2051,0.0
2020,1,NYG,2020_01_PIT_NYG,1445.5759,0.0
2020,1,JAX,2020_01_IND_JAX,1444.8296,0.0
2020,1,NYJ,2020_01_NYJ_BUF,1431.2046,0.0
2020,1,CIN,2020_01_LAC_CIN,1407.8771,0.0
2020,1,WAS,2020_01_PHI_WAS,1379.654,0.0
2020,2,BAL,2020_02_BAL_HOU,1765.7015,0.0
2020,2,KC,2020_02_KC_LAC,1688.6357,0.0
2020,2,NO,2020_02_NO_OAK,1662.7494,0.0
2020,2,NE,2020_02_NE_SEA,1618.4238,0.0
2020,2,DAL,2020_02_ATL_DAL,1592.3503,0.0
2020,2,SEA,2020_02_NE_SEA,1589.4824,0.0
2020,2,PIT,2020_02_DEN_PIT,1582.6824,0.0
2020,2,LAR,2020_02_LAR_PHI,1577.4644,0.0
2020,2,SF,2020_02_SF_NYJ,1577.4065,0.0
2020,2,HOU,2020_02_BAL_HOU,1566.854,0.0
2020,2,GB,2020_02_DET_GB,1566.3236,0.0
2020,2,MIN,2020_02_MIN_IND,1565.2012,0.0
2020,2,TEN,2020_02_JAX_TEN,1553.5833,0.0
2020,2,ATL,2020_02_ATL_DAL,1522.4665,0.0
2020,2,BUF,2020_02_BUF_MIA,1519.4834,0.0
2020,2,PHI,2020_02_LAR_PHI,1514.8476,0.0
2020,2,DET,2020_02_DET_GB,1510.2984,0.0
2020,2,TB,2020_02_CAR_TB,1501.644,0.0
2020,2,LAC,2020_02_KC_LAC,1501.0158,-1.1855
2020,2,CHI,2020_02_NYG_CHI,1497.9208,0.0
2020,2,IND,2020_02_MIN_IND,1497.8306,0.0
2020,2,ARI,2020_02_WAS_ARI,1495.6443,0.0
2020,2,OAK,2020_02_NO_OAK,1484.2071,0.0
2020,2,DEN,2020_02_DEN_PIT,1467.5494,0.0
2020,2,CAR,2020_02_CAR_TB,1466.7544,0.0
2020,2,JAX,2020_02_JAX_TEN,1461.3121,0.0
2020,2,CLE,2020_02_CIN_CLE,1454.8389,0.0
2020,2,NYG,2020_02_NYG_CHI,1441.8327,0.0
2020,2,MIA,2020_02_BUF_MIA,1438.3267,0.0
2020,2,NYJ,2020_02_SF_NYJ,1430.8919,0.0
2020,2,CIN,2020_02_CIN_CLE,1406.4487,0.0
2020,2,WAS,2020_02_WAS_ARI,1392.3784,0.0
2020,3,BAL,2020_03_KC_BAL,1776.8757,0.0
2020,3,KC,2020_03_KC_BAL,1687.1215,0.0
2020,3,NO,2020_03_GB_NO,1646.1639,0.0
2020,3,NE,2020_03_OAK_NE,1619.4452,0.0
2020,3,SF,2020_03_SF_NYG,1600.821,-61.0037
2020,3,SEA,2020_03_DAL_SEA,1600.3203,0.0
2020,3,LAR,2020_03_LAR_BUF,1597.6441,0.0
2020,3,DAL,2020_03_DAL_SEA,1594.2272,0.0
2020,3,GB,2020_03_GB_NO,1589.8496,0.0
2020,3,PIT,2020_03_HOU_PIT,1579.7755,0.0
2020,3,HOU,2020_03_HOU_PIT,1550.4469,0.0
2020,3,TEN,2020_03_TEN_MIN,1549.8337,0.0
2020,3,MIN,2020_03_TEN_MIN,1538.0866,0.0
2020,3,BUF,2020_03_LAR_BUF,1535.2576,0.0
2020,3,ATL,2020_03_CHI_ATL,1527.65,0.0
2020,3,IND,2020_03_NYJ_IND,1523.7497,0.0
2020,3,TB,2020_03_TB_DEN,1518.0114,0.0
2020,3,OAK,2020_03_OAK_NE,1508.3361,0.0
2020,3,ARI,2020_03_DET_ARI,1504.2846,0.0
2020,3,PHI,2020_03_CIN_PHI,1503.762,0.0
2020,3,LAC,2020_03_CAR_LAC,1503.5903,13.8035
2020,3,CHI,2020_03_CHI_ATL,1495.7862,0.0
2020,3,DET,2020_03_DET_ARI,1490.6789,0.0
2020,3,JAX,2020_03_MIA_JAX,1476.6306,0.0
2020,3,CLE,2020_03_WAS_CLE,1466.2598,0.0
2020,3,DEN,2020_03_TB_DEN,1466.2086,-49.9515
2020,3,CAR,2020_03_CAR_LAC,1452.9426,0.0
2020,3,NYG,2020_03_SF_NYG,1441.1987,0.0
2020,3,MIA,2020_03_MIA_JAX,1437.4659,0.0
2020,3,NYJ,2020_03_NYJ_IND,1410.958,0.0
2020,3,CIN,2020_03_CIN_PHI,1398.633,0.0
2020,3,WAS,2020_03_WAS_CLE,1387.3318,0.0
2020,4,BAL,2020_04_BAL_WAS,1745.0958,0.0
2020,4,KC,2020_04_NE_KC,1720.8619,0.0
2020,4,NO,2020_04_NO_DET,1634.5655,0.0
2020,4,NE,2020_04_NE_KC,1631.118,-78.1219
2020,4,SF,2020_04_PHI_SF,1630.5022,-46.1852
2020,4,GB,2020_04_ATL_GB,1606.956,0.0
2020,4,LAR,2020_04_NYG_LAR,1605.0345,0.0
2020,4,SEA,2020_04_SEA_MIA,1604.9426,0.0
2020,4,DAL,2020_04_CLE_DAL,1593.5476,0.0
2020,4,PIT,2020_03_HOU_PIT,1579.7755,0.0
2020,4,IND,2020_04_IND_CHI,1551.6014,0.0
2020,4,TEN,2020_03_TEN_MIN,1549.8337,0.0
2020,4,BUF,2020_04_BUF_OAK,1543.6805,0.0
2020,4,HOU,2020_04_MIN_HOU,1542.5392,0.0
2020,4,MIN,2020_04_MIN_HOU,1540.1247,0.0
2020,4,TB,2020_04_LAC_TB,1539.0899,0.0
2020,4,ATL,2020_04_ATL_GB,1520.7858,0.0
2020,4,ARI,2020_04_ARI_CAR,1502.9657,0.0
2020,4,OAK,2020_04_BUF_OAK,1499.4673,0.0
2020,4,LAC,2020_04_LAC_TB,1498.8296,24.5309
2020,4,CHI,2020_04_IND_CHI,1497.7781,10.7097
2020,4,PHI,2020_04_PHI_SF,1494.8903,0.0
2020,4,DET,2020_04_NO_DET,1493.475,0.0
2020,4,CLE,2020_04_CLE_DAL,1476.622,0.0
2020,4,MIA,2020_04_SEA_MIA,1459.8513,0.0
2020,4,CAR,2020_04_ARI_CAR,1453.9153,0.0
2020,4,JAX,2020_04_JAX_CIN,1452.3534,0.0
2020,4,DEN,2020_04_DEN_NYJ,1442.539,-121.3819
2020,4,NYG,2020_04_NYG_LAR,1417.3375,0.0
2020,4,CIN,2020_04_JAX_CIN,1407.0197,0.0
2020,4,WAS,2020_04_BAL_WAS,1378.4196,0.0
2020,4,NYJ,2020_04_DEN_NYJ,1377.1603,0.0
2020,5,BAL,2020_05_CIN_BAL,1750.6604,0.0
2020,5,KC,2020_05_OAK_KC,1733.5818,0.0
2020,5,NO,2020_05_LAC_NO,1633.1659,0.0
2020,5,NE,2020_04_NE_KC,1631.118,-78.1219
2020,5,SF,2020_05_MIA_SF,1625.5827,0.0
2020,5,SEA,2020_05_MIN_SEA,1617.3236,0.0
2020,5,GB,2020_04_ATL_GB,1606.956,0.0
2020,5,LAR,2020_05_LAR_WAS,1600.7378,0.0
2020,5,PIT,2020_05_PHI_PIT,1590.893,0.0
2020,5,DAL,2020_05_NYG_DAL,1586.5812,0.0
2020,5,IND,2020_05_IND_CLE,1567.0694,0.0
2020,5,BUF,2020_05_BUF_TEN,1556.5651,0.0
2020,5,MIN,2020_05_MIN_SEA,1550.1073,0.0
2020,5,TEN,2020_05_BUF_TEN,1549.8593,0.0
2020,5,TB,2020_05_TB_CHI,1549.8433,0.0
2020,5,HOU,2020_05_JAX_HOU,1535.2803,0.0
2020,5,ATL,2020_05_CAR_ATL,1520.0204,0.0
2020,5,LAC,2020_05_LAC_NO,1498.33,39.2882
2020,5,PHI,2020_05_PHI_PIT,1497.6404,0.0
2020,5,OAK,2020_05_OAK_KC,1495.9087,0.0
2020,5,DET,2020_04_NO_DET,1493.475,0.0
2020,5,CLE,2020_05_IND_CLE,1491.6908,0.0
2020,5,ARI,2020_05_ARI_NYJ,1491.2742,0.0
2020,5,CHI,2020_05_TB_CHI,1482.6315,10.2909
2020,5,CAR,2020_05_CAR_ATL,1475.2424,0.0
2020,5,MIA,2020_05_MIA_SF,1454.2335,0.0
2020,5,JAX,2020_05_JAX_HOU,1448.7478,0.0
2020,5,DEN,2020_04_DEN_NYJ,1442.539,-121.3819
2020,5,CIN,2020_05_CIN_BAL,1416.821,0.0
2020,5,NYG,2020_05_NYG_DAL,1412.3689,0.0
2020,5,WAS,2020_05_LAR_WAS,1374.8772,12.9938
2020,5,NYJ,2020_05_ARI_NYJ,1354.7188,-8.8158
2020,6,BAL,2020_06_BAL_PHI,1751.7652,0.0
2020,6,KC,2020_06_KC_BUF,1710.283,0.0
2020,6,NO,2020_05_LAC_NO,1633.1659,0.0
2020,6,LAR,2020_06_LAR_SF,1621.1773,0.0
2020,6,SEA,2020_05_MIN_SEA,1617.3236,0.0
2020,6,NE,2020_06_DEN_NE,1617.1184,0.0
2020,6,GB,2020_06_GB_TB,1616.4324,0.0
2020,6,PIT,2020_06_CLE_PIT,1604.7287,0.0
2020,6,DAL,2020_06_ARI_DAL,1580.2449,-155.1599
2020,6,SF,2020_06_LAR_SF,1577.4334,0.0
2020,6,TEN,2020_06_HOU_TEN,1575.1961,0.0
2020,6,IND,2020_06_CIN_IND,1560.2865,0.0
2020,6,MIN,2020_06_ATL_MIN,1557.3608,0.0
2020,6,TB,2020_06_GB_TB,1553.4507,0.0
2020,6,HOU,2020_06_HOU_TEN,1551.0842,0.0
2020,6,BUF,2020_06_KC_BUF,1539.3342,0.0
2020,6,ARI,2020_06_ARI_DAL,1517.8579,0.0
2020,6,ATL,2020_06_ATL_MIN,1508.8208,0.0
2020,6,MIA,2020_06_NYJ_MIA,1501.9633,0.0
2020,6,CLE,2020_06_CLE_PIT,1501.1411,0.0
2020,6,LAC,2020_05_LAC_NO,1498.33,39.2882
2020,6,OAK,2020_05_OAK_KC,1495.9087,0.0
2020,6,DET,2020_06_DET_JAX,1495.2001,0.0
2020,6,PHI,2020_06_BAL_PHI,1490.7207,0.0
2020,6,CAR,2020_06_CHI_CAR,1489.1909,0.0
2020,6,CHI,2020_06_CHI_CAR,1479.6946,8.5181
2020,6,DEN,2020_06_DEN_NE,1469.6898,0.0
2020,6,JAX,2020_06_DET_JAX,1434.4059,0.0
2020,6,NYG,2020_06_WAS_NYG,1415.2281,0.0
2020,6,CIN,2020_06_CIN_IND,1400.1017,0.0
2020,6,WAS,2020_06_WAS_NYG,1349.2597,10.2761
2020,6,NYJ,2020_06_NYJ_MIA,1330.5947,-14.2306
2020,7,BAL,2020_06_BAL_PHI,1751.7652,0.0
2020,7,KC,2020_07_KC_DEN,1716.941,0.0
2020,7,PIT,2020_07_PIT_TEN,1638.3588,0.0
2020,7,NO,2020_07_CAR_NO,1625.9313,0.0
2020,7,SEA,2020_07_SEA_ARI,1613.5137,0.0
2020,7,LAR,2020_07_CHI_LAR,1610.3128,0.0
2020,7,NE,2020_07_SF_NE,1603.2948,0.0
2020,7,TEN,2020_07_PIT_TEN,1593.7182,0.0
2020,7,SF,2020_07_SF_NE,1591.2144,0.0
2020,7,TB,2020_07_TB_OAK,1588.3502,0.0
2020,7,GB,2020_07_GB_HOU,1579.3034,0.0
2020,7,IND,2020_06_CIN_IND,1560.2865,0.0
2020,7,MIN,2020_06_ATL_MIN,1557.3608,0.0
2020,7,ATL,2020_07_DET_ATL,1550.9829,0.0
2020,7,HOU,2020_07_GB_HOU,1549.1645,0.0
2020,7,ARI,2020_07_SEA_ARI,1548.0861,0.0
2020,7,DAL,2020_07_DAL_WAS,1546.2089,-164.0894
2020,7,BUF,2020_07_BUF_NYJ,1539.2096,0.0
2020,7,OAK,2020_07_TB_OAK,1528.0061,0.0
2020,7,DET,2020_07_DET_ATL,1514.9121,0.0
2020,7,MIA,2020_06_NYJ_MIA,1501.9633,0.0
2020,7,LAC,2020_07_JAX_LAC,1500.2861,48.0667
2020,7,CHI,2020_07_CHI_LAR,1486.8846,9.1949
2020,7,PHI,2020_07_NYG_PHI,1486.4551,0.0
2020,7,DEN,2020_07_KC_DEN,1480.1531,0.0
2020,7,CAR,2020_07_CAR_NO,1479.9726,0.0
2020,7,CLE,2020_07_CLE_CIN,1460.5808,0.0
2020,7,JAX,2020_07_JAX_LAC,1411.9009,0.0
2020,7,CIN,2020_07_CLE_CIN,1411.5737,0.0
2020,7,NYG,2020_07_NYG_PHI,1410.944,0.0
2020,7,WAS,2020_07_DAL_WAS,1350.6745,22.1825
2020,7,NYJ,2020_07_BUF_NYJ,1301.7389,0.0
2020,8,BAL,2020_08_PIT_BAL,1750.1686,0.0
2020,8,KC,2020_08_NYJ_KC,1733.6957,0.0
2020,8,PIT,2020_08_PIT_BAL,1647.8595,0.0
2020,8,NO,2020_08_NO_CHI,1630.51,0.0
2020,8,LAR,2020_08_LAR_MIA,1624.733,0.0
2020,8,SF,2020_08_SF_SEA,1622.9598,0.0
2020,8,TB,2020_08_TB_NYG,1622.3604,0.0
2020,8,SEA,2020_08_SF_SEA,1615.5347,0.0
2020,8,GB,2020_08_MIN_GB,1595.5147,0.0
2020,8,TEN,2020_08_TEN_CIN,1588.0111,0.0
2020,8,NE,2020_08_NE_BUF,1569.7579,0.0
2020,8,IND,2020_08_IND_DET,1558.4672,0.0
2020,8,HOU,2020_07_GB_HOU,1549.1645,0.0
2020,8,ATL,2020_08_ATL_CAR,1548.7525,0.0
2020,8,ARI,2020_07_SEA_ARI,1548.0861,0.0
2020,8,BUF,2020_08_NE_BUF,1546.395,0.0
2020,8,MIN,2020_08_MIN_GB,1525.314,0.0
2020,8,DET,2020_08_IND_DET,1521.1323,0.0
2020,8,DAL,2020_08_DAL_PHI,1519.5166,-267.453
2020,8,MIA,2020_08_LAR_MIA,1516.489,-100.9929
2020,8,LAC,2020_08_LAC_DEN,1510.9857,77.3233
2020,8,OAK,2020_08_OAK_CLE,1502.3349,0.0
2020,8,CAR,2020_08_ATL_CAR,1484.3807,0.0
2020,8,PHI,2020_08_DAL_PHI,1481.609,0.0
2020,8,CLE,2020_08_OAK_CLE,1468.6871,0.0
2020,8,CHI,2020_08_NO_CHI,1462.7575,-2.272
2020,8,DEN,2020_08_LAC_DEN,1461.6714,0.0
2020,8,CIN,2020_08_TEN_CIN,1420.5926,0.0
2020,8,NYG,2020_08_TB_NYG,1413.6681,0.0
2020,8,JAX,2020_07_JAX_LAC,1411.9009,0.0
2020,8,WAS,2020_07_DAL_WAS,1350.6745,22.1825
2020,8,NYJ,2020_08_NYJ_KC,1293.2875,0.0
2020,9,KC,2020_09_CAR_KC,1742.1616,0.0
2020,9,BAL,2020_09_BAL_IND,1732.0648,0.0
2020,9,PIT,2020_09_PIT_DAL,1662.1368,0.0
2020,9,SEA,2020_09_SEA_BUF,1632.6451,0.0
2020,9,NO,2020_09_NO_TB,1629.9055,0.0
2020,9,TB,2020_09_NO_TB,1625.1755,0.0
2020,9,LAR,2020_08_LAR_MIA,1624.733,0.0
2020,9,SF,2020_09_GB_SF,1615.2561,-49.7979
2020,9,GB,2020_09_GB_SF,1593.6687,0.0
2020,9,IND,2020_09_BAL_IND,1585.6005,0.0
2020,9,TEN,2020_09_CHI_TEN,1579.1425,0.0
2020,9,NE,2020_09_NE_NYJ,1568.8371,0.0
2020,9,ATL,2020_09_DEN_ATL,1564.9396,0.0
2020,9,ARI,2020_09_MIA_ARI,1552.8936,0.0
2020,9,BUF,2020_09_SEA_BUF,1547.9722,0.0
2020,9,MIN,2020_09_DET_MIN,1541.2256,0.0
2020,9,HOU,2020_09_HOU_JAX,1533.2101,0.0
2020,9,MIA,2020_09_MIA_ARI,1514.7462,-105.6879
2020,9,DAL,2020_09_PIT_DAL,1510.023,-259.7449
2020,9,OAK,2020_09_OAK_LAC,1509.0874,0.0
2020,9,LAC,2020_09_OAK_LAC,1507.5121,80.3711
2020,9,DET,2020_09_DET_MIN,1494.0384,0.0
2020,9,PHI,2020_08_DAL_PHI,1481.609,0.0
2020,9,CAR,2020_09_CAR_KC,1470.9154,0.0
2020,9,CLE,2020_08_OAK_CLE,1468.6871,0.0
2020,9,DEN,2020_09_DEN_ATL,1468.3994,0.0
2020,9,CHI,2020_09_CHI_TEN,1463.5783,-5.2259
2020,9,CIN,2020_08_TEN_CIN,1420.5926,0.0
2020,9,NYG,2020_09_NYG_WAS,1417.9033,0.0
2020,9,JAX,2020_09_HOU_JAX,1398.6489,-119.5742
2020,9,WAS,2020_09_NYG_WAS,1374.9753,26.3532
2020,9,NYJ,2020_09_NE_NYJ,1287.1687,-4.7258
2020,10,KC,2020_09_CAR_KC,1742.1616,0.0
2020,10,BAL,2020_10_BAL_NE,1738.4316,0.0
2020,10,NO,2020_10_SF_NO,1681.6082,0.0
2020,10,PIT,2020_10_CIN_PIT,1653.7152,0.0
2020,10,SEA,2020_10_SEA_LAR,1626.2833,0.0
2020,10,GB,2020_10_JAX_GB,1619.7541,0.0
2020,10,LAR,2020_10_SEA_LAR,1618.2707,0.0
2020,10,SF,2020_10_SF_NO,1594.1681,-41.4989
2020,10,TEN,2020_10_IND_TEN,1570.9093,0.0
2020,10,IND,2020_10_IND_TEN,1570.6264,0.0
2020,10,TB,2020_10_TB_CAR,1568.42,0.0
2020,10,ATL,2020_09_DEN_ATL,1564.9396,0.0
2020,10,BUF,2020_10_BUF_ARI,1564.4385,0.0
2020,10,NE,2020_10_BAL_NE,1562.8026,0.0
2020,10,ARI,2020_10_BUF_ARI,1552.6883,0.0
2020,10,MIN,2020_10_MIN_CHI,1550.2858,0.0
2020,10,HOU,2020_10_HOU_CLE,1534.4603,0.0
2020,10,MIA,2020_10_LAC_MIA,1531.4966,-95.4627
2020,10,OAK,2020_10_DEN_OAK,1523.4899,0.0
2020,10,DAL,2020_09_PIT_DAL,1510.023,-259.7449
2020,10,LAC,2020_10_LAC_MIA,1496.838,87.0941
2020,10,CAR,2020_10_TB_CAR,1484.9343,0.0
2020,10,DET,2020_10_WAS_DET,1480.6937,0.0
2020,10,PHI,2020_10_PHI_NYG,1476.7267,0.0
2020,10,CHI,2020_10_MIN_CHI,1466.8825,5.8528
2020,10,DEN,2020_10_DEN_OAK,1465.6749,0.0
2020,10,CLE,2020_10_HOU_CLE,1464.9935,0.0
2020,10,CIN,2020_10_CIN_PIT,1445.5999,0.0
2020,10,NYG,2020_10_PHI_NYG,1420.9859,0.0
2020,10,JAX,2020_10_JAX_GB,1405.7216,-102.0892
2020,10,WAS,2020_10_WAS_DET,1369.9283,70.784
2020,10,NYJ,2020_09_NE_NYJ,1287.1687,-4.7258
2020,11,KC,2020_11_KC_OAK,1741.9565,0.0
2020,11,BAL,2020_11_TEN_BAL,1725.1177,0.0
2020,11,NO,2020_11_ATL_NO,1690.0047,-273.2604
2020,11,PIT,2020_11_PIT_JAX,1665.1247,0.0
2020,11,LAR,2020_11_LAR_TB,1624.5911,0.0
2020,11,SEA,2020_11_ARI_SEA,1620.0414,0.0
2020,11,GB,2020_11_GB_IND,1611.1725,0.0
2020,11,TB,2020_11_LAR_TB,1604.2911,0.0
2020,11,IND,2020_11_GB_IND,1595.7142,0.0
2020,11,SF,2020_10_SF_NO,1594.1681,-41.4989
2020,11,NE,2020_11_NE_HOU,1580.7802,0.0
2020,11,ATL,2020_11_ATL_NO,1574.475,0.0
2020,11,BUF,2020_10_BUF_ARI,1564.4385,0.0
2020,11,ARI,2020_11_ARI_SEA,1563.8351,0.0
2020,11,MIN,2020_11_DAL_MIN,1559.0549,0.0
2020,11,MIA,2020_11_MIA_DEN,1554.9278,-92.785
2020,11,TEN,2020_11_TEN_BAL,1547.5238,0.0
2020,11,OAK,2020_11_KC_OAK,1539.6,0.0
2020,11,HOU,2020_11_NE_HOU,1526.0356,0.0
2020,11,DAL,2020_11_DAL_MIN,1520.9152,-191.6112
2020,11,DET,2020_11_DET_CAR,1480.9866,0.0
2020,11,LAC,2020_11_NYJ_LAC,1472.7944,81.1014
2020,11,CLE,2020_11_PHI_CLE,1470.059,0.0
2020,11,PHI,2020_11_PHI_CLE,1467.698,0.0
2020,11,CHI,2020_10_MIN_CHI,1466.8825,5.8528
2020,11,CAR,2020_11_DET_CAR,1453.9534,-192.1223
2020,11,DEN,2020_11_MIA_DEN,1443.7279,0.0
2020,11,CIN,2020_11_CIN_WAS,1435.3227,0.0
2020,11,NYG,2020_10_PHI_NYG,1420.9859,0.0
2020,11,JAX,2020_11_PIT_JAX,1411.2001,-107.8576
2020,11,WAS,2020_11_CIN_WAS,1375.4084,78.9977
2020,11,NYJ,2020_11_NYJ_LAC,1301.3528,15.0615
2020,12,KC,2020_12_KC_TB,1749.3251,0.0
2020,12,NO,2020_12_NO_DEN,1710.492,-249.671
2020,12,BAL,2020_12_BAL_PIT,1707.6158,-119.5234
2020,12,PIT,2020_12_BAL_PIT,1683.4702,0.0
2020,12,LAR,2020_12_SF_LAR,1626.5047,0.0
2020,12,SEA,2020_12_SEA_PHI,1624.2996,0.0
2020,12,GB,2020_12_CHI_GB,1608.401,0.0
2020,12,TB,2020_12_KC_TB,1604.9517,0.0
2020,12,IND,2020_12_TEN_IND,1600.6218,0.0
2020,12,SF,2020_12_SF_LAR,1578.0736,-43.2293
2020,12,NE,2020_12_ARI_NE,1574.8808,0.0
2020,12,TEN,2020_12_TEN_IND,1567.1135,0.0
2020,12,ARI,2020_12_ARI_NE,1565.411,0.0
2020,12,BUF,2020_12_LAC_BUF,1556.1301,0.0
2020,12,ATL,2020_12_OAK_ATL,1549.7845,0.0
2020,12,MIA,2020_12_MIA_NYJ,1545.3108,0.0
2020,12,OAK,2020_12_OAK_ATL,1544.6616,0.0
2020,12,MIN,2020_12_CAR_MIN,1542.5905,0.0
2020,12,HOU,2020_12_HOU_DET,1539.3837,0.0
2020,12,DAL,2020_12_WAS_DAL,1538.4162,-179.4618
2020,12,CAR,2020_12_CAR_MIN,1480.8381,0.0
2020,12,CLE,2020_12_CLE_JAX,1469.862,0.0
2020,12,LAC,2020_12_LAC_BUF,1462.2337,95.2904
2020,12,PHI,2020_12_SEA_PHI,1458.0212,0.0
2020,12,DEN,2020_12_NO_DEN,1457.0195,-85.0087
2020,12,CHI,2020_12_CHI_GB,1449.7124,0.0
2020,12,DET,2020_12_HOU_DET,1447.4919,0.0
2020,12,NYG,2020_12_NYG_CIN,1433.2479,0.0
2020,12,CIN,2020_12_NYG_CIN,1420.4598,-132.5109
2020,12,JAX,2020_12_CLE_JAX,1387.7602,-34.286
2020,12,WAS,2020_12_WAS_DAL,1381.2388,65.8693
2020,12,NYJ,2020_12_MIA_NYJ,1312.2533,0.0
2020,13,KC,2020_13_DEN_KC,1755.6417,0.0
2020,13,NO,2020_13_NO_ATL,1724.9093,-244.4904
2020,13,BAL,2020_13_DAL_BAL,1700.0142,0.0
2020,13,PIT,2020_13_WAS_PIT,1687.5515,0.0
2020,13,SEA,2020_13_NYG_SEA,1627.2289,0.0
2020,13,GB,2020_13_PHI_GB,1624.9337,0.0
2020,13,TB,2020_12_KC_TB,1604.9517,0.0
2020,13,LAR,2020_13_LAR_ARI,1596.7025,0.0
2020,13,TEN,2020_13_CLE_TEN,1591.4348,0.0
2020,13,SF,2020_13_BUF_SF,1591.3399,-38.8406
2020,13,IND,2020_13_IND_HOU,1586.5689,0.0
2020,13,ATL,2020_13_NO_ATL,1580.2674,0.0
2020,13,BUF,2020_13_BUF_SF,1578.2509,0.0
2020,13,NE,2020_13_NE_LAC,1568.0115,0.0
2020,13,MIA,2020_13_CIN_MIA,1567.3138,-93.9147
2020,13,ARI,2020_13_LAR_ARI,1566.6677,0.0
2020,13,HOU,2020_13_IND_HOU,1559.2634,0.0
2020,13,MIN,2020_13_JAX_MIN,1544.0779,0.0
2020,13,DAL,2020_13_DAL_BAL,1506.2404,-180.1902
2020,13,OAK,2020_13_OAK_NYJ,1504.9956,0.0
2020,13,CAR,2020_12_CAR_MIN,1480.8381,0.0
2020,13,CLE,2020_13_CLE_TEN,1468.8537,0.0
2020,13,PHI,2020_13_PHI_GB,1447.3784,0.0
2020,13,LAC,2020_13_NE_LAC,1441.7819,84.7702
2020,13,CHI,2020_13_DET_CHI,1439.6906,0.0
2020,13,NYG,2020_13_NYG_SEA,1439.5422,-18.5916
2020,13,DEN,2020_13_DEN_KC,1433.6861,0.0
2020,13,DET,2020_13_DET_CHI,1426.8846,0.0
2020,13,CIN,2020_13_CIN_MIA,1410.7015,-133.2101
2020,13,WAS,2020_13_WAS_PIT,1402.1912,53.6558
2020,13,JAX,2020_13_JAX_MIN,1398.562,-24.3917
2020,13,NYJ,2020_13_OAK_NYJ,1281.8894,0.0
2020,14,KC,2020_14_KC_MIA,1749.5848,0.0
2020,14,NO,2020_14_NO_PHI,1738.097,-217.8659
2020,14,BAL,2020_14_BAL_CLE,1709.9205,0.0
2020,14,PIT,2020_14_PIT_BUF,1674.5022,0.0
2020,14,GB,2020_14_GB_DET,1642.2719,0.0
2020,14,LAR,2020_14_NE_LAR,1610.1384,0.0
2020,14,TB,2020_14_MIN_TB,1609.3761,0.0
2020,14,NE,2020_14_NE_LAR,1609.24,0.0
2020,14,SEA,2020_14_NYJ_SEA,1605.4366,0.0
2020,14,BUF,2020_14_PIT_BUF,1600.5948,0.0
2020,14,IND,2020_14_IND_OAK,1591.2826,0.0
2020,14,SF,2020_14_WAS_SF,1587.126,-22.2338
2020,14,TEN,2020_14_TEN_JAX,1583.8622,0.0
2020,14,MIA,2020_14_KC_MIA,1577.6166,-81.1965
2020,14,ATL,2020_14_ATL_LAC,1563.0046,0.0
2020,14,HOU,2020_14_HOU_CHI,1556.4771,0.0
2020,14,ARI,2020_14_ARI_NYG,1555.8425,0.0
2020,14,MIN,2020_14_MIN_TB,1530.3839,0.0
2020,14,OAK,2020_14_IND_OAK,1503.1816,0.0
2020,14,DAL,2020_14_DAL_CIN,1494.9485,-166.9994
2020,14,CLE,2020_14_BAL_CLE,1489.0175,0.0
2020,14,CAR,2020_14_DEN_CAR,1479.8651,0.0
2020,14,NYG,2020_14_ARI_NYG,1448.449,0.0
2020,14,DEN,2020_14_DEN_CAR,1444.9157,0.0
2020,14,DET,2020_14_GB_DET,1441.0369,0.0
2020,14,PHI,2020_14_NO_PHI,1432.7866,-6.8482
2020,14,CHI,2020_14_HOU_CHI,1432.0219,0.0
2020,14,WAS,2020_14_WAS_SF,1415.2493,68.5769
2020,14,JAX,2020_14_TEN_JAX,1403.4552,-25.0913
2020,14,CIN,2020_14_DAL_CIN,1403.2853,-138.8023
2020,14,LAC,2020_14_ATL_LAC,1372.1569,55.4483
2020,14,NYJ,2020_14_NYJ_SEA,1284.4318,0.0
2020,15,KC,2020_15_KC_NO,1748.328,0.0
2020,15,NO,2020_15_KC_NO,1728.6071,0.0
2020,15,BAL,2020_15_JAX_BAL,1712.4395,0.0
2020,15,GB,2020_15_CAR_GB,1652.5789,0.0
2020,15,PIT,2020_15_PIT_CIN,1647.0413,0.0
2020,15,SEA,2020_15_SEA_WAS,1630.5768,0.0
2020,15,LAR,2020_15_NYJ_LAR,1630.4545,0.0
2020,15,BUF,2020_15_BUF_DEN,1627.1219,0.0
2020,15,TB,2020_15_TB_ATL,1621.7255,0.0
2020,15,IND,2020_15_HOU_IND,1617.4279,0.0
2020,15,TEN,2020_15_DET_TEN,1595.9879,0.0
2020,15,MIA,2020_15_NE_MIA,1579.7417,-73.1427
2020,15,NE,2020_15_NE_MIA,1575.2849,0.0
2020,15,ARI,2020_15_PHI_ARI,1575.0928,0.0
2020,15,SF,2020_15_SF_DAL,1570.811,-31.28
2020,15,ATL,2020_15_TB_ATL,1556.7384,0.0
2020,15,MIN,2020_15_CHI_MIN,1529.0091,0.0
2020,15,HOU,2020_15_HOU_IND,1520.4889,0.0
2020,15,DAL,2020_15_SF_DAL,1512.4446,-164.4301
2020,15,CLE,2020_15_CLE_NYG,1492.0599,0.0
2020,15,OAK,2020_15_LAC_OAK,1488.2817,0.0
2020,15,CHI,2020_15_CHI_MIN,1472.9068,0.0
2020,15,CAR,2020_15_CAR_GB,1468.995,0.0
2020,15,DEN,2020_15_BUF_DEN,1460.1194,0.0
2020,15,PHI,2020_15_PHI_ARI,1443.1432,16.2112
2020,15,DET,2020_15_DET_TEN,1441.1722,0.0
2020,15,NYG,2020_15_CLE_NYG,1417.8472,-33.0021
2020,15,WAS,2020_15_SEA_WAS,1417.314,0.0
2020,15,CIN,2020_15_PIT_CIN,1394.2429,-105.9951
2020,15,JAX,2020_15_JAX_BAL,1390.5535,0.0
2020,15,LAC,2020_15_LAC_OAK,1378.7794,60.8046
2020,15,NYJ,2020_15_NYJ_LAR,1257.1738,0.0
2020,16,KC,2020_16_ATL_KC,1753.9875,0.0
2020,16,BAL,2020_16_NYG_BAL,1733.3928,0.0
2020,16,NO,2020_16_MIN_NO,1719.0758,0.0
2020,16,BUF,2020_16_BUF_NE,1668.2059,0.0
2020,16,GB,2020_16_TEN_GB,1654.6176,0.0
2020,16,TB,2020_16_TB_DET,1634.7289,0.0
2020,16,SEA,2020_16_LAR_SEA,1633.3051,0.0
2020,16,IND,2020_16_IND_PIT,1624.3878,0.0
2020,16,PIT,2020_16_IND_PIT,1624.2441,0.0
2020,16,TEN,2020_16_TEN_GB,1616.7533,0.0
2020,16,LAR,2020_16_LAR_SEA,1592.1424,0.0
2020,16,MIA,2020_16_MIA_OAK,1582.3371,-67.6969
2020,16,ARI,2020_16_SF_ARI,1575.3486,0.0
2020,16,NE,2020_16_BUF_NE,1570.4074,0.0
2020,16,SF,2020_16_SF_ARI,1565.9769,-35.3452
2020,16,ATL,2020_16_ATL_KC,1550.3258,0.0
2020,16,HOU,2020_16_CIN_HOU,1521.6239,0.0
2020,16,DAL,2020_16_PHI_DAL,1520.136,-160.0201
2020,16,MIN,2020_16_MIN_NO,1518.7651,0.0
2020,16,CLE,2020_16_CLE_NYJ,1507.6606,0.0
2020,16,OAK,2020_16_MIA_OAK,1487.8249,0.0
2020,16,CHI,2020_16_CHI_JAX,1485.3071,0.0
2020,16,CAR,2020_16_CAR_WAS,1465.6026,0.0
2020,16,PHI,2020_16_PHI_DAL,1440.3565,31.3431
2020,16,DET,2020_16_TB_DET,1438.9701,0.0
2020,16,DEN,2020_16_DEN_LAC,1433.4867,0.0
2020,16,WAS,2020_16_CAR_WAS,1415.8468,0.0
2020,16,CIN,2020_16_CIN_HOU,1413.1353,-122.513
2020,16,NYG,2020_16_NYG_BAL,1404.591,0.0
2020,16,LAC,2020_16_DEN_LAC,1381.5879,75.2109
2020,16,JAX,2020_16_CHI_JAX,1374.0845,-30.4369
2020,16,NYJ,2020_16_CLE_NYJ,1287.037,0.0
2020,17,BAL,2020_17_BAL_CIN,1744.0346,0.0
2020,17,KC,2020_17_LAC_KC,1741.9225,-201.4387
2020,17,NO,2020_17_NO_CAR,1725.9142,0.0
2020,17,BUF,2020_17_MIA_BUF,1707.1181,0.0
2020,17,GB,2020_17_GB_CHI,1682.1141,0.0
2020,17,TB,2020_17_ATL_TB,1676.1795,0.0
2020,17,SEA,2020_17_SEA_SF,1647.6714,0.0
2020,17,IND,2020_17_JAX_IND,1632.381,0.0
2020,17,PIT,2020_17_PIT_CLE,1621.0578,-129.956
2020,17,TEN,2020_17_TEN_HOU,1592.1767,0.0
2020,17,MIA,2020_17_MIA_BUF,1585.0989,-75.3329
2020,17,LAR,2020_17_ARI_LAR,1577.3269,-150.2628
2020,17,SF,2020_17_SEA_SF,1573.5151,-30.3816
2020,17,ARI,2020_17_ARI_LAR,1563.5592,0.0
2020,17,ATL,2020_17_ATL_TB,1560.698,0.0
2020,17,DAL,2020_17_DAL_NYG,1544.6027,-142.379
2020,17,NE,2020_17_NYJ_NE,1540.4066,0.0
2020,17,MIN,2020_17_MIN_DET,1514.0366,0.0
2020,17,CHI,2020_17_GB_CHI,1513.9799,0.0
2020,17,HOU,2020_17_TEN_HOU,1503.6056,0.0
2020,17,CLE,2020_17_PIT_CLE,1494.4136,0.0
2020,17,OAK,2020_17_OAK_DEN,1485.7134,0.0
2020,17,CAR,2020_17_NO_CAR,1467.7722,0.0
2020,17,CIN,2020_17_BAL_CIN,1441.5,-90.6643
2020,17,DEN,2020_17_OAK_DEN,1435.3371,0.0
2020,17,PHI,2020_17_WAS_PHI,1418.1128,33.0653
2020,17,WAS,2020_17_WAS_PHI,1409.9406,24.0477
2020,17,NYG,2020_17_DAL_NYG,1392.6277,0.0
2020,17,DET,2020_17_MIN_DET,1391.3564,0.0
2020,17,LAC,2020_17_LAC_KC,1375.9011,74.7044
2020,17,JAX,2020_17_JAX_IND,1344.5858,-29.1194
2020,17,NYJ,2020_17_NYJ_NE,1298.1552,0.0
2021,1,BAL,2021_01_BAL_OAK,1670.2294,0.0
2021,1,BUF,2021_01_PIT_BUF,1658.0272,0.0
2021,1,GB,2021_01_GB_NO,1650.2536,0.0
2021,1,KC,2021_01_CLE_KC,1650.052,0.0
2021,1,NO,2021_01_GB_NO,1625.2116,0.0
2021,1,TB,2021_01_DAL_TB,1613.4271,0.0
2021,1,SEA,2021_01_SEA_IND,1602.1171,0.0
2021,1,PIT,2021_01_PIT_BUF,1585.695,0.0
2021,1,TEN,2021_01_ARI_TEN,1574.7301,0.0
2021,1,ARI,2021_01_ARI_TEN,1557.4122,0.0
2021,1,DAL,2021_01_DAL_TB,1553.511,0.0
2021,1,IND,2021_01_SEA_IND,1549.4541,0.0
2021,1,LAR,2021_01_CHI_LAR,1542.3061,0.0
2021,1,ATL,2021_01_PHI_ATL,1537.2331,0.0
2021,1,MIA,2021_01_MIA_NE,1524.0402,0.0
2021,1,MIN,2021_01_MIN_CIN,1522.2686,0.0
2021,1,NE,2021_01_MIA_NE,1515.9065,0.0
2021,1,SF,2021_01_SF_DET,1513.5755,0.0
2021,1,CLE,2021_01_CLE_KC,1509.4789,0.0
2021,1,OAK,2021_01_BAL_OAK,1508.3186,0.0
2021,1,CHI,2021_01_CHI_LAR,1487.4357,0.0
2021,1,HOU,2021_01_JAX_HOU,1484.1954,0.0
2021,1,WAS,2021_01_LAC_WAS,1467.0561,0.0
2021,1,DEN,2021_01_DEN_NYG,1459.5385,0.0
2021,1,DET,2021_01_SF_DET,1457.8564,0.0
2021,1,CIN,2021_01_MIN_CIN,1457.2227,0.0
2021,1,LAC,2021_01_LAC_WAS,1455.1626,0.0
2021,1,CAR,2021_01_NYJ_CAR,1446.8959,0.0
2021,1,PHI,2021_01_PHI_ATL,1440.0763,0.0
2021,1,NYG,2021_01_DEN_NYG,1433.6036,0.0
2021,1,JAX,2021_01_JAX_HOU,1395.5308,0.0
2021,1,NYJ,2021_01_NYJ_CAR,1369.6683,0.0
2021,2,NO,2021_02_NO_CAR,1669.3661,0.0
2021,2,BAL,2021_02_KC_BAL,1665.6386,0.0
2021,2,KC,2021_02_KC_BAL,1652.3422,0.0
2021,2,BUF,2021_02_BUF_MIA,1641.5977,0.0
2021,2,SEA,2021_02_TEN_SEA,1620.2309,0.0
2021,2,TB,2021_02_ATL_TB,1618.7228,0.0
2021,2,GB,2021_02_DET_GB,1606.2881,0.0
2021,2,PIT,2021_02_OAK_PIT,1597.5025,0.0
2021,2,ARI,2021_02_MIN_ARI,1591.0265,0.0
2021,2,LAR,2021_02_LAR_IND,1563.9503,0.0
2021,2,DAL,2021_02_DAL_LAC,1553.1716,0.0
2021,2,TEN,2021_02_TEN_SEA,1532.1256,0.0
2021,2,SF,2021_02_SF_PHI,1531.0713,0.0
2021,2,IND,2021_02_LAR_IND,1529.6697,0.0
2021,2,NE,2021_02_NE_NYJ,1526.0526,0.0
2021,2,MIN,2021_02_MIN_ARI,1523.3645,0.0
2021,2,MIA,2021_02_BUF_MIA,1518.4276,0.0
2021,2,CLE,2021_02_HOU_CLE,1517.8408,0.0
2021,2,OAK,2021_02_OAK_PIT,1514.8096,0.0
2021,2,HOU,2021_02_HOU_CLE,1501.9294,0.0
2021,2,ATL,2021_02_ATL_TB,1493.886,0.0
2021,2,DEN,2021_02_DEN_JAX,1484.9705,0.0
2021,2,PHI,2021_02_SF_PHI,1476.301,0.0
2021,2,CHI,2021_02_CIN_CHI,1470.7132,0.0
2021,2,LAC,2021_02_DAL_LAC,1463.2477,0.0
2021,2,WAS,2021_02_NYG_WAS,1461.881,-159.3844
2021,2,CIN,2021_02_CIN_CHI,1461.5096,0.0
2021,2,CAR,2021_02_NO_CAR,1452.3834,0.0
2021,2,DET,2021_02_DET_GB,1441.4631,0.0
2021,2,NYG,2021_02_NYG_WAS,1419.4357,0.0
2021,2,JAX,2021_02_DEN_JAX,1381.6606,0.0
2021,2,NYJ,2021_02_NE_NYJ,1361.5154,0.0
2021,3,BUF,2021_03_WAS_BUF,1675.5112,0.0
2021,3,BAL,2021_03_BAL_DET,1670.3935,0.0
2021,3,KC,2021_03_LAC_KC,1654.5293,0.0
2021,3,TB,2021_03_TB_LAR,1638.4211,0.0
2021,3,NO,2021_03_NO_NE,1636.8811,0.0
2021,3,SEA,2021_03_SEA_MIN,1615.8046,0.0
2021,3,GB,2021_03_GB_SF,1614.9778,0.0
2021,3,ARI,2021_03_ARI_JAX,1590.1353,0.0
2021,3,PIT,2021_03_CIN_PIT,1585.3468,0.0
2021,3,LAR,2021_03_TB_LAR,1573.9401,0.0
2021,3,DAL,2021_03_PHI_DAL,1553.8832,0.0
2021,3,NE,2021_03_NO_NE,1542.6074,0.0
2021,3,SF,2021_03_GB_SF,1538.6829,0.0
2021,3,TEN,2021_03_IND_TEN,1538.4503,0.0
2021,3,OAK,2021_03_MIA_OAK,1533.0751,0.0
2021,3,CLE,2021_03_CHI_CLE,1531.6132,0.0
2021,3,MIN,2021_03_SEA_MIN,1530.0918,0.0
2021,3,IND,2021_03_IND_TEN,1521.6326,0.0
2021,3,DEN,2021_03_NYJ_DEN,1504.4329,0.0
2021,3,HOU,2021_03_CAR_HOU,1493.1155,-54.1888
2021,3,CAR,2021_03_CAR_HOU,1483.9555,0.0
2021,3,PHI,2021_03_PHI_DAL,1474.9291,0.0
2021,3,MIA,2021_03_MIA_OAK,1472.6729,-0.9494
2021,3,ATL,2021_03_ATL_NYG,1467.8609,0.0
2021,3,WAS,2021_03_WAS_BUF,1467.6276,-134.2463
2021,3,CHI,2021_03_CHI_CLE,1464.5683,-11.4013
2021,3,LAC,2021_03_LAC_KC,1461.723,0.0
2021,3,CIN,2021_03_CIN_PIT,1456.6303,0.0
2021,3,DET,2021_03_BAL_DET,1437.6077,0.0
2021,3,NYG,2021_03_ATL_NYG,1427.5181,0.0
2021,3,JAX,2021_03_ARI_JAX,1366.6521,0.0
2021,3,NYJ,2021_03_NYJ_DEN,1336.078,0.0
2021,4,BUF,2021_04_HOU_BUF,1695.3725,0.0
2021,4,BAL,2021_04_BAL_DEN,1663.9707,0.0
2021,4,KC,2021_04_KC_PHI,1650.0661,0.0
2021,4,NO,2021_04_NYG_NO,1646.9959,0.0
2021,4,TB,2021_04_TB_NE,1629.7571,0.0
2021,4,GB,2021_04_PIT_GB,1619.4134,0.0
2021,4,SEA,2021_04_SEA_SF,1601.4159,0.0
2021,4,ARI,2021_04_ARI_LAR,1595.4672,0.0
2021,4,LAR,2021_04_ARI_LAR,1591.8121,0.0
2021,4,DAL,2021_04_CAR_DAL,1573.0858,0.0
2021,4,PIT,2021_04_PIT_GB,1560.882,0.0
2021,4,CLE,2021_04_CLE_MIN,1552.293,0.0
2021,4,MIN,2021_04_CLE_MIN,1550.9963,0.0
2021,4,TEN,2021_04_TEN_NYJ,1545.7191,0.0
2021,4,SF,2021_04_SEA_SF,1543.2695,0.0
2021,4,DEN,2021_04_BAL_DEN,1538.8718,0.0
2021,4,OAK,2021_04_OAK_LAC,1534.0318,0.0
2021,4,NE,2021_04_TB_NE,1526.3199,0.0
2021,4,CAR,2021_04_CAR_DAL,1508.6585,0.0
2021,4,IND,2021_04_IND_MIA,1508.6496,0.0
2021,4,CIN,2021_04_JAX_CIN,1478.7252,0.0
2021,4,LAC,2021_04_OAK_LAC,1472.6697,0.0
2021,4,HOU,2021_04_HOU_BUF,1469.6892,-56.0659
2021,4,MIA,2021_04_IND_MIA,1468.2574,5.4372
2021,4,ATL,2021_04_WAS_ATL,1466.4527,0.0
2021,4,WAS,2021_04_WAS_ATL,1454.4209,-123.2863
2021,4,PHI,2021_04_KC_PHI,1451.1069,0.0
2021,4,DET,2021_04_DET_CHI,1440.9837,0.0
2021,4,CHI,2021_04_DET_CHI,1439.6673,-51.6233
2021,4,NYG,2021_04_NYG_NO,1428.7998,0.0
2021,4,JAX,2021_04_JAX_CIN,1354.059,0.0
2021,4,NYJ,2021_04_TEN_NYJ,1298.1297,0.0
2021,5,BUF,2021_05_BUF_KC,1723.6638,0.0
2021,5,BAL,2021_05_IND_BAL,1675.7782,0.0
2021,5,KC,2021_05_BUF_KC,1665.9651,0.0
2021,5,NO,2021_05_NO_WAS,1631.8988,0.0
2021,5,GB,2021_05_GB_CIN,1625.6579,0.0
2021,5,TB,2021_05_MIA_TB,1624.4576,0.0
2021,5,ARI,2021_05_SF_ARI,1616.9988,0.0
2021,5,SEA,2021_05_LAR_SEA,1606.299,0.0
2021,5,DAL,2021_05_NYG_DAL,1582.0682,0.0
2021,5,LAR,2021_05_LAR_SEA,1577.8936,0.0
2021,5,CLE,2021_05_CLE_LAC,1558.8062,0.0
2021,5,PIT,2021_05_DEN_PIT,1550.2097,0.0
2021,5,SF,2021_05_SF_ARI,1534.2147,-27.7874
2021,5,TEN,2021_05_TEN_JAX,1532.4822,0.0
2021,5,MIN,2021_05_DET_MIN,1532.0077,0.0
2021,5,NE,2021_05_NE_HOU,1530.8402,0.0
2021,5,IND,2021_05_IND_BAL,1528.2383,0.0
2021,5,DEN,2021_05_DEN_PIT,1517.5543,0.0
2021,5,OAK,2021_05_CHI_OAK,1512.5498,0.0
2021,5,CAR,2021_05_PHI_CAR,1505.9072,0.0
2021,5,LAC,2021_05_CLE_LAC,1487.3845,0.0
2021,5,CIN,2021_05_GB_CIN,1479.4965,0.0
2021,5,WAS,2021_05_NO_WAS,1475.5869,-98.1189
2021,5,ATL,2021_05_NYJ_ATL,1461.1351,0.0
2021,5,MIA,2021_05_MIA_TB,1455.0382,4.6782
2021,5,PHI,2021_05_PHI_CAR,1446.7781,0.0
2021,5,NYG,2021_05_NYG_DAL,1446.1729,0.0
2021,5,CHI,2021_05_CHI_OAK,1444.346,-56.4318
2021,5,DET,2021_05_DET_MIN,1437.1546,0.0
2021,5,HOU,2021_05_NE_HOU,1428.7526,-86.0793
2021,5,JAX,2021_05_TEN_JAX,1363.0217,0.0
2021,5,NYJ,2021_05_NYJ_ATL,1311.4575,0.0
2021,6,BUF,2021_06_BUF_TEN,1738.2281,0.0
2021,6,TB,2021_06_TB_PHI,1668.8662,0.0
2021,6,BAL,2021_06_LAC_BAL,1667.4366,0.0
2021,6,KC,2021_06_KC_WAS,1653.9083,0.0
2021,6,NO,2021_05_NO_WAS,1631.8988,0.0
2021,6,GB,2021_06_GB_CHI,1627.0179,0.0
2021,6,ARI,2021_06_ARI_CLE,1626.5189,0.0
2021,6,DAL,2021_06_DAL_NE,1606.5388,0.0
2021,6,LAR,2021_06_LAR_NYG,1597.079,0.0
2021,6,SEA,2021_06_SEA_PIT,1593.4306,-72.4539
2021,6,PIT,2021_06_SEA_PIT,1557.638,0.0
2021,6,CLE,2021_06_ARI_CLE,1549.8749,0.0
2021,6,IND,2021_06_HOU_IND,1544.8947,0.0
2021,6,TEN,2021_06_BUF_TEN,1537.999,0.0
2021,6,NE,2021_06_DAL_NE,1534.8444,0.0
2021,6,SF,2021_05_SF_ARI,1534.2147,-27.7874
2021,6,MIN,2021_06_MIN_CAR,1521.3783,0.0
2021,6,DEN,2021_06_OAK_DEN,1518.1098,0.0
2021,6,LAC,2021_06_LAC_BAL,1511.8737,0.0
2021,6,OAK,2021_06_OAK_DEN,1489.1298,0.0
2021,6,CAR,2021_06_MIN_CAR,1486.0396,0.0
2021,6,CIN,2021_06_CIN_DET,1473.1427,0.0
2021,6,WAS,2021_06_KC_WAS,1472.1164,-103.8911
2021,6,CHI,2021_06_GB_CHI,1461.5045,-61.007
2021,6,ATL,2021_05_NYJ_ATL,1461.1351,0.0
2021,6,PHI,2021_06_TB_PHI,1452.3217,0.0
2021,6,DET,2021_06_CIN_DET,1437.4877,0.0
2021,6,HOU,2021_06_HOU_IND,1433.4741,-61.5265
2021,6,MIA,2021_06_MIA_JAX,1426.2074,0.0
2021,6,NYG,2021_06_LAR_NYG,1425.137,0.0
2021,6,JAX,2021_06_MIA_JAX,1356.4155,0.0
2021,6,NYJ,2021_05_NYJ_ATL,1311.4575,0.0
2021,7,BUF,2021_06_BUF_TEN,1738.2281,0.0
2021,7,BAL,2021_07_CIN_BAL,1691.9247,0.0
2021,7,TB,2021_07_CHI_TB,1681.445,0.0
2021,7,ARI,2021_07_HOU_ARI,1663.2733,0.0
2021,7,KC,2021_07_KC_TEN,1663.0109,0.0
2021,7,NO,2021_07_NO_SEA,1639.3286,0.0
2021,7,GB,2021_07_WAS_GB,1630.8187,0.0
2021,7,LAR,2021_07_DET_LAR,1621.0873,0.0
2021,7,DAL,2021_06_DAL_NE,1606.5388,0.0
2021,7,SEA,2021_07_NO_SEA,1590.9427,-75.6331
2021,7,IND,2021_07_IND_SF,1573.147,0.0
2021,7,PIT,2021_06_SEA_PIT,1557.638,0.0
2021,7,TEN,2021_07_KC_TEN,1548.6779,0.0
2021,7,NE,2021_07_NYJ_NE,1528.8066,0.0
2021,7,SF,2021_07_IND_SF,1521.8169,0.0
2021,7,MIN,2021_06_MIN_CAR,1521.3783,0.0
2021,7,CLE,2021_07_DEN_CLE,1515.0413,-39.8956
2021,7,LAC,2021_06_LAC_BAL,1511.8737,0.0
2021,7,CIN,2021_07_CIN_BAL,1504.605,0.0
2021,7,DEN,2021_07_DEN_CLE,1504.3473,0.0
2021,7,OAK,2021_07_PHI_OAK,1503.5594,0.0
2021,7,ATL,2021_07_ATL_MIA,1479.2172,0.0
2021,7,CAR,2021_07_CAR_NYG,1472.6121,0.0
2021,7,WAS,2021_07_WAS_GB,1463.4647,-106.0136
2021,7,CHI,2021_07_CHI_TB,1460.6648,-61.094
2021,7,PHI,2021_07_PHI_OAK,1442.6548,0.0
2021,7,MIA,2021_07_ATL_MIA,1421.3645,0.0
2021,7,HOU,2021_07_HOU_ARI,1404.4688,-68.4442
2021,7,DET,2021_07_DET_LAR,1403.8168,0.0
2021,7,NYG,2021_07_CAR_NYG,1400.1545,0.0
2021,7,JAX,2021_06_MIA_JAX,1356.4155,0.0
2021,7,NYJ,2021_07_NYJ_NE,1300.4007,0.0
2021,8,BUF,2021_08_MIA_BUF,1729.3764,0.0
2021,8,TB,2021_08_TB_NO,1705.2632,0.0
2021,8,BAL,2021_07_CIN_BAL,1691.9247,0.0
2021,8,ARI,2021_08_GB_ARI,1686.448,0.0
2021,8,NO,2021_08_TB_NO,1634.7419,0.0
2021,8,KC,2021_08_NYG_KC,1632.1018,0.0
2021,8,GB,2021_08_GB_ARI,1631.8551,0.0
2021,8,LAR,2021_08_LAR_HOU,1620.6113,0.0
2021,8,DAL,2021_08_DAL_MIN,1612.9174,-241.7831
2021,8,SEA,2021_08_JAX_SEA,1590.0255,-84.8764
2021,8,IND,2021_08_TEN_IND,1589.2311,0.0
2021,8,NE,2021_08_NE_LAC,1577.8486,0.0
2021,8,TEN,2021_08_TEN_IND,1571.9867,0.0
2021,8,PIT,2021_08_PIT_CLE,1551.7123,0.0
2021,8,CIN,2021_08_CIN_NYJ,1546.7752,0.0
2021,8,MIN,2021_08_DAL_MIN,1531.3914,0.0
2021,8,CLE,2021_08_PIT_CLE,1527.8264,0.0
2021,8,SF,2021_08_SF_CHI,1503.739,0.0
2021,8,OAK,2021_07_PHI_OAK,1503.5594,0.0
2021,8,DEN,2021_08_WAS_DEN,1501.2027,0.0
2021,8,LAC,2021_08_NE_LAC,1480.7186,0.0
2021,8,ATL,2021_08_CAR_ATL,1480.3805,0.0
2021,8,WAS,2021_08_WAS_DEN,1462.3366,-89.3935
2021,8,PHI,2021_08_PHI_DET,1442.0732,0.0
2021,8,CAR,2021_08_CAR_ATL,1440.2927,0.0
2021,8,CHI,2021_08_SF_CHI,1426.6029,-74.0632
2021,8,NYG,2021_08_NYG_KC,1421.7383,0.0
2021,8,MIA,2021_08_MIA_BUF,1419.9777,0.0
2021,8,DET,2021_08_PHI_DET,1408.9497,0.0
2021,8,HOU,2021_08_LAR_HOU,1372.1377,-68.2574
2021,8,JAX,2021_08_JAX_SEA,1360.9679,0.0
2021,8,NYJ,2021_08_CIN_NYJ,1263.8605,-17.3126
2021,9,BUF,2021_09_BUF_JAX,1728.7398,0.0
2021,9,TB,2021_08_TB_NO,1705.2632,0.0
2021,9,ARI,2021_09_ARI_SF,1683.3819,-106.1629
2021,9,BAL,2021_09_MIN_BAL,1653.9299,0.0
2021,9,NO,2021_09_ATL_NO,1649.3863,-59.8698
2021,9,GB,2021_09_GB_KC,1635.6586,-134.3769
2021,9,LAR,2021_09_TEN_LAR,1633.5189,0.0
2021,9,DAL,2021_09_DEN_DAL,1631.8043,0.0
2021,9,KC,2021_09_GB_KC,1628.1435,0.0
2021,9,SEA,2021_08_JAX_SEA,1590.0255,-84.8764
2021,9,NE,2021_09_NE_CAR,1584.455,0.0
2021,9,IND,2021_09_NYJ_IND,1582.805,0.0
2021,9,TEN,2021_09_TEN_LAR,1572.5304,0.0
2021,9,PIT,2021_09_CHI_PIT,1555.4173,0.0
2021,9,CIN,2021_09_CLE_CIN,1526.3679,0.0
2021,9,CLE,2021_09_CLE_CIN,1523.2111,0.0
2021,9,SF,2021_09_ARI_SF,1522.5614,0.0
2021,9,OAK,2021_09_OAK_NYG,1512.863,0.0
2021,9,MIN,2021_09_MIN_BAL,1509.7087,0.0
2021,9,DEN,2021_09_DEN_DAL,1503.1823,0.0
2021,9,LAC,2021_09_LAC_PHI,1472.7986,0.0
2021,9,PHI,2021_09_LAC_PHI,1472.4589,0.0
2021,9,ATL,2021_09_ATL_NO,1462.8474,0.0
2021,9,WAS,2021_08_WAS_DEN,1462.3366,-89.3935
2021,9,CAR,2021_09_NE_CAR,1454.6558,0.0
2021,9,NYG,2021_09_OAK_NYG,1420.408,0.0
2021,9,CHI,2021_09_CHI_PIT,1418.2248,-55.3768
2021,9,MIA,2021_09_HOU_MIA,1416.6988,-12.2771
2021,9,DET,2021_08_PHI_DET,1408.9497,0.0
2021,9,HOU,2021_09_HOU_MIA,1360.8401,0.0
2021,9,JAX,2021_09_BUF_JAX,1345.4364,0.0
2021,9,NYJ,2021_09_NYJ_IND,1286.3945,10.4129
2021,10,BUF,2021_10_BUF_NYJ,1703.2374,0.0
2021,10,ARI,2021_10_CAR_ARI,1703.1571,-96.1396
2021,10,TB,2021_10_TB_WAS,1692.8955,0.0
2021,10,BAL,2021_10_BAL_MIA,1654.309,0.0
2021,10,NO,2021_10_NO_TEN,1646.1463,-53.6756
2021,10,GB,2021_10_SEA_GB,1629.7803,0.0
2021,10,KC,2021_10_KC_OAK,1625.6339,0.0
2021,10,LAR,2021_10_LAR_SF,1616.2664,0.0
2021,10,NE,2021_10_CLE_NE,1604.8269,0.0
2021,10,SEA,2021_10_SEA_GB,1602.8634,0.0
2021,10,DAL,2021_10_ATL_DAL,1598.0302,0.0
2021,10,IND,2021_10_JAX_IND,1595.76,0.0
2021,10,TEN,2021_10_NO_TEN,1586.9831,0.0
2021,10,PIT,2021_10_DET_PIT,1551.7405,-108.5725
2021,10,CLE,2021_10_CLE_NE,1548.9959,0.0
2021,10,DEN,2021_10_PHI_DEN,1534.0041,0.0
2021,10,CIN,2021_09_CLE_CIN,1526.3679,0.0
2021,10,MIN,2021_10_MIN_LAC,1513.5404,0.0
2021,10,SF,2021_10_LAR_SF,1510.3067,0.0
2021,10,OAK,2021_10_KC_OAK,1500.2299,0.0
2021,10,LAC,2021_10_MIN_LAC,1480.2778,0.0
2021,10,PHI,2021_10_PHI_DEN,1477.1321,0.0
2021,10,ATL,2021_10_ATL_DAL,1467.6837,0.0
2021,10,WAS,2021_10_TB_WAS,1461.9687,-97.0185
2021,10,CAR,2021_10_CAR_ARI,1422.048,-83.0678
2021,10,NYG,2021_09_OAK_NYG,1420.408,0.0
2021,10,MIA,2021_10_BAL_MIA,1418.3542,-28.8293
2021,10,CHI,2021_09_CHI_PIT,1418.2248,-55.3768
2021,10,DET,2021_10_DET_PIT,1368.5897,0.0
2021,10,JAX,2021_10_JAX_IND,1362.8982,0.0
2021,10,HOU,2021_09_HOU_MIA,1360.8401,0.0
2021,10,NYJ,2021_10_BUF_NYJ,1289.408,11.0768
2021,11,BUF,2021_11_IND_BUF,1728.8682,0.0
2021,11,TB,2021_11_NYG_TB,1668.5208,0.0
2021,11,KC,2021_11_DAL_KC,1655.4392,0.0
2021,11,NE,2021_11_NE_ATL,1653.6967,0.0
2021,11,ARI,2021_11_ARI_SEA,1650.9097,-117.0613
2021,11,NO,2021_11_NO_PHI,1649.2877,-51.7385
2021,11,GB,2021_11_GB_MIN,1640.8968,0.0
2021,11,DAL,2021_11_DAL_KC,1636.9095,0.0
2021,11,BAL,2021_11_BAL_CHI,1628.7132,-229.2465
2021,11,LAR,2021_10_LAR_SF,1616.2664,0.0
2021,11,IND,2021_11_IND_BUF,1583.0325,0.0
2021,11,TEN,2021_11_HOU_TEN,1582.5452,0.0
2021,11,SEA,2021_11_ARI_SEA,1581.819,0.0
2021,11,PIT,2021_11_PIT_LAC,1547.845,0.0
2021,11,SF,2021_11_SF_JAX,1545.8593,0.0
2021,11,DEN,2021_10_PHI_DEN,1534.0041,0.0
2021,11,MIN,2021_11_GB_MIN,1523.4005,0.0
2021,11,CLE,2021_11_DET_CLE,1513.173,0.0
2021,11,PHI,2021_11_NO_PHI,1499.3427,0.0
2021,11,CIN,2021_11_CIN_OAK,1493.8362,0.0
2021,11,WAS,2021_11_WAS_CAR,1492.4159,-90.194
2021,11,OAK,2021_11_CIN_OAK,1471.2871,0.0
2021,11,CAR,2021_11_WAS_CAR,1469.942,48.6936
2021,11,LAC,2021_11_PIT_LAC,1468.6654,0.0
2021,11,MIA,2021_11_MIA_NYJ,1433.38,0.0
2021,11,NYG,2021_11_NYG_TB,1429.1074,0.0
2021,11,CHI,2021_11_BAL_CHI,1424.9342,-44.214
2021,11,ATL,2021_11_NE_ATL,1424.6799,0.0
2021,11,JAX,2021_11_SF_JAX,1366.2071,0.0
2021,11,DET,2021_11_DET_CLE,1360.6906,-130.1564
2021,11,HOU,2021_11_HOU_TEN,1351.8347,0.0
2021,11,NYJ,2021_11_MIA_NYJ,1266.3363,47.7545
2021,12,BUF,2021_12_BUF_NO,1692.101,0.0
2021,12,TB,2021_12_TB_IND,1685.8091,0.0
2021,12,NE,2021_12_TEN_NE,1672.3633,0.0
2021,12,KC,2021_11_DAL_KC,1655.4392,0.0
2021,12,ARI,2021_11_ARI_SEA,1650.9097,-117.0613
2021,12,GB,2021_12_LAR_GB,1641.5642,0.0
2021,12,NO,2021_12_BUF_NO,1633.596,-44.0591
2021,12,BAL,2021_12_CLE_BAL,1628.5233,0.0
2021,12,DAL,2021_12_OAK_DAL,1621.1839,0.0
2021,12,IND,2021_12_TB_IND,1616.5804,0.0
2021,12,LAR,2021_12_LAR_GB,1583.8433,0.0
2021,12,SEA,2021_12_SEA_WAS,1563.2489,0.0
2021,12,SF,2021_12_MIN_SF,1562.9568,0.0
2021,12,TEN,2021_12_TEN_NE,1551.9388,0.0
2021,12,PIT,2021_12_PIT_CIN,1539.8614,0.0
2021,12,MIN,2021_12_MIN_SF,1536.6178,0.0
2021,12,CIN,2021_12_PIT_CIN,1518.1657,0.0
2021,12,PHI,2021_12_PHI_NYG,1516.8956,0.0
2021,12,WAS,2021_12_SEA_WAS,1516.546,-75.7398
2021,12,DEN,2021_12_LAC_DEN,1513.4636,0.0
2021,12,CLE,2021_12_CLE_BAL,1498.5667,0.0
2021,12,LAC,2021_12_LAC_DEN,1485.2471,0.0
2021,12,CAR,2021_12_CAR_MIA,1451.9518,64.8422
2021,12,OAK,2021_12_OAK_DAL,1444.106,0.0
2021,12,MIA,2021_12_CAR_MIA,1438.3312,0.0
2021,12,CHI,2021_12_CHI_DET,1424.6859,0.0
2021,12,NYG,2021_12_PHI_NYG,1404.9892,0.0
2021,12,ATL,2021_12_ATL_JAX,1391.7864,0.0
2021,12,HOU,2021_12_NYJ_HOU,1375.7055,0.0
2021,12,DET,2021_12_CHI_DET,1363.4022,0.0
2021,12,JAX,2021_12_ATL_JAX,1357.2241,0.0
2021,12,NYJ,2021_12_NYJ_HOU,1258.8896,0.0
2021,13,BUF,2021_13_NE_BUF,1721.1429,0.0
2021,13,NE,2021_13_NE_BUF,1699.4766,0.0
2021,13,TB,2021_13_TB_ATL,1693.1252,0.0
2021,13,ARI,2021_13_ARI_CHI,1665.1002,0.0
2021,13,KC,2021_13_DEN_KC,1657.7899,0.0
2021,13,GB,2021_12_LAR_GB,1641.5642,0.0
2021,13,BAL,2021_13_BAL_PIT,1621.4871,0.0
2021,13,IND,2021_13_IND_HOU,1610.7459,0.0
2021,13,DAL,2021_13_DAL_NO,1603.9306,0.0
2021,13,NO,2021_13_DAL_NO,1600.13,-81.1923
2021,13,LAR,2021_13_JAX_LAR,1576.1962,0.0
2021,13,SF,2021_13_SF_SEA,1568.1795,0.0
2021,13,SEA,2021_13_SF_SEA,1558.7809,0.0
2021,13,TEN,2021_12_TEN_NE,1551.9388,0.0
2021,13,CIN,2021_13_LAC_CIN,1545.5297,0.0
2021,13,MIN,2021_13_MIN_DET,1535.2156,0.0
2021,13,DEN,2021_13_DEN_KC,1527.8884,0.0
2021,13,WAS,2021_13_WAS_OAK,1525.2713,-72.1647
2021,13,PIT,2021_13_BAL_PIT,1506.8578,0.0
2021,13,PHI,2021_13_PHI_NYJ,1505.7875,-32.7393
2021,13,CLE,2021_12_CLE_BAL,1498.5667,0.0
2021,13,LAC,2021_13_LAC_CIN,1470.677,0.0
2021,13,OAK,2021_13_WAS_OAK,1469.0198,0.0
2021,13,MIA,2021_13_NYG_MIA,1464.2933,0.0
2021,13,CAR,2021_12_CAR_MIA,1451.9518,64.8422
2021,13,CHI,2021_13_ARI_CHI,1420.2777,0.0
2021,13,NYG,2021_13_NYG_MIA,1408.5345,7.9196
2021,13,ATL,2021_13_TB_ATL,1398.2261,0.0
2021,13,DET,2021_13_MIN_DET,1360.6124,0.0
2021,13,HOU,2021_13_IND_HOU,1353.2164,0.0
2021,13,JAX,2021_13_JAX_LAR,1347.9468,0.0
2021,13,NYJ,2021_13_PHI_NYJ,1266.5144,0.0
2021,14,BUF,2021_14_BUF_TB,1713.2137,0.0
2021,14,NE,2021_13_NE_BUF,1699.4766,0.0
2021,14,TB,2021_14_BUF_TB,1695.8079,0.0
2021,14,ARI,2021_14_LAR_ARI,1667.207,0.0
2021,14,KC,2021_14_OAK_KC,1664.092,0.0
2021,14,GB,2021_14_CHI_GB,1651.5764,0.0
2021,14,BAL,2021_14_BAL_CLE,1624.3293,0.0
2021,14,IND,2021_13_IND_HOU,1610.7459,0.0
2021,14,DAL,2021_14_DAL_WAS,1605.9522,0.0
2021,14,LAR,2021_14_LAR_ARI,1604.9234,0.0
2021,14,NO,2021_14_NO_NYJ,1586.7554,-78.0398
2021,14,SEA,2021_14_SEA_HOU,1568.9941,0.0
2021,14,SF,2021_14_SF_CIN,1554.8985,0.0
2021,14,WAS,2021_14_DAL_WAS,1533.9048,-68.2343
2021,14,TEN,2021_14_JAX_TEN,1533.8885,0.0
2021,14,MIN,2021_14_PIT_MIN,1532.6007,0.0
2021,14,DEN,2021_14_DET_DEN,1518.5698,0.0
2021,14,CIN,2021_14_SF_CIN,1515.6579,0.0
2021,14,PIT,2021_14_PIT_MIN,1506.8575,0.0
2021,14,PHI,2021_13_PHI_NYJ,1505.7875,-32.7393
2021,14,LAC,2021_14_NYG_LAC,1496.1757,0.0
2021,14,CLE,2021_14_BAL_CLE,1495.2193,0.0
2021,14,MIA,2021_13_NYG_MIA,1464.2933,0.0
2021,14,OAK,2021_14_OAK_KC,1463.3265,0.0
2021,14,CHI,2021_14_CHI_GB,1419.4266,-48.0785
2021,14,CAR,2021_14_ATL_CAR,1415.0201,31.2794
2021,14,NYG,2021_14_NYG_LAC,1400.4735,-9.3994
2021,14,ATL,2021_14_ATL_CAR,1395.7066,0.0
2021,14,DET,2021_14_DET_DEN,1362.0188,0.0
2021,14,JAX,2021_14_JAX_TEN,1323.2554,0.0
2021,14,HOU,2021_14_SEA_HOU,1314.2495,-27.931
2021,14,NYJ,2021_14_NO_NYJ,1260.4742,0.0
2021,15,NE,2021_15_NE_IND,1708.8355,0.0
2021,15,TB,2021_15_NO_TB,1708.0895,0.0
2021,15,BUF,2021_15_CAR_BUF,1705.4289,0.0
2021,15,KC,2021_15_KC_LAC,1696.176,0.0
2021,15,GB,2021_15_GB_BAL,1657.649,0.0
2021,15,ARI,2021_15_ARI_DET,1654.5831,0.0
2021,15,IND,2021_15_NE_IND,1633.0162,0.0
2021,15,LAR,2021_15_SEA_LAR,1624.7552,0.0
2021,15,BAL,2021_15_GB_BAL,1615.0822,-173.6351
2021,15,NO,2021_15_NO_TB,1606.1812,-62.7661
2021,15,DAL,2021_15_DAL_NYG,1601.6218,0.0
2021,15,SEA,2021_15_SEA_LAR,1589.3104,0.0
2021,15,SF,2021_15_ATL_SF,1560.1394,0.0
2021,15,TEN,2021_15_TEN_PIT,1538.2658,0.0
2021,15,MIN,2021_15_MIN_CHI,1532.1031,0.0
2021,15,DEN,2021_15_CIN_DEN,1530.6816,0.0
2021,15,WAS,2021_15_WAS_PHI,1523.1965,-157.7191
2021,15,PHI,2021_15_WAS_PHI,1520.7247,0.0
2021,15,CIN,2021_15_CIN_DEN,1516.0843,0.0
2021,15,LAC,2021_15_KC_LAC,1507.2362,0.0
2021,15,PIT,2021_15_TEN_PIT,1497.948,0.0
2021,15,CLE,2021_15_OAK_CLE,1494.7114,8.8287
2021,15,MIA,2021_15_NYJ_MIA,1466.859,0.0
2021,15,OAK,2021_15_OAK_CLE,1434.1198,0.0
2021,15,CHI,2021_15_MIN_CHI,1413.3162,-37.6026
2021,15,ATL,2021_15_ATL_SF,1411.7814,0.0
2021,15,CAR,2021_15_CAR_BUF,1395.6903,28.5191
2021,15,NYG,2021_15_DAL_NYG,1386.9009,-9.3462
2021,15,DET,2021_15_ARI_DET,1348.8144,0.0
2021,15,JAX,2021_15_HOU_JAX,1306.9793,0.0
2021,15,HOU,2021_15_HOU_JAX,1288.9132,-12.7522
2021,15,NYJ,2021_15_NYJ_MIA,1237.8436,0.0
2021,16,BUF,2021_16_BUF_NE,1712.395,0.0
2021,16,KC,2021_16_PIT_KC,1700.5343,0.0
2021,16,NE,2021_16_BUF_NE,1695.2503,0.0
2021,16,TB,2021_16_TB_CAR,1684.2944,0.0
2021,16,GB,2021_16_CLE_GB,1661.0207,0.0
2021,16,IND,2021_16_IND_ARI,1648.2703,0.0
2021,16,LAR,2021_16_LAR_MIN,1630.5207,0.0
2021,16,BAL,2021_16_BAL_CIN,1627.129,-154.6421
2021,16,ARI,2021_16_IND_ARI,1616.4659,0.0
2021,16,NO,2021_16_MIA_NO,1613.1214,-96.5444
2021,16,DAL,2021_16_WAS_DAL,1605.9336,0.0
2021,16,SF,2021_16_SF_TEN,1579.9191,0.0
2021,16,SEA,2021_16_CHI_SEA,1578.1398,0.0
2021,16,PHI,2021_16_NYG_PHI,1534.1018,0.0
2021,16,MIN,2021_16_LAR_MIN,1532.3402,0.0
2021,16,CIN,2021_16_BAL_CIN,1529.4897,0.0
2021,16,TEN,2021_16_SF_TEN,1527.5648,0.0
2021,16,WAS,2021_16_WAS_DAL,1518.2185,-88.2599
2021,16,DEN,2021_16_DEN_OAK,1516.4954,-5.0694
2021,16,LAC,2021_16_LAC_HOU,1504.2007,0.0
2021,16,PIT,2021_16_PIT_KC,1498.3955,0.0
2021,16,CLE,2021_16_CLE_GB,1481.2268,0.0
2021,16,MIA,2021_16_MIA_NO,1461.8301,0.0
2021,16,OAK,2021_16_DEN_OAK,1441.2024,0.0
2021,16,CHI,2021_16_CHI_SEA,1410.0828,16.4159
2021,16,ATL,2021_16_DET_ATL,1395.0933,0.0
2021,16,DET,2021_16_DET_ATL,1389.1805,-132.8764
2021,16,CAR,2021_16_TB_CAR,1387.8952,26.7511
2021,16,NYG,2021_16_NYG_PHI,1374.0474,-73.8499
2021,16,HOU,2021_16_LAC_HOU,1299.7091,-11.8994
2021,16,JAX,2021_16_JAX_NYJ,1292.8167,0.0
2021,16,NYJ,2021_16_JAX_NYJ,1236.8224,0.0
2021,17,BUF,2021_17_ATL_BUF,1730.6428,0.0
2021,17,KC,2021_17_KC_CIN,1719.1439,0.0
2021,17,TB,2021_17_TB_NYJ,1704.8886,0.0
2021,17,NE,2021_17_JAX_NE,1692.3597,0.0
2021,17,IND,2021_17_OAK_IND,1650.1678,0.0
2021,17,DAL,2021_17_ARI_DAL,1648.2589,0.0
2021,17,GB,2021_17_MIN_GB,1648.0003,0.0
2021,17,LAR,2021_17_LAR_BAL,1634.1068,0.0
2021,17,BAL,2021_17_LAR_BAL,1617.09,-129.2463
2021,17,ARI,2021_17_ARI_DAL,1608.0333,0.0
2021,17,SF,2021_17_HOU_SF,1584.7488,-30.3544
2021,17,NO,2021_17_CAR_NO,1576.3891,-69.7969
2021,17,SEA,2021_17_DET_SEA,1573.9852,0.0
2021,17,CIN,2021_17_KC_CIN,1556.0043,0.0
2021,17,PHI,2021_17_PHI_WAS,1548.3509,0.0
2021,17,TEN,2021_17_MIA_TEN,1524.6367,0.0
2021,17,MIN,2021_17_MIN_GB,1524.0896,-127.2258
2021,17,DEN,2021_17_DEN_LAC,1502.1326,-14.0788
2021,17,CLE,2021_17_CLE_PIT,1493.5228,0.0
2021,17,LAC,2021_17_DEN_LAC,1493.1551,0.0
2021,17,WAS,2021_17_PHI_WAS,1481.7449,-109.6091
2021,17,MIA,2021_17_MIA_TEN,1480.6631,0.0
2021,17,PIT,2021_17_CLE_PIT,1477.2206,0.0
2021,17,OAK,2021_17_OAK_IND,1449.9203,0.0
2021,17,CHI,2021_17_NYG_CHI,1417.1092,0.0
2021,17,DET,2021_17_DET_SEA,1397.0398,-123.7587
2021,17,ATL,2021_17_ATL_BUF,1388.9955,0.0
2021,17,CAR,2021_17_CAR_NO,1358.8,0.0
2021,17,NYG,2021_17_NYG_CHI,1348.1137,-30.5065
2021,17,HOU,2021_17_HOU_SF,1319.0695,3.7077
2021,17,JAX,2021_17_JAX_NE,1296.8704,0.0
2021,17,NYJ,2021_17_TB_NYJ,1237.3467,0.0
2021,18,NE,2021_18_NE_MIA,1730.6454,0.0
2021,18,BUF,2021_18_NYJ_BUF,1726.2848,0.0
2021,18,KC,2021_18_KC_DEN,1719.518,0.0
2021,18,TB,2021_18_CAR_TB,1692.8297,0.0
2021,18,GB,2021_18_GB_DET,1671.1245,0.0
2021,18,DAL,2021_18_DAL_PHI,1639.0683,0.0
2021,18,IND,2021_18_IND_JAX,1632.6658,0.0
2021,18,LAR,2021_18_SF_LAR,1632.4879,0.0
2021,18,ARI,2021_18_SEA_ARI,1625.046,0.0
2021,18,BAL,2021_18_PIT_BAL,1621.9789,-127.1432
2021,18,SEA,2021_18_SEA_ARI,1593.4918,0.0
2021,18,SF,2021_18_SF_LAR,1590.2756,0.0
2021,18,NO,2021_18_NO_ATL,1578.6437,-60.1409
2021,18,CIN,2021_18_CIN_CLE,1572.2004,-150.4563
2021,18,TEN,2021_18_TEN_HOU,1553.6492,0.0
2021,18,PHI,2021_18_DAL_PHI,1552.4552,-16.5851
2021,18,LAC,2021_18_LAC_OAK,1523.1764,0.0
2021,18,MIN,2021_18_CHI_MIN,1502.0879,0.0
2021,18,WAS,2021_18_WAS_NYG,1485.0214,-107.0678
2021,18,PIT,2021_18_PIT_BAL,1483.2426,0.0
2021,18,DEN,2021_18_KC_DEN,1477.1255,-6.1778
2021,18,CLE,2021_18_CIN_CLE,1477.0102,30.6939
2021,18,OAK,2021_18_LAC_OAK,1464.7281,0.0
2021,18,MIA,2021_18_NE_MIA,1445.702,0.0
2021,18,CHI,2021_18_CHI_MIN,1428.7811,0.0
2021,18,ATL,2021_18_NO_ATL,1387.6487,0.0
2021,18,DET,2021_18_GB_DET,1383.64,0.0
2021,18,CAR,2021_18_CAR_TB,1348.2329,0.0
2021,18,NYG,2021_18_WAS_NYG,1331.2057,-90.3917
2021,18,HOU,2021_18_TEN_HOU,1306.8683,-4.8325
2021,18,JAX,2021_18_IND_JAX,1267.771,0.0
2021,18,NYJ,2021_18_NYJ_BUF,1259.2641,0.0
2022,1,KC,2022_01_KC_ARI,1674.3752,0.0
2022,1,BUF,2022_01_BUF_LAR,1672.7234,0.0
2022,1,TB,2022_01_TB_DAL,1646.0868,0.0
2022,1,NE,2022_01_NE_MIA,1637.0175,0.0
2022,1,GB,2022_01_GB_MIN,1629.2425,0.0
2022,1,DAL,2022_01_TB_DAL,1618.6792,0.0
2022,1,LAR,2022_01_BUF_LAR,1589.9687,0.0
2022,1,BAL,2022_01_BAL_NYJ,1584.9819,0.0
2022,1,ARI,2022_01_KC_ARI,1574.9297,0.0
2022,1,SEA,2022_01_DEN_SEA,1568.7927,0.0
2022,1,CIN,2022_01_PIT_CIN,1554.4211,0.0
2022,1,IND,2022_01_IND_HOU,1553.835,0.0
2022,1,NO,2022_01_NO_ATL,1546.0328,0.0
2022,1,SF,2022_01_SF_CHI,1535.0027,0.0
2022,1,LAC,2022_01_OAK_LAC,1534.4603,0.0
2022,1,MIN,2022_01_GB_MIN,1529.972,0.0
2022,1,PHI,2022_01_PHI_DET,1529.7126,0.0
2022,1,TEN,2022_01_NYG_TEN,1528.4033,0.0
2022,1,PIT,2022_01_PIT_CIN,1506.5825,0.0
2022,1,DEN,2022_01_DEN_SEA,1504.6507,0.0
2022,1,WAS,2022_01_JAX_WAS,1494.9747,0.0
2022,1,OAK,2022_01_OAK_LAC,1491.1888,0.0
2022,1,CLE,2022_01_CLE_CAR,1483.8215,0.0
2022,1,MIA,2022_01_NE_MIA,1475.7676,0.0
2022,1,DET,2022_01_PHI_DET,1464.2734,0.0
2022,1,CHI,2022_01_SF_CHI,1446.8861,0.0
2022,1,ATL,2022_01_NO_ATL,1429.7536,0.0
2022,1,HOU,2022_01_IND_HOU,1406.8176,0.0
2022,1,NYG,2022_01_NYG_TEN,1398.9919,0.0
2022,1,CAR,2022_01_CLE_CAR,1398.1586,0.0
2022,1,JAX,2022_01_JAX_WAS,1385.5603,0.0
2022,1,NYJ,2022_01_BAL_NYJ,1366.4831,0.0
2022,2,KC,2022_02_LAC_KC,1710.6635,0.0
2022,2,BUF,2022_02_TEN_BUF,1705.621,0.0
2022,2,TB,2022_02_TB_NO,1663.4145,0.0
2022,2,NE,2022_02_NE_PIT,1619.5272,0.0
2022,2,GB,2022_02_CHI_GB,1602.4866,0.0
2022,2,BAL,2022_02_MIA_BAL,1591.0695,0.0
2022,2,DAL,2022_02_CIN_DAL,1588.6707,-181.6345
2022,2,SEA,2022_02_SEA_SF,1564.5586,0.0
2022,2,IND,2022_02_IND_JAX,1555.6136,0.0
2022,2,LAR,2022_02_ATL_LAR,1553.5957,0.0
2022,2,MIN,2022_02_MIN_PHI,1552.3238,0.0
2022,2,CIN,2022_02_CIN_DAL,1549.2258,0.0
2022,2,ARI,2022_02_ARI_OAK,1546.2147,0.0
2022,2,NO,2022_02_TB_NO,1545.4757,0.0
2022,2,PHI,2022_02_MIN_PHI,1541.0723,0.0
2022,2,LAC,2022_02_LAC_KC,1536.0734,0.0
2022,2,SF,2022_02_SEA_SF,1518.1497,0.0
2022,2,DEN,2022_02_HOU_DEN,1517.9507,0.0
2022,2,TEN,2022_02_TEN_BUF,1516.0081,0.0
2022,2,PIT,2022_02_NE_PIT,1505.5635,0.0
2022,2,WAS,2022_02_WAS_DET,1495.0778,0.0
2022,2,MIA,2022_02_MIA_BAL,1494.608,0.0
2022,2,OAK,2022_02_ARI_OAK,1487.5362,0.0
2022,2,CLE,2022_02_NYJ_CLE,1485.3024,0.0
2022,2,DET,2022_02_WAS_DET,1460.9519,0.0
2022,2,CHI,2022_02_CHI_GB,1459.4163,0.0
2022,2,ATL,2022_02_ATL_LAR,1436.5162,0.0
2022,2,NYG,2022_02_CAR_NYG,1416.4373,0.0
2022,2,HOU,2022_02_HOU_DEN,1405.1312,0.0
2022,2,CAR,2022_02_CAR_NYG,1401.9699,0.0
2022,2,JAX,2022_02_IND_JAX,1391.328,0.0
2022,2,NYJ,2022_02_NYJ_CLE,1355.2363,0.0
2022,3,BUF,2022_03_BUF_MIA,1746.4595,0.0
2022,3,KC,2022_03_KC_IND,1707.3531,0.0
2022,3,TB,2022_03_GB_TB,1661.9598,0.0
2022,3,NE,2022_03_BAL_NE,1627.9076,0.0
2022,3,GB,2022_03_GB_TB,1610.6836,0.0
2022,3,DAL,2022_03_DAL_NYG,1601.4927,-167.2624
2022,3,BAL,2022_03_BAL_NE,1586.6862,0.0
2022,3,PHI,2022_03_PHI_WAS,1563.4632,0.0
2022,3,LAR,2022_03_LAR_ARI,1557.9789,0.0
2022,3,ARI,2022_03_LAR_ARI,1546.1717,0.0
2022,3,SF,2022_03_SF_DEN,1542.5965,25.1961
2022,3,CIN,2022_03_CIN_NYJ,1541.4563,0.0
2022,3,LAC,2022_03_JAX_LAC,1539.8906,0.0
2022,3,NO,2022_03_NO_CAR,1537.7976,0.0
2022,3,SEA,2022_03_ATL_SEA,1537.2455,0.0
2022,3,MIN,2022_03_DET_MIN,1525.7077,0.0
2022,3,DEN,2022_03_SF_DEN,1522.5419,0.0
2022,3,MIA,2022_03_BUF_MIA,1517.1472,0.0
2022,3,IND,2022_03_KC_IND,1513.8306,0.0
2022,3,PIT,2022_03_PIT_CLE,1497.3839,0.0
2022,3,OAK,2022_03_OAK_TEN,1486.4801,0.0
2022,3,CLE,2022_03_PIT_CLE,1486.4104,0.0
2022,3,WAS,2022_03_PHI_WAS,1483.9893,0.0
2022,3,TEN,2022_03_OAK_TEN,1478.3355,0.0
2022,3,DET,2022_03_DET_MIN,1473.3748,0.0
2022,3,CHI,2022_03_HOU_CHI,1451.7903,0.0
2022,3,JAX,2022_03_JAX_LAC,1432.2938,0.0
2022,3,ATL,2022_03_ATL_SEA,1428.5026,0.0
2022,3,NYG,2022_03_DAL_NYG,1412.2649,0.0
2022,3,CAR,2022_03_NO_CAR,1407.8095,0.0
2022,3,HOU,2022_03_HOU_CHI,1397.3473,0.0
2022,3,NYJ,2022_03_CIN_NYJ,1367.8017,0.0
2022,4,BUF,2022_04_BUF_BAL,1738.6229,0.0
2022,4,KC,2022_04_KC_TB,1699.5585,0.0
2022,4,TB,2022_04_KC_TB,1656.6087,0.0
2022,4,DAL,2022_04_WAS_DAL,1613.0044,-151.089
2022,4,GB,2022_04_NE_GB,1609.7994,0.0
2022,4,NE,2022_04_NE_GB,1609.0782,-21.8703
2022,4,BAL,2022_04_BUF_BAL,1609.04,0.0
2022,4,PHI,2022_04_JAX_PHI,1575.333,0.0
2022,4,LAR,2022_04_LAR_SF,1574.0303,0.0
2022,4,CIN,2022_04_MIA_CIN,1549.1081,0.0
2022,4,SF,2022_04_LAR_SF,1540.4104,14.7473
2022,4,MIA,2022_04_MIA_CIN,1529.2056,0.0
2022,4,ARI,2022_04_ARI_CAR,1529.1487,0.0
2022,4,NO,2022_04_MIN_NO,1526.8589,-39.1991
2022,4,SEA,2022_04_SEA_DET,1526.609,0.0
2022,4,MIN,2022_04_MIN_NO,1526.1487,0.0
2022,4,IND,2022_04_TEN_IND,1517.7628,0.0
2022,4,DEN,2022_04_DEN_OAK,1513.2252,0.0
2022,4,LAC,2022_04_LAC_HOU,1497.131,0.0
2022,4,PIT,2022_04_NYJ_PIT,1494.559,0.0
2022,4,OAK,2022_04_DEN_OAK,1493.2817,0.0
2022,4,CLE,2022_04_CLE_ATL,1489.7477,0.0
2022,4,TEN,2022_04_TEN_IND,1476.0954,0.0
2022,4,JAX,2022_04_JAX_PHI,1473.1642,0.0
2022,4,DET,2022_04_SEA_DET,1469.7884,0.0
2022,4,WAS,2022_04_WAS_DAL,1468.3425,0.0
2022,4,ATL,2022_04_CLE_ATL,1448.2874,0.0
2022,4,CHI,2022_04_CHI_NYG,1446.1601,0.0
2022,4,CAR,2022_04_ARI_CAR,1417.8068,0.0
2022,4,NYG,2022_04_CHI_NYG,1404.4049,0.0
2022,4,HOU,2022_04_LAC_HOU,1398.0546,0.0
2022,4,NYJ,2022_04_NYJ_PIT,1348.3495,-49.6791
2022,5,BUF,2022_05_PIT_BUF,1739.8793,0.0
2022,5,KC,2022_05_OAK_KC,1715.0135,0.0
2022,5,TB,2022_05_ATL_TB,1646.963,0.0
2022,5,DAL,2022_05_DAL_LAR,1625.8031,-139.9499
2022,5,NE,2022_05_DET_NE,1610.6538,-91.9946
2022,5,BAL,2022_05_CIN_BAL,1609.1541,0.0
2022,5,GB,2022_05_NYG_GB,1607.0582,0.0
2022,5,PHI,2022_05_PHI_ARI,1572.8713,0.0
2022,5,CIN,2022_05_CIN_BAL,1558.6197,0.0
2022,5,SF,2022_05_SF_CAR,1557.2939,23.0022
2022,5,LAR,2022_05_DAL_LAR,1554.2551,0.0
2022,5,SEA,2022_05_SEA_NO,1546.1733,0.0
2022,5,ARI,2022_05_PHI_ARI,1533.5846,0.0
2022,5,NO,2022_05_SEA_NO,1533.4384,-30.954
2022,5,MIN,2022_05_CHI_MIN,1530.6042,0.0
2022,5,MIA,2022_05_MIA_NYJ,1523.8072,-49.5601
2022,5,LAC,2022_05_LAC_CLE,1510.8524,0.0
2022,5,IND,2022_05_IND_DEN,1505.2654,0.0
2022,5,DEN,2022_05_IND_DEN,1501.72,0.0
2022,5,OAK,2022_05_OAK_KC,1500.7597,0.0
2022,5,TEN,2022_05_TEN_WAS,1487.9514,0.0
2022,5,CLE,2022_05_LAC_CLE,1487.5704,0.0
2022,5,PIT,2022_05_PIT_BUF,1474.7801,-51.0181
2022,5,JAX,2022_05_HOU_JAX,1471.0008,0.0
2022,5,DET,2022_05_DET_NE,1464.112,0.0
2022,5,ATL,2022_05_ATL_TB,1451.8181,0.0
2022,5,WAS,2022_05_TEN_WAS,1449.0393,0.0
2022,5,CHI,2022_05_CHI_MIN,1439.4317,0.0
2022,5,NYG,2022_05_NYG_GB,1417.9912,0.0
2022,5,CAR,2022_05_SF_CAR,1405.6247,0.0
2022,5,HOU,2022_05_HOU_JAX,1382.3508,0.0
2022,5,NYJ,2022_05_MIA_NYJ,1367.1278,-50.3155
2022,6,BUF,2022_06_BUF_KC,1771.5714,0.0
2022,6,KC,2022_06_BUF_KC,1709.9062,0.0
2022,6,TB,2022_06_TB_PIT,1646.4055,0.0
2022,6,NE,2022_06_NE_CLE,1645.5397,-86.2795
2022,6,DAL,2022_06_DAL_PHI,1640.8329,-147.2668
2022,6,BAL,2022_06_BAL_NYG,1610.5319,0.0
2022,6,GB,2022_06_NYJ_GB,1590.653,0.0
2022,6,SF,2022_06_SF_ATL,1584.9709,27.2755
2022,6,PHI,2022_06_DAL_PHI,1577.8591,0.0
2022,6,CIN,2022_06_CIN_NO,1553.4013,0.0
2022,6,SEA,2022_06_ARI_SEA,1545.4548,0.0
2022,6,NO,2022_06_CIN_NO,1540.3896,-33.3134
2022,6,MIN,2022_06_MIN_MIA,1536.2219,0.0
2022,6,ARI,2022_06_ARI_SEA,1530.5665,0.0
2022,6,LAR,2022_06_CAR_LAR,1525.4313,0.0
2022,6,LAC,2022_06_DEN_LAC,1519.1336,0.0
2022,6,IND,2022_06_JAX_IND,1502.4042,0.0
2022,6,OAK,2022_05_OAK_KC,1500.7597,0.0
2022,6,MIA,2022_06_MIN_MIA,1498.5257,-177.5023
2022,6,DEN,2022_06_DEN_LAC,1491.7763,0.0
2022,6,TEN,2022_05_TEN_WAS,1487.9514,0.0
2022,6,CLE,2022_06_NE_CLE,1485.8609,0.0
2022,6,DET,2022_05_DET_NE,1464.112,0.0
2022,6,JAX,2022_06_JAX_IND,1457.3823,0.0
2022,6,ATL,2022_06_SF_ATL,1456.1344,0.0
2022,6,WAS,2022_06_WAS_CHI,1447.2524,0.0
2022,6,PIT,2022_06_TB_PIT,1446.7568,-42.8513
2022,6,CHI,2022_06_WAS_CHI,1444.6091,0.0
2022,6,NYG,2022_06_BAL_NYG,1441.7762,0.0
2022,6,NYJ,2022_06_NYJ_GB,1393.4003,-46.3038
2022,6,HOU,2022_05_HOU_JAX,1382.3508,0.0
2022,6,CAR,2022_06_CAR_LAR,1381.4416,-57.6843
2022,7,BUF,2022_06_BUF_KC,1771.5714,0.0
2022,7,KC,2022_07_KC_SF,1704.4576,0.0
2022,7,NE,2022_07_CHI_NE,1676.9629,0.0
2022,7,TB,2022_07_TB_CAR,1639.0896,0.0
2022,7,DAL,2022_07_DET_DAL,1637.2923,0.0
2022,7,BAL,2022_07_CLE_BAL,1605.0644,0.0
2022,7,PHI,2022_06_DAL_PHI,1577.8591,0.0
2022,7,SF,2022_07_KC_SF,1569.7923,33.3411
2022,7,CIN,2022_07_ATL_CIN,1559.7899,0.0
2022,7,SEA,2022_07_SEA_LAC,1550.2348,0.0
2022,7,GB,2022_07_GB_WAS,1547.8376,0.0
2022,7,NO,2022_07_NO_ARI,1544.2386,-32.7452
2022,7,MIN,2022_06_MIN_MIA,1536.2219,0.0
2022,7,LAR,2022_06_CAR_LAR,1525.4313,0.0
2022,7,LAC,2022_07_SEA_LAC,1522.8257,0.0
2022,7,OAK,2022_07_HOU_OAK,1515.4157,0.0
2022,7,ARI,2022_07_NO_ARI,1512.2178,0.0
2022,7,IND,2022_07_IND_TEN,1502.0707,0.0
2022,7,MIA,2022_07_PIT_MIA,1500.1206,0.0
2022,7,TEN,2022_07_IND_TEN,1489.0628,0.0
2022,7,DEN,2022_07_NYJ_DEN,1484.9586,-126.4075
2022,7,ATL,2022_07_ATL_CIN,1474.0147,0.0
2022,7,JAX,2022_07_NYG_JAX,1467.5805,0.0
2022,7,PIT,2022_07_PIT_MIA,1459.2773,-44.9625
2022,7,CLE,2022_07_CLE_BAL,1455.1932,0.0
2022,7,NYG,2022_07_NYG_JAX,1454.57,0.0
2022,7,WAS,2022_07_GB_WAS,1454.1459,-31.3484
2022,7,CHI,2022_07_CHI_NE,1433.5828,0.0
2022,7,DET,2022_07_DET_DAL,1424.8539,0.0
2022,7,NYJ,2022_07_NYJ_DEN,1419.9415,-54.3693
2022,7,HOU,2022_07_HOU_OAK,1391.7829,0.0
2022,7,CAR,2022_07_TB_CAR,1373.0631,-59.0212
2022,8,BUF,2022_08_GB_BUF,1781.6606,0.0
2022,8,KC,2022_07_KC_SF,1704.4576,0.0
2022,8,DAL,2022_08_CHI_DAL,1646.3187,0.0
2022,8,NE,2022_08_NE_NYJ,1640.0653,0.0
2022,8,TB,2022_08_BAL_TB,1603.9886,0.0
2022,8,BAL,2022_08_BAL_TB,1599.2683,0.0
2022,8,CIN,2022_08_CIN_CLE,1587.0107,0.0
2022,8,PHI,2022_08_PIT_PHI,1583.7342,0.0
2022,8,SEA,2022_08_NYG_SEA,1581.0388,0.0
2022,8,SF,2022_08_SF_LAR,1550.0356,26.3968
2022,8,NO,2022_08_OAK_NO,1540.1584,-14.9334
2022,8,GB,2022_08_GB_BUF,1533.1574,0.0
2022,8,MIN,2022_08_ARI_MIN,1532.9065,0.0
2022,8,LAR,2022_08_SF_LAR,1530.1065,0.0
2022,8,OAK,2022_08_OAK_NO,1529.1094,0.0
2022,8,LAC,2022_07_SEA_LAC,1522.8257,0.0
2022,8,ARI,2022_08_ARI_MIN,1520.6769,0.0
2022,8,MIA,2022_08_MIA_DET,1502.6354,0.0
2022,8,TEN,2022_08_TEN_HOU,1497.8557,-45.5187
2022,8,IND,2022_08_WAS_IND,1484.0111,-110.1058
2022,8,DEN,2022_08_DEN_JAX,1471.3563,0.0
2022,8,CHI,2022_08_CHI_DAL,1468.358,0.0
2022,8,NYG,2022_08_NYG_SEA,1467.0465,0.0
2022,8,JAX,2022_08_DEN_JAX,1466.6937,0.0
2022,8,WAS,2022_08_WAS_IND,1462.6003,-25.1662
2022,8,CLE,2022_08_CIN_CLE,1460.1544,0.0
2022,8,ATL,2022_08_CAR_ATL,1458.246,0.0
2022,8,PIT,2022_08_PIT_PHI,1454.5396,-46.3556
2022,8,NYJ,2022_08_NE_NYJ,1428.2481,-56.0414
2022,8,DET,2022_08_MIA_DET,1411.978,0.0
2022,8,CAR,2022_08_CAR_ATL,1410.2037,-39.3822
2022,8,HOU,2022_08_TEN_HOU,1381.9563,0.0
2022,9,BUF,2022_09_BUF_NYJ,1783.1662,0.0
2022,9,KC,2022_09_TEN_KC,1733.8135,0.0
2022,9,DAL,2022_08_CHI_DAL,1646.3187,0.0
2022,9,NE,2022_09_IND_NE,1629.8762,0.0
2022,9,BAL,2022_09_BAL_NO,1615.8218,0.0
2022,9,PHI,2022_09_PHI_HOU,1603.2093,0.0
2022,9,SEA,2022_09_SEA_ARI,1592.1086,0.0
2022,9,TB,2022_09_LAR_TB,1591.7537,0.0
2022,9,NO,2022_09_BAL_NO,1571.16,-3.6399
2022,9,CIN,2022_09_CAR_CIN,1557.7774,0.0
2022,9,SF,2022_08_SF_LAR,1550.0356,26.3968
2022,9,MIN,2022_09_MIN_WAS,1535.5086,0.0
2022,9,GB,2022_09_GB_DET,1531.6815,0.0
2022,9,MIA,2022_09_MIA_CHI,1517.0324,0.0
2022,9,ARI,2022_09_SEA_ARI,1515.464,0.0
2022,9,LAR,2022_09_LAR_TB,1506.2349,0.0
2022,9,TEN,2022_09_TEN_KC,1499.5846,-62.007
2022,9,OAK,2022_09_OAK_JAX,1497.0397,0.0
2022,9,IND,2022_09_IND_NE,1491.3964,-100.6531
2022,9,LAC,2022_09_LAC_ATL,1487.2694,0.0
2022,9,DEN,2022_08_DEN_JAX,1471.3563,0.0
2022,9,NYG,2022_08_NYG_SEA,1467.0465,0.0
2022,9,JAX,2022_09_OAK_JAX,1461.7342,0.0
2022,9,CLE,2022_08_CIN_CLE,1460.1544,0.0
2022,9,ATL,2022_09_LAC_ATL,1459.5359,0.0
2022,9,CHI,2022_09_MIA_CHI,1457.0111,0.0
2022,9,WAS,2022_09_MIN_WAS,1454.8815,-9.1474
2022,9,PIT,2022_08_PIT_PHI,1454.5396,-46.3556
2022,9,NYJ,2022_09_BUF_NYJ,1435.6746,-55.6455
2022,9,CAR,2022_09_CAR_CIN,1411.847,-31.4236
2022,9,DET,2022_09_GB_DET,1409.6104,0.0
2022,9,HOU,2022_09_PHI_HOU,1366.8175,0.0
2022,10,BUF,2022_10_MIN_BUF,1759.8783,0.0
2022,10,KC,2022_10_JAX_KC,1721.0082,0.0
2022,10,DAL,2022_10_DAL_GB,1670.6599,0.0
2022,10,NE,2022_09_IND_NE,1629.8762,0.0
2022,10,BAL,2022_09_BAL_NO,1615.8218,0.0
2022,10,PHI,2022_10_WAS_PHI,1610.9417,0.0
2022,10,SEA,2022_10_SEA_TB,1609.1469,0.0
2022,10,TB,2022_10_SEA_TB,1579.2853,0.0
2022,10,SF,2022_10_LAC_SF,1576.3766,37.9727
2022,10,CIN,2022_09_CAR_CIN,1557.7774,0.0
2022,10,NO,2022_10_NO_PIT,1550.8426,-13.4722
2022,10,MIA,2022_10_CLE_MIA,1531.6512,0.0
2022,10,MIN,2022_10_MIN_BUF,1531.1302,0.0
2022,10,GB,2022_10_DAL_GB,1515.1651,0.0
2022,10,LAR,2022_10_ARI_LAR,1507.8442,-129.9211
2022,10,TEN,2022_10_DEN_TEN,1505.2518,0.0
2022,10,ARI,2022_10_ARI_LAR,1492.6529,-54.0178
2022,10,OAK,2022_10_IND_OAK,1488.8091,0.0
2022,10,CLE,2022_10_CLE_MIA,1488.1413,0.0
2022,10,JAX,2022_10_JAX_KC,1477.281,0.0
2022,10,LAC,2022_10_LAC_SF,1476.9979,0.0
2022,10,DEN,2022_10_DEN_TEN,1474.1549,0.0
2022,10,IND,2022_10_IND_OAK,1464.7593,0.0
2022,10,ATL,2022_10_ATL_CAR,1464.1062,0.0
2022,10,NYG,2022_10_HOU_NYG,1457.5558,0.0
2022,10,WAS,2022_10_WAS_PHI,1456.189,-17.4481
2022,10,CHI,2022_10_DET_CHI,1454.1136,0.0
2022,10,PIT,2022_10_NO_PIT,1440.245,-56.1514
2022,10,NYJ,2022_09_BUF_NYJ,1435.6746,-55.6455
2022,10,DET,2022_10_DET_CHI,1416.3256,0.0
2022,10,CAR,2022_10_ATL_CAR,1400.7192,-46.6068
2022,10,HOU,2022_10_HOU_NYG,1359.5141,0.0
2022,11,BUF,2022_11_CLE_BUF,1748.3805,0.0
2022,11,KC,2022_11_KC_LAC,1730.0713,0.0
2022,11,DAL,2022_11_DAL_MIN,1664.3441,0.0
2022,11,BAL,2022_11_CAR_BAL,1636.5253,0.0
2022,11,NE,2022_11_NYJ_NE,1635.8084,0.0
2022,11,SEA,2022_10_SEA_TB,1609.1469,0.0
2022,11,PHI,2022_11_PHI_IND,1596.4316,0.0
2022,11,SF,2022_11_SF_ARI,1583.3423,42.9148
2022,11,TB,2022_10_SEA_TB,1579.2853,0.0
2022,11,CIN,2022_11_CIN_PIT,1570.6398,0.0
2022,11,MIN,2022_11_DAL_MIN,1544.8665,0.0
2022,11,NO,2022_11_LAR_NO,1533.1441,-25.1089
2022,11,MIA,2022_10_CLE_MIA,1531.6512,0.0
2022,11,GB,2022_11_TEN_GB,1523.1846,0.0
2022,11,TEN,2022_11_TEN_GB,1510.3148,0.0
2022,11,ARI,2022_11_SF_ARI,1501.2806,-48.1434
2022,11,LAR,2022_11_LAR_NO,1491.3282,0.0
2022,11,IND,2022_11_PHI_IND,1484.7071,0.0
2022,11,JAX,2022_10_JAX_KC,1477.281,0.0
2022,11,WAS,2022_11_WAS_HOU,1473.5417,-24.5007
2022,11,OAK,2022_11_OAK_DEN,1469.1564,0.0
2022,11,DEN,2022_11_OAK_DEN,1468.9408,0.0
2022,11,LAC,2022_11_KC_LAC,1466.4897,0.0
2022,11,NYJ,2022_11_NYJ_NE,1464.812,-44.1539
2022,11,CLE,2022_11_CLE_BUF,1463.4228,0.0
2022,11,NYG,2022_11_DET_NYG,1463.3335,0.0
2022,11,PIT,2022_11_CIN_PIT,1459.7545,-55.0964
2022,11,CHI,2022_11_CHI_ATL,1449.338,0.0
2022,11,ATL,2022_11_CHI_ATL,1446.8874,0.0
2022,11,DET,2022_11_DET_NYG,1427.7777,0.0
2022,11,CAR,2022_11_CAR_BAL,1417.1132,0.0
2022,11,HOU,2022_11_WAS_HOU,1359.7525,0.0
2022,12,BUF,2022_12_BUF_DET,1746.6934,0.0
2022,12,KC,2022_12_LAR_KC,1734.9419,0.0
2022,12,DAL,2022_12_NYG_DAL,1707.6137,0.0
2022,12,BAL,2022_12_BAL_JAX,1631.0181,0.0
2022,12,NE,2022_12_NE_MIN,1626.0078,0.0
2022,12,SF,2022_12_NO_SF,1616.2735,57.6966
2022,12,SEA,2022_12_OAK_SEA,1611.8339,0.0
2022,12,PHI,2022_12_GB_PHI,1591.681,0.0
2022,12,CIN,2022_12_CIN_TEN,1586.7777,0.0
2022,12,TB,2022_12_TB_CLE,1579.1322,0.0
2022,12,MIA,2022_12_HOU_MIA,1565.2627,0.0
2022,12,NO,2022_12_NO_SF,1544.8364,-7.1455
2022,12,TEN,2022_12_CIN_TEN,1537.8486,0.0
2022,12,MIN,2022_12_NE_MIN,1500.4149,0.0
2022,12,GB,2022_12_GB_PHI,1497.1843,0.0
2022,12,WAS,2022_12_ATL_WAS,1483.9846,-23.9103
2022,12,IND,2022_12_PIT_IND,1483.5723,0.0
2022,12,LAR,2022_12_LAR_KC,1481.9529,-143.4083
2022,12,OAK,2022_12_OAK_SEA,1480.7965,0.0
2022,12,JAX,2022_12_BAL_JAX,1473.2027,0.0
2022,12,CLE,2022_12_TB_CLE,1471.0329,0.0
2022,12,ARI,2022_12_LAC_ARI,1470.7081,0.0
2022,12,LAC,2022_12_LAC_ARI,1467.1518,0.0
2022,12,NYJ,2022_12_CHI_NYJ,1461.8687,-78.1035
2022,12,DEN,2022_12_DEN_CAR,1458.5351,0.0
2022,12,ATL,2022_12_ATL_WAS,1457.4133,0.0
2022,12,PIT,2022_12_PIT_IND,1453.6459,-45.1326
2022,12,NYG,2022_12_NYG_DAL,1453.4637,0.0
2022,12,CHI,2022_12_CHI_NYJ,1444.0348,-47.4139
2022,12,DET,2022_12_BUF_DET,1442.8914,0.0
2022,12,CAR,2022_12_DEN_CAR,1413.5382,24.6688
2022,12,HOU,2022_12_HOU_MIA,1339.6975,11.9964
2022,13,KC,2022_13_KC_CIN,1739.1323,0.0
2022,13,BUF,2022_13_BUF_NE,1737.3524,0.0
2022,13,DAL,2022_13_IND_DAL,1714.4225,0.0
2022,13,BAL,2022_13_DEN_BAL,1637.2313,0.0
2022,13,NE,2022_13_BUF_NE,1622.1924,0.0
2022,13,SF,2022_13_MIA_SF,1615.4222,62.1056
2022,13,PHI,2022_13_TEN_PHI,1606.8488,0.0
2022,13,SEA,2022_13_SEA_LAR,1598.4186,0.0
2022,13,CIN,2022_13_KC_CIN,1594.8894,0.0
2022,13,TB,2022_13_NO_TB,1567.1367,0.0
2022,13,MIA,2022_13_MIA_SF,1565.0415,0.0
2022,13,NO,2022_13_NO_TB,1541.2668,-3.4458
2022,13,TEN,2022_13_TEN_PHI,1535.3703,0.0
2022,13,MIN,2022_13_NYJ_MIN,1509.451,0.0
2022,13,OAK,2022_13_LAC_OAK,1496.2523,0.0
2022,13,GB,2022_13_GB_CHI,1491.2861,0.0
2022,13,WAS,2022_13_WAS_NYG,1485.4297,-27.5595
2022,13,NYJ,2022_13_NYJ_MIN,1484.5342,-49.3104
2022,13,LAR,2022_13_SEA_LAR,1479.5291,-112.8845
2022,13,CLE,2022_13_CLE_HOU,1478.8793,67.7796
2022,13,JAX,2022_13_JAX_DET,1475.8659,0.0
2022,13,IND,2022_13_IND_DAL,1474.7223,0.0
2022,13,ARI,2022_12_LAC_ARI,1470.7081,0.0
2022,13,LAC,2022_13_LAC_OAK,1464.1728,0.0
2022,13,PIT,2022_13_PIT_ATL,1463.1036,-45.5907
2022,13,DET,2022_13_JAX_DET,1457.1342,0.0
2022,13,ATL,2022_13_PIT_ATL,1456.8893,0.0
2022,13,NYG,2022_13_WAS_NYG,1453.6183,0.0
2022,13,DEN,2022_13_DEN_BAL,1435.6233,0.0
2022,13,CHI,2022_13_GB_CHI,1428.7158,0.0
2022,13,CAR,2022_12_DEN_CAR,1413.5382,24.6688
2022,13,HOU,2022_13_CLE_HOU,1331.0453,-2.8329
2022,14,BUF,2022_14_NYJ_BUF,1754.13,0.0
2022,14,KC,2022_14_KC_DEN,1737.9044,0.0
2022,14,DAL,2022_14_HOU_DAL,1733.8203,0.0
2022,14,PHI,2022_14_PHI_NYG,1641.8314,0.0
2022,14,BAL,2022_14_BAL_PIT,1629.4057,-148.5053
2022,14,SF,2022_14_TB_SF,1627.9658,-109.8327
2022,14,NE,2022_14_NE_ARI,1608.3799,0.0
2022,14,CIN,2022_14_CLE_CIN,1605.5377,0.0
2022,14,SEA,2022_14_CAR_SEA,1604.7235,0.0
2022,14,TB,2022_14_TB_SF,1565.4883,0.0
2022,14,MIA,2022_14_MIA_LAC,1549.6412,0.0
2022,14,NO,2022_13_NO_TB,1541.2668,-3.4458
2022,14,TEN,2022_14_JAX_TEN,1506.935,0.0
2022,14,MIN,2022_14_MIN_DET,1506.0856,0.0
2022,14,OAK,2022_14_OAK_LAR,1500.7621,0.0
2022,14,DET,2022_14_MIN_DET,1493.3864,0.0
2022,14,GB,2022_13_GB_CHI,1491.2861,0.0
2022,14,NYJ,2022_14_NYJ_BUF,1488.853,-46.018
2022,14,WAS,2022_13_WAS_NYG,1485.4297,-27.5595
2022,14,CLE,2022_14_CLE_CIN,1484.146,46.9745
2022,14,PIT,2022_14_BAL_PIT,1476.4058,-45.1518
2022,14,IND,2022_13_IND_DAL,1474.7223,0.0
2022,14,LAR,2022_14_OAK_LAR,1474.5056,-88.8477
2022,14,ARI,2022_14_NE_ARI,1471.3375,0.0
2022,14,ATL,2022_13_PIT_ATL,1456.8893,0.0
2022,14,LAC,2022_14_MIA_LAC,1448.8948,0.0
2022,14,NYG,2022_14_PHI_NYG,1447.657,0.0
2022,14,JAX,2022_14_JAX_TEN,1447.4107,0.0
2022,14,CAR,2022_14_CAR_SEA,1437.0968,36.6455
2022,14,DEN,2022_14_KC_DEN,1434.2269,0.0
2022,14,CHI,2022_13_GB_CHI,1428.7158,0.0
2022,14,HOU,2022_14_HOU_DAL,1311.1293,0.0
2022,15,BUF,2022_15_MIA_BUF,1744.3175,0.0
2022,15,KC,2022_15_KC_HOU,1740.3682,0.0
2022,15,DAL,2022_15_DAL_JAX,1718.8465,0.0
2022,15,PHI,2022_15_PHI_CHI,1682.7372,0.0
2022,15,SF,2022_15_SF_SEA,1664.3231,-79.9046
2022,15,BAL,2022_15_BAL_CLE,1634.0253,-146.0559
2022,15,CIN,2022_15_CIN_TB,1619.7634,0.0
2022,15,NE,2022_15_NE_OAK,1612.2083,0.0
2022,15,SEA,2022_15_SF_SEA,1593.3947,0.0
2022,15,NO,2022_15_ATL_NO,1541.3984,2.3898
2022,15,MIA,2022_15_MIA_BUF,1539.5695,0.0
2022,15,TB,2022_15_CIN_TB,1530.1176,0.0
2022,15,DET,2022_15_DET_NYJ,1505.8876,0.0
2022,15,MIN,2022_15_IND_MIN,1501.3133,0.0
2022,15,OAK,2022_15_NE_OAK,1499.5848,0.0
2022,15,NYJ,2022_15_DET_NYJ,1493.6249,-55.6827
2022,15,GB,2022_15_LAR_GB,1491.8255,0.0
2022,15,TEN,2022_15_TEN_LAC,1491.0154,0.0
2022,15,WAS,2022_15_NYG_WAS,1490.0914,-21.526
2022,15,LAR,2022_15_LAR_GB,1475.8464,-90.0329
2022,15,PIT,2022_15_PIT_CAR,1473.3141,0.0
2022,15,CLE,2022_15_BAL_CLE,1469.4149,45.0094
2022,15,JAX,2022_15_DAL_JAX,1466.1826,0.0
2022,15,LAC,2022_15_TEN_LAC,1459.9191,0.0
2022,15,IND,2022_15_IND_MIN,1458.7092,0.0
2022,15,CAR,2022_15_PIT_CAR,1451.2447,36.6904
2022,15,ARI,2022_15_ARI_DEN,1448.6109,-62.037
2022,15,ATL,2022_15_ATL_NO,1444.331,-48.3283
2022,15,DEN,2022_15_ARI_DEN,1431.4066,-89.8366
2022,15,CHI,2022_15_PHI_CHI,1427.904,0.0
2022,15,NYG,2022_15_NYG_WAS,1416.863,0.0
2022,15,HOU,2022_15_KC_HOU,1330.6156,0.0
2022,16,KC,2022_16_SEA_KC,1737.2377,0.0
2022,16,BUF,2022_16_BUF_CHI,1733.0364,0.0
2022,16,DAL,2022_16_PHI_DAL,1701.2084,0.0
2022,16,PHI,2022_16_PHI_DAL,1682.7711,-105.7497
2022,16,SF,2022_16_WAS_SF,1679.7955,-63.6303
2022,16,BAL,2022_16_ATL_BAL,1626.8608,-154.1013
2022,16,CIN,2022_16_CIN_NE,1625.7985,0.0
2022,16,NE,2022_16_CIN_NE,1606.6983,0.0
2022,16,SEA,2022_16_SEA_KC,1578.4689,0.0
2022,16,MIA,2022_16_GB_MIA,1561.518,0.0
2022,16,NO,2022_16_NO_CLE,1541.0458,-2.3972
2022,16,TB,2022_16_TB_ARI,1521.66,0.0
2022,16,DET,2022_16_DET_CAR,1510.538,0.0
2022,16,GB,2022_16_GB_MIA,1504.4784,0.0
2022,16,OAK,2022_16_OAK_PIT,1499.6612,0.0
2022,16,JAX,2022_16_JAX_NYJ,1494.1744,0.0
2022,16,MIN,2022_16_NYG_MIN,1490.9946,0.0
2022,16,NYJ,2022_16_JAX_NYJ,1489.7065,-60.2206
2022,16,PIT,2022_16_OAK_PIT,1483.1902,-30.1369
2022,16,TEN,2022_16_HOU_TEN,1481.3856,-89.2627
2022,16,WAS,2022_16_WAS_SF,1474.2857,-15.5946
2022,16,CLE,2022_16_NO_CLE,1470.4544,34.409
2022,16,LAR,2022_16_DEN_LAR,1464.1025,-103.208
2022,16,IND,2022_16_LAC_IND,1461.306,22.5038
2022,16,LAC,2022_16_LAC_IND,1458.3557,0.0
2022,16,CAR,2022_16_DET_CAR,1450.0101,34.8898
2022,16,ATL,2022_16_ATL_BAL,1445.9638,-57.5988
2022,16,DEN,2022_16_DEN_LAR,1437.7553,0.0
2022,16,ARI,2022_16_TB_ARI,1434.0077,-174.7735
2022,16,NYG,2022_16_NYG_MIN,1432.6622,0.0
2022,16,CHI,2022_16_BUF_CHI,1430.646,0.0
2022,16,HOU,2022_16_HOU_TEN,1335.8748,0.0
2022,17,KC,2022_17_DEN_KC,1739.8249,0.0
2022,17,BUF,2022_16_BUF_CHI,1733.0364,0.0
2022,17,DAL,2022_17_DAL_TEN,1700.7379,0.0
2022,17,PHI,2022_17_NO_PHI,1697.2591,-90.3408
2022,17,SF,2022_17_SF_OAK,1690.4185,-55.6555
2022,17,BAL,2022_17_PIT_BAL,1629.6463,-151.2168
2022,17,CIN,2022_16_CIN_NE,1625.7985,0.0
2022,17,NE,2022_17_MIA_NE,1602.3872,0.0
2022,17,SEA,2022_17_NYJ_SEA,1568.7247,0.0
2022,17,MIA,2022_17_MIA_NE,1557.7571,-71.2784
2022,17,NO,2022_17_NO_PHI,1550.1723,-13.6555
2022,17,LAR,2022_17_LAR_LAC,1515.085,-72.5707
2022,17,JAX,2022_17_JAX_HOU,1511.9327,0.0
2022,17,DET,2022_17_CHI_DET,1511.1724,0.0
2022,17,TB,2022_17_CAR_TB,1510.1677,0.0
2022,17,GB,2022_17_MIN_GB,1506.7472,0.0
2022,17,OAK,2022_17_SF_OAK,1496.6681,-91.3356
2022,17,PIT,2022_17_PIT_BAL,1485.0786,-25.0225
2022,17,MIN,2022_17_MIN_GB,1481.2134,0.0
2022,17,CAR,2022_17_CAR_TB,1476.1094,47.8173
2022,17,NYJ,2022_17_NYJ_SEA,1474.4088,-41.671
2022,17,LAC,2022_17_LAR_LAC,1473.344,0.0
2022,17,TEN,2022_17_DAL_TEN,1471.2915,-80.9268
2022,17,WAS,2022_17_CLE_WAS,1460.501,0.0
2022,17,CLE,2022_17_CLE_WAS,1457.2892,19.9402
2022,17,NYG,2022_17_IND_NYG,1441.628,0.0
2022,17,ATL,2022_17_ARI_ATL,1438.9094,-52.4803
2022,17,ARI,2022_17_ARI_ATL,1434.4853,-178.7188
2022,17,IND,2022_17_IND_NYG,1427.6402,-15.6759
2022,17,CHI,2022_17_CHI_DET,1403.3751,0.0
2022,17,DEN,2022_17_DEN_KC,1387.7531,0.0
2022,17,HOU,2022_17_JAX_HOU,1340.1139,0.0
2022,18,BUF,2022_18_NE_BUF,1750.4124,0.0
2022,18,KC,2022_18_KC_OAK,1734.8863,0.0
2022,18,DAL,2022_18_DAL_WAS,1709.027,0.0
2022,18,SF,2022_18_ARI_SF,1702.8291,-43.8292
2022,18,PHI,2022_18_NYG_PHI,1674.9122,0.0
2022,18,CIN,2022_18_BAL_CIN,1630.7862,0.0
2022,18,BAL,2022_18_BAL_CIN,1629.0941,-194.8561
2022,18,NE,2022_18_NE_BUF,1596.1257,0.0
2022,18,SEA,2022_18_LAR_SEA,1577.0724,0.0
2022,18,NO,2022_18_CAR_NO,1568.0577,-24.0316
2022,18,MIA,2022_18_NYJ_MIA,1564.3043,-180.4633
2022,18,DET,2022_18_DET_GB,1542.868,0.0
2022,18,JAX,2022_18_TEN_JAX,1535.2516,0.0
2022,18,GB,2022_18_DET_GB,1523.7332,0.0
2022,18,TB,2022_18_TB_ATL,1509.6173,0.0
2022,18,LAR,2022_18_LAR_SEA,1501.4179,-77.2304
2022,18,OAK,2022_18_KC_OAK,1498.0422,-61.4783
2022,18,PIT,2022_18_CLE_PIT,1492.2508,-28.2013
2022,18,CAR,2022_18_CAR_NO,1483.168,63.889
2022,18,LAC,2022_18_LAC_DEN,1482.7729,0.0
2022,18,NYG,2022_18_NYG_PHI,1475.2349,-94.9118
2022,18,CLE,2022_18_CLE_PIT,1471.0366,11.3975
2022,18,TEN,2022_18_TEN_JAX,1458.3415,-76.6114
2022,18,MIN,2022_18_MIN_CHI,1457.4211,0.0
2022,18,NYJ,2022_18_NYJ_MIA,1454.9007,0.0
2022,18,WAS,2022_18_DAL_WAS,1440.3087,-61.225
2022,18,ARI,2022_18_ARI_SF,1436.6856,-170.686
2022,18,ATL,2022_18_TB_ATL,1435.3057,-50.0732
2022,18,IND,2022_18_HOU_IND,1398.6557,-112.597
2022,18,DEN,2022_18_LAC_DEN,1392.2427,0.0
2022,18,CHI,2022_18_MIN_CHI,1369.1295,-173.0212
2022,18,HOU,2022_18_HOU_IND,1308.5632,0.0
2023,1,BUF,2023_01_BUF_NYJ,1692.0383,0.0
2023,1,KC,2023_01_DET_KC,1687.8891,0.0
2023,1,PHI,2023_01_PHI_NE,1627.6811,0.0
2023,1,DAL,2023_01_DAL_NYG,1614.3074,0.0
2023,1,SF,2023_01_SF_PIT,1609.2419,0.0
2023,1,BAL,2023_01_HOU_BAL,1601.0459,0.0
2023,1,CIN,2023_01_CIN_CLE,1595.804,0.0
2023,1,SEA,2023_01_LAR_SEA,1565.6279,0.0
2023,1,DET,2023_01_DET_KC,1558.0065,0.0
2023,1,NE,2023_01_PHI_NE,1554.3745,0.0
2023,1,MIA,2023_01_MIA_LAC,1551.2637,0.0
2023,1,NO,2023_01_TEN_NO,1538.2612,0.0
2023,1,JAX,2023_01_JAX_IND,1535.5176,0.0
2023,1,LAR,2023_01_LAR_SEA,1518.3712,0.0
2023,1,LAC,2023_01_MIA_LAC,1515.2178,0.0
2023,1,NYG,2023_01_DAL_NYG,1514.6839,0.0
2023,1,GB,2023_01_GB_CHI,1514.6396,0.0
2023,1,NYJ,2023_01_BUF_NYJ,1514.5842,0.0
2023,1,CLE,2023_01_CIN_CLE,1507.7172,0.0
2023,1,MIN,2023_01_TB_MIN,1506.2433,0.0
2023,1,OAK,2023_01_OAK_DEN,1504.9283,0.0
2023,1,PIT,2023_01_SF_PIT,1499.2158,0.0
2023,1,CAR,2023_01_CAR_ATL,1498.4926,0.0
2023,1,TEN,2023_01_TEN_NO,1490.0266,0.0
2023,1,ATL,2023_01_CAR_ATL,1478.9526,0.0
2023,1,WAS,2023_01_ARI_WAS,1473.0389,0.0
2023,1,TB,2023_01_TB_MIN,1462.7136,0.0
2023,1,DEN,2023_01_OAK_DEN,1460.6327,0.0
2023,1,ARI,2023_01_ARI_WAS,1450.5295,0.0
2023,1,IND,2023_01_JAX_IND,1449.6869,0.0
2023,1,CHI,2023_01_GB_CHI,1445.2102,0.0
2023,1,HOU,2023_01_HOU_BAL,1407.102,0.0
2023,2,BUF,2023_02_OAK_BUF,1677.8802,0.0
2023,2,KC,2023_02_KC_JAX,1667.6209,0.0
2023,2,DAL,2023_02_NYJ_DAL,1648.0023,0.0
2023,2,SF,2023_02_SF_LAR,1636.0855,0.0
2023,2,PHI,2023_02_MIN_PHI,1624.5661,0.0
2023,2,BAL,2023_02_BAL_CIN,1610.1944,0.0
2023,2,MIA,2023_02_MIA_NE,1576.7292,0.0
2023,2,DET,2023_02_SEA_DET,1571.7694,0.0
2023,2,CIN,2023_02_BAL_CIN,1559.5176,0.0
2023,2,NE,2023_02_MIA_NE,1551.2867,0.0
2023,2,LAR,2023_02_SF_LAR,1546.0196,0.0
2023,2,SEA,2023_02_SEA_DET,1543.4443,0.0
2023,2,GB,2023_02_GB_ATL,1532.0547,0.0
2023,2,NO,2023_02_NO_CAR,1531.2551,0.0
2023,2,JAX,2023_02_KC_JAX,1530.9073,0.0
2023,2,CLE,2023_02_CLE_PIT,1529.2572,0.0
2023,2,NYJ,2023_02_NYJ_DAL,1526.0278,-118.0799
2023,2,OAK,2023_02_OAK_BUF,1513.7615,0.0
2023,2,MIN,2023_02_MIN_PHI,1507.6781,0.0
2023,2,LAC,2023_02_LAC_TEN,1501.1886,0.0
2023,2,TEN,2023_02_LAC_TEN,1490.6664,0.0
2023,2,ATL,2023_02_GB_ATL,1489.6741,0.0
2023,2,CAR,2023_02_NO_CAR,1481.3303,0.0
2023,2,WAS,2023_02_WAS_DEN,1472.3428,0.0
2023,2,NYG,2023_02_NYG_ARI,1468.725,0.0
2023,2,PIT,2023_02_CLE_PIT,1466.4789,0.0
2023,2,TB,2023_02_CHI_TB,1461.6297,0.0
2023,2,DEN,2023_02_WAS_DEN,1458.6366,0.0
2023,2,ARI,2023_02_NYG_ARI,1443.3979,0.0
2023,2,IND,2023_02_IND_HOU,1442.1937,0.0
2023,2,CHI,2023_02_CHI_TB,1426.5213,0.0
2023,2,HOU,2023_02_IND_HOU,1391.3692,0.0
2023,3,BUF,2023_03_BUF_WAS,1702.855,0.0
2023,3,KC,2023_03_CHI_KC,1677.9878,0.0
2023,3,DAL,2023_03_DAL_ARI,1668.145,0.0
2023,3,SF,2023_03_NYG_SF,1642.2373,0.0
2023,3,BAL,2023_03_IND_BAL,1623.4117,0.0
2023,3,PHI,2023_03_PHI_TB,1613.5944,0.0
2023,3,MIA,2023_03_DEN_MIA,1586.7951,0.0
2023,3,SEA,2023_03_CAR_SEA,1558.9534,0.0
2023,3,DET,2023_03_ATL_DET,1558.7521,0.0
2023,3,CIN,2023_03_LAR_CIN,1547.5798,0.0
2023,3,NE,2023_03_NE_NYJ,1543.9621,0.0
2023,3,LAR,2023_03_LAR_CIN,1541.9882,0.0
2023,3,NO,2023_03_NO_GB,1536.7225,0.0
2023,3,GB,2023_03_NO_GB,1532.163,0.0
2023,3,MIN,2023_03_LAC_MIN,1521.5327,0.0
2023,3,CLE,2023_03_TEN_CLE,1517.2326,0.0
2023,3,JAX,2023_03_HOU_JAX,1516.36,0.0
2023,3,NYJ,2023_03_NE_NYJ,1508.5021,-129.3499
2023,3,LAC,2023_03_LAC_MIN,1498.0787,0.0
2023,3,TEN,2023_03_TEN_CLE,1497.4137,0.0
2023,3,ATL,2023_03_ATL_DET,1495.8775,0.0
2023,3,OAK,2023_03_PIT_OAK,1493.4295,0.0
2023,3,WAS,2023_03_BUF_WAS,1477.2957,0.0
2023,3,TB,2023_03_PHI_TB,1477.0525,0.0
2023,3,CAR,2023_03_CAR_SEA,1476.7795,23.9527
2023,3,NYG,2023_03_NYG_SF,1476.6887,0.0
2023,3,PIT,2023_03_PIT_OAK,1469.712,0.0
2023,3,IND,2023_03_IND_BAL,1460.3692,28.011
2023,3,DEN,2023_03_DEN_MIA,1459.7712,0.0
2023,3,ARI,2023_03_DAL_ARI,1446.7112,0.0
2023,3,CHI,2023_03_CHI_KC,1410.4277,0.0
2023,3,HOU,2023_03_HOU_JAX,1381.7238,0.0
2023,4,BUF,2023_04_MIA_BUF,1729.7902,0.0
2023,4,KC,2023_04_KC_NYJ,1698.861,0.0
2023,4,SF,2023_04_ARI_SF,1663.9302,0.0
2023,4,DAL,2023_04_NE_DAL,1649.1946,0.0
2023,4,MIA,2023_04_MIA_BUF,1632.1211,0.0
2023,4,PHI,2023_04_WAS_PHI,1625.4359,0.0
2023,4,BAL,2023_04_BAL_CLE,1611.6583,0.0
2023,4,SEA,2023_04_SEA_NYG,1570.5509,0.0
2023,4,DET,2023_04_DET_GB,1567.7482,0.0
2023,4,CIN,2023_04_CIN_TEN,1550.9129,0.0
2023,4,NE,2023_04_NE_DAL,1550.4683,0.0
2023,4,CLE,2023_04_BAL_CLE,1548.149,-83.231
2023,4,NO,2023_04_TB_NO,1535.4814,0.0
2023,4,LAR,2023_04_LAR_IND,1534.2746,0.0
2023,4,GB,2023_04_DET_GB,1531.1976,0.0
2023,4,MIN,2023_04_MIN_CAR,1514.7971,0.0
2023,4,LAC,2023_04_OAK_LAC,1509.1729,0.0
2023,4,NYJ,2023_04_KC_NYJ,1497.2847,-134.7173
2023,4,JAX,2023_04_ATL_JAX,1488.885,0.0
2023,4,OAK,2023_04_OAK_LAC,1485.138,-78.7425
2023,4,ARI,2023_04_ARI_SF,1479.5272,0.0
2023,4,ATL,2023_04_ATL_JAX,1478.6593,0.0
2023,4,PIT,2023_04_PIT_HOU,1477.1355,0.0
2023,4,TEN,2023_04_CIN_TEN,1469.0599,0.0
2023,4,IND,2023_04_LAR_IND,1467.5916,0.0
2023,4,CAR,2023_04_MIN_CAR,1467.0592,0.0
2023,4,TB,2023_04_TB_NO,1465.1237,0.0
2023,4,NYG,2023_04_SEA_NYG,1459.7656,0.0
2023,4,WAS,2023_04_WAS_PHI,1439.8834,0.0
2023,4,DEN,2023_04_DEN_CHI,1427.6751,0.0
2023,4,HOU,2023_04_PIT_HOU,1412.6012,0.0
2023,4,CHI,2023_04_DEN_CHI,1385.1655,0.0
2023,5,BUF,2023_05_JAX_BUF,1751.83,0.0
2023,5,KC,2023_05_KC_MIN,1694.9032,0.0
2023,5,DAL,2023_05_DAL_SF,1683.5181,0.0
2023,5,SF,2023_05_DAL_SF,1679.4076,0.0
2023,5,BAL,2023_05_BAL_PIT,1639.735,0.0
2023,5,PHI,2023_05_PHI_LAR,1620.8963,0.0
2023,5,MIA,2023_05_NYG_MIA,1617.1519,0.0
2023,5,DET,2023_05_CAR_DET,1584.0121,0.0
2023,5,SEA,2023_04_SEA_NYG,1570.5509,0.0
2023,5,CLE,2023_04_BAL_CLE,1548.149,-83.231
2023,5,LAR,2023_05_PHI_LAR,1546.2843,0.0
2023,5,MIN,2023_05_KC_MIN,1527.5275,0.0
2023,5,CIN,2023_05_CIN_ARI,1514.367,0.0
2023,5,NE,2023_05_NO_NE,1511.3713,0.0
2023,5,GB,2023_05_GB_OAK,1509.2168,0.0
2023,5,LAC,2023_04_OAK_LAC,1509.1729,0.0
2023,5,NO,2023_05_NO_NE,1508.896,0.0
2023,5,TEN,2023_05_TEN_IND,1505.8787,0.0
2023,5,JAX,2023_05_JAX_BUF,1503.2233,0.0
2023,5,NYJ,2023_05_NYJ_DEN,1501.7281,-118.9178
2023,5,OAK,2023_05_GB_OAK,1482.1762,0.0
2023,5,ARI,2023_05_CIN_ARI,1474.5356,0.0
2023,5,TB,2023_04_TB_NO,1465.1237,0.0
2023,5,IND,2023_05_TEN_IND,1462.4685,0.0
2023,5,ATL,2023_05_HOU_ATL,1460.0257,0.0
2023,5,WAS,2023_05_CHI_WAS,1451.8789,0.0
2023,5,HOU,2023_05_HOU_ATL,1449.1863,0.0
2023,5,CAR,2023_05_CAR_DET,1448.2855,0.0
2023,5,PIT,2023_05_BAL_PIT,1442.9497,0.0
2023,5,DEN,2023_05_NYJ_DEN,1432.8452,0.0
2023,5,NYG,2023_05_NYG_MIA,1430.1629,0.0
2023,5,CHI,2023_05_CHI_WAS,1386.6441,0.0
2023,6,BUF,2023_06_NYG_BUF,1739.8975,0.0
2023,6,SF,2023_06_SF_CLE,1720.9505,0.0
2023,6,KC,2023_06_DEN_KC,1694.2485,0.0
2023,6,DAL,2023_06_DAL_LAC,1648.353,0.0
2023,6,MIA,2023_06_CAR_MIA,1638.4174,0.0
2023,6,PHI,2023_06_PHI_NYJ,1632.7941,0.0
2023,6,BAL,2023_06_BAL_TEN,1624.8071,0.0
2023,6,DET,2023_06_DET_TB,1602.1252,0.0
2023,6,SEA,2023_06_SEA_CIN,1584.4048,0.0
2023,6,NO,2023_06_NO_HOU,1547.4403,0.0
2023,6,LAR,2023_06_ARI_LAR,1534.9268,0.0
2023,6,MIN,2023_06_MIN_CHI,1530.2052,0.0
2023,6,JAX,2023_06_IND_JAX,1525.0179,0.0
2023,6,CIN,2023_06_SEA_CIN,1523.1411,0.0
2023,6,NYJ,2023_06_PHI_NYJ,1515.9363,-122.3979
2023,6,CLE,2023_06_SF_CLE,1512.55,-83.1526
2023,6,GB,2023_05_GB_OAK,1509.2168,0.0
2023,6,LAC,2023_06_DAL_LAC,1507.7655,0.0
2023,6,TEN,2023_06_BAL_TEN,1502.395,0.0
2023,6,TB,2023_06_DET_TB,1489.3051,0.0
2023,6,OAK,2023_06_NE_OAK,1480.322,0.0
2023,6,IND,2023_06_IND_JAX,1478.6757,2.7607
2023,6,ATL,2023_06_WAS_ATL,1471.1546,0.0
2023,6,ARI,2023_06_ARI_LAR,1458.4559,0.0
2023,6,NE,2023_06_NE_OAK,1458.2486,0.0
2023,6,HOU,2023_06_NO_HOU,1443.0931,0.0
2023,6,PIT,2023_05_BAL_PIT,1442.9497,0.0
2023,6,CAR,2023_06_CAR_MIA,1435.5048,0.0
2023,6,WAS,2023_06_WAS_ATL,1424.9484,0.0
2023,6,CHI,2023_06_MIN_CHI,1418.9708,0.0
2023,6,DEN,2023_06_DEN_KC,1414.5408,0.0
2023,6,NYG,2023_06_NYG_BUF,1411.4798,-35.12
2023,7,BUF,2023_07_BUF_NE,1731.2208,0.0
2023,7,SF,2023_07_SF_MIN,1707.4839,0.0
2023,7,KC,2023_07_LAC_KC,1683.7314,0.0
2023,7,MIA,2023_07_MIA_PHI,1658.0102,0.0
2023,7,DAL,2023_06_DAL_LAC,1648.353,0.0
2023,7,BAL,2023_07_DET_BAL,1628.4328,0.0
2023,7,DET,2023_07_DET_BAL,1615.8003,0.0
2023,7,PHI,2023_07_MIA_PHI,1615.241,0.0
2023,7,SEA,2023_07_ARI_SEA,1583.1371,0.0
2023,7,LAR,2023_07_PIT_LAR,1556.0989,0.0
2023,7,JAX,2023_07_JAX_NO,1537.0061,0.0
2023,7,NO,2023_07_JAX_NO,1536.6618,0.0
2023,7,CIN,2023_06_SEA_CIN,1523.1411,0.0
2023,7,CLE,2023_07_CLE_IND,1519.9028,0.0
2023,7,MIN,2023_07_SF_MIN,1519.6202,0.0
2023,7,NYJ,2023_06_PHI_NYJ,1515.9363,-122.3979
2023,7,TEN,2023_06_BAL_TEN,1502.395,0.0
2023,7,LAC,2023_07_LAC_KC,1500.8937,0.0
2023,7,GB,2023_07_GB_DEN,1500.6311,0.0
2023,7,OAK,2023_07_OAK_CHI,1481.8018,-66.1436
2023,7,TB,2023_07_ATL_TB,1474.5945,0.0
2023,7,IND,2023_07_CLE_IND,1466.3456,-8.1592
2023,7,NE,2023_07_BUF_NE,1460.3464,0.0
2023,7,ATL,2023_07_ATL_TB,1459.002,0.0
2023,7,PIT,2023_07_PIT_LAR,1455.8815,0.0
2023,7,HOU,2023_06_NO_HOU,1443.0931,0.0
2023,7,ARI,2023_07_ARI_SEA,1436.7967,0.0
2023,7,CAR,2023_06_CAR_MIA,1435.5048,0.0
2023,7,WAS,2023_07_WAS_NYG,1431.4668,0.0
2023,7,DEN,2023_07_GB_DEN,1416.3671,0.0
2023,7,CHI,2023_07_OAK_CHI,1415.8913,-96.1786
2023,7,NYG,2023_07_WAS_NYG,1415.1305,-30.5614
2023,8,BUF,2023_08_TB_BUF,1712.6385,0.0
2023,8,SF,2023_08_CIN_SF,1703.1619,0.0
2023,8,KC,2023_08_KC_DEN,1692.8346,0.0
2023,8,BAL,2023_08_BAL_ARI,1675.274,0.0
2023,8,DAL,2023_08_LAR_DAL,1654.2839,0.0
2023,8,PHI,2023_08_PHI_WAS,1638.6085,0.0
2023,8,MIA,2023_08_NE_MIA,1635.8764,0.0
2023,8,SEA,2023_08_CLE_SEA,1596.6421,0.0
2023,8,DET,2023_08_OAK_DET,1579.2179,0.0
2023,8,JAX,2023_08_JAX_PIT,1546.1979,0.0
2023,8,LAR,2023_08_LAR_DAL,1539.5522,0.0
2023,8,MIN,2023_08_MIN_GB,1533.4468,0.0
2023,8,NYJ,2023_08_NYJ_NYG,1527.1097,-129.31
2023,8,NO,2023_08_NO_IND,1525.282,0.0
2023,8,CIN,2023_08_CIN_SF,1518.3499,0.0
2023,8,CLE,2023_08_CLE_SEA,1511.0446,-102.41
2023,8,GB,2023_08_MIN_GB,1500.0697,0.0
2023,8,TEN,2023_08_ATL_TEN,1499.1268,-38.7996
2023,8,LAC,2023_08_CHI_LAC,1499.0704,0.0
2023,8,NE,2023_08_NE_MIA,1487.8164,0.0
2023,8,IND,2023_08_NO_IND,1475.7486,8.2825
2023,8,ATL,2023_08_ATL_TEN,1471.0163,0.0
2023,8,PIT,2023_08_JAX_PIT,1468.7795,0.0
2023,8,TB,2023_08_TB_BUF,1466.7309,0.0
2023,8,OAK,2023_08_OAK_DET,1460.3043,0.0
2023,8,HOU,2023_08_HOU_CAR,1457.9036,0.0
2023,8,CHI,2023_08_CHI_LAC,1438.5311,-85.6927
2023,8,DEN,2023_08_KC_DEN,1422.314,0.0
2023,8,ARI,2023_08_BAL_ARI,1422.1622,0.0
2023,8,NYG,2023_08_NYJ_NYG,1421.1223,-22.8355
2023,8,WAS,2023_08_PHI_WAS,1418.0968,0.0
2023,8,CAR,2023_08_HOU_CAR,1416.9857,0.0
2023,9,BUF,2023_09_BUF_CIN,1709.6597,0.0
2023,9,SF,2023_08_CIN_SF,1703.1619,0.0
2023,9,BAL,2023_09_SEA_BAL,1684.623,0.0
2023,9,DAL,2023_09_DAL_PHI,1679.5045,0.0
2023,9,KC,2023_09_MIA_KC,1666.2119,0.0
2023,9,PHI,2023_09_DAL_PHI,1653.5758,0.0
2023,9,MIA,2023_09_MIA_KC,1650.3385,0.0
2023,9,SEA,2023_09_SEA_BAL,1595.7934,0.0
2023,9,DET,2023_08_OAK_DET,1579.2179,0.0
2023,9,MIN,2023_09_MIN_ATL,1554.7578,-120.9678
2023,9,CIN,2023_09_BUF_CIN,1552.9856,0.0
2023,9,JAX,2023_08_JAX_PIT,1546.1979,0.0
2023,9,NO,2023_09_CHI_NO,1541.2612,0.0
2023,9,NYJ,2023_09_LAC_NYJ,1521.9528,-130.2229
2023,9,LAR,2023_09_LAR_GB,1518.5029,-89.9413
2023,9,CLE,2023_09_ARI_CLE,1514.6452,0.0
2023,9,TEN,2023_09_TEN_PIT,1510.3272,-24.9604
2023,9,LAC,2023_09_LAC_NYJ,1509.3005,0.0
2023,9,GB,2023_09_LAR_GB,1479.885,0.0
2023,9,NE,2023_09_WAS_NE,1474.8309,0.0
2023,9,TB,2023_09_TB_HOU,1473.0685,0.0
2023,9,IND,2023_09_IND_CAR,1471.5297,5.87
2023,9,HOU,2023_09_TB_HOU,1467.7087,0.0
2023,9,ATL,2023_09_MIN_ATL,1461.5312,6.039
2023,9,PIT,2023_09_TEN_PIT,1448.4604,0.0
2023,9,OAK,2023_09_NYG_OAK,1436.091,-74.4521
2023,9,CHI,2023_09_CHI_NO,1429.7773,-83.351
2023,9,DEN,2023_08_KC_DEN,1422.314,0.0
2023,9,WAS,2023_09_WAS_NE,1413.0798,0.0
2023,9,ARI,2023_09_ARI_CLE,1410.0823,-34.9261
2023,9,NYG,2023_09_NYG_OAK,1409.3625,0.0
2023,9,CAR,2023_09_IND_CAR,1406.6757,0.0
2023,10,BAL,2023_10_CLE_BAL,1725.2728,0.0
2023,10,BUF,2023_10_DEN_BUF,1696.6781,0.0
2023,10,DAL,2023_10_NYG_DAL,1679.6706,0.0
2023,10,SF,2023_10_SF_JAX,1676.336,0.0
2023,10,KC,2023_09_MIA_KC,1666.2119,0.0
2023,10,PHI,2023_09_DAL_PHI,1653.5758,0.0
2023,10,MIA,2023_09_MIA_KC,1650.3385,0.0
2023,10,DET,2023_10_DET_LAC,1588.219,0.0
2023,10,CIN,2023_10_HOU_CIN,1568.9744,0.0
2023,10,JAX,2023_10_SF_JAX,1564.4878,0.0
2023,10,MIN,2023_10_NO_MIN,1558.9447,-80.9245
2023,10,SEA,2023_10_WAS_SEA,1550.6657,0.0
2023,10,CLE,2023_10_CLE_BAL,1537.6523,0.0
2023,10,NO,2023_10_NO_MIN,1535.4296,0.0
2023,10,LAC,2023_10_DET_LAC,1519.9128,0.0
2023,10,LAR,2023_09_LAR_GB,1518.5029,-89.9413
2023,10,TEN,2023_10_TEN_TB,1511.2377,-31.4606
2023,10,GB,2023_10_GB_PIT,1510.7287,0.0
2023,10,NYJ,2023_10_NYJ_OAK,1507.583,-136.3653
2023,10,IND,2023_10_IND_NE,1482.4948,1.9205
2023,10,HOU,2023_10_HOU_CIN,1482.0378,0.0
2023,10,TB,2023_10_TEN_TB,1476.1263,0.0
2023,10,OAK,2023_10_NYJ_OAK,1464.0486,-67.4313
2023,10,ATL,2023_10_ATL_ARI,1461.3633,6.6059
2023,10,NE,2023_10_IND_NE,1460.9475,0.0
2023,10,PIT,2023_10_GB_PIT,1455.3814,0.0
2023,10,DEN,2023_10_DEN_BUF,1442.3457,0.0
2023,10,CHI,2023_10_CAR_CHI,1431.4542,-75.8878
2023,10,WAS,2023_10_WAS_SEA,1429.0035,0.0
2023,10,CAR,2023_10_CAR_CHI,1390.3724,0.0
2023,10,ARI,2023_10_ATL_ARI,1375.2736,70.6329
2023,10,NYG,2023_10_NYG_DAL,1373.3209,-53.3973
2023,11,BAL,2023_11_CIN_BAL,1715.8667,0.0
2023,11,DAL,2023_11_DAL_CAR,1710.6198,0.0
2023,11,SF,2023_11_TB_SF,1709.765,0.0
2023,11,BUF,2023_11_NYJ_BUF,1686.1934,0.0
2023,11,KC,2023_11_PHI_KC,1664.4825,0.0
2023,11,PHI,2023_11_PHI_KC,1663.725,0.0
2023,11,MIA,2023_11_OAK_MIA,1649.168,0.0
2023,11,DET,2023_11_CHI_DET,1609.1771,0.0
2023,11,MIN,2023_11_MIN_DEN,1572.4674,-61.8239
2023,11,CIN,2023_11_CIN_BAL,1555.8614,0.0
2023,11,CLE,2023_11_PIT_CLE,1554.1128,-98.4914
2023,11,SEA,2023_11_SEA_LAR,1551.5522,0.0
2023,11,NO,2023_10_NO_MIN,1535.4296,0.0
2023,11,JAX,2023_11_TEN_JAX,1531.4309,0.0
2023,11,LAC,2023_11_LAC_GB,1520.6596,0.0
2023,11,GB,2023_11_LAC_GB,1510.1735,0.0
2023,11,HOU,2023_11_ARI_HOU,1502.3057,0.0
2023,11,NYJ,2023_11_NYJ_BUF,1498.1208,-129.7384
2023,11,TEN,2023_11_TEN_JAX,1496.7855,-48.1196
2023,11,TB,2023_11_TB_SF,1489.9534,0.0
2023,11,LAR,2023_11_SEA_LAR,1482.6372,0.0
2023,11,IND,2023_10_IND_NE,1482.4948,1.9205
2023,11,OAK,2023_11_OAK_MIA,1463.2979,-71.4031
2023,11,ATL,2023_10_ATL_ARI,1461.3633,6.6059
2023,11,NE,2023_10_IND_NE,1460.9475,0.0
2023,11,PIT,2023_11_PIT_CLE,1456.246,0.0
2023,11,DEN,2023_11_MIN_DEN,1451.2756,0.0
2023,11,WAS,2023_11_NYG_WAS,1434.8808,0.0
2023,11,CHI,2023_11_CHI_DET,1434.725,0.0
2023,11,CAR,2023_11_DAL_CAR,1381.2388,0.0
2023,11,ARI,2023_11_ARI_HOU,1378.3576,65.5491
2023,11,NYG,2023_11_NYG_WAS,1347.8402,-58.5575
2023,12,DAL,2023_12_WAS_DAL,1726.0315,0.0
2023,12,BAL,2023_12_BAL_LAC,1723.3052,0.0
2023,12,SF,2023_12_SF_SEA,1714.0858,0.0
2023,12,BUF,2023_12_BUF_PHI,1703.9616,0.0
2023,12,PHI,2023_12_BUF_PHI,1665.859,0.0
2023,12,KC,2023_12_KC_OAK,1655.0018,0.0
2023,12,MIA,2023_12_MIA_NYJ,1646.3902,0.0
2023,12,DET,2023_12_GB_DET,1598.3017,0.0
2023,12,MIN,2023_12_CHI_MIN,1574.8091,-60.4895
2023,12,CIN,2023_12_PIT_CIN,1553.4129,-118.3315
2023,12,JAX,2023_12_JAX_HOU,1552.6331,0.0
2023,12,SEA,2023_12_SF_SEA,1551.2443,0.0
2023,12,CLE,2023_12_CLE_DEN,1546.3119,-96.9358
2023,12,NO,2023_12_NO_ATL,1526.2298,0.0
2023,12,LAC,2023_12_BAL_LAC,1525.0259,0.0
2023,12,GB,2023_12_GB_DET,1512.0633,0.0
2023,12,HOU,2023_12_JAX_HOU,1503.2542,0.0
2023,12,TB,2023_12_TB_IND,1491.1932,0.0
2023,12,IND,2023_12_TB_IND,1486.7206,-1.9545
2023,12,TEN,2023_12_CAR_TEN,1486.0885,-43.3034
2023,12,NYJ,2023_12_MIA_NYJ,1481.8074,-122.3307
2023,12,LAR,2023_12_LAR_ARI,1478.6052,0.0
2023,12,OAK,2023_12_KC_OAK,1460.5546,-76.4559
2023,12,ATL,2023_12_NO_ATL,1459.1617,0.0
2023,12,PIT,2023_12_PIT_CIN,1455.9608,0.0
2023,12,NE,2023_12_NE_NYG,1455.6705,0.0
2023,12,DEN,2023_12_CLE_DEN,1450.2502,0.0
2023,12,CHI,2023_12_CHI_MIN,1443.9193,0.0
2023,12,WAS,2023_12_WAS_DAL,1427.1049,0.0
2023,12,ARI,2023_12_LAR_ARI,1378.046,67.0147
2023,12,CAR,2023_12_CAR_TEN,1363.4795,0.0
2023,12,NYG,2023_12_NE_NYG,1351.7466,-58.8843
2023,13,DAL,2023_13_SEA_DAL,1756.7337,0.0
2023,13,SF,2023_13_SF_PHI,1737.0176,0.0
2023,13,BAL,2023_12_BAL_LAC,1723.3052,0.0
2023,13,BUF,2023_12_BUF_PHI,1703.9616,0.0
2023,13,PHI,2023_13_SF_PHI,1668.6832,0.0
2023,13,MIA,2023_13_MIA_WAS,1665.2989,0.0
2023,13,KC,2023_13_KC_GB,1664.2454,0.0
2023,13,DET,2023_13_DET_NO,1577.8905,0.0
2023,13,MIN,2023_12_CHI_MIN,1574.8091,-60.4895
2023,13,JAX,2023_13_CIN_JAX,1560.473,0.0
2023,13,CIN,2023_13_CIN_JAX,1544.1972,-115.475
2023,13,CLE,2023_13_CLE_LAR,1536.5443,-18.2123
2023,13,GB,2023_13_KC_GB,1529.86,0.0
2023,13,SEA,2023_13_SEA_DAL,1528.0194,0.0
2023,13,NO,2023_13_DET_NO,1520.0279,0.0
2023,13,LAC,2023_13_LAC_NE,1511.9467,0.0
2023,13,LAR,2023_13_CLE_LAR,1505.8595,0.0
2023,13,HOU,2023_13_DEN_HOU,1504.8148,0.0
2023,13,IND,2023_13_IND_TEN,1503.5529,-6.5061
2023,13,TEN,2023_13_IND_TEN,1495.2199,-41.1538
2023,13,TB,2023_13_CAR_TB,1480.8428,0.0
2023,13,ATL,2023_13_ATL_NYJ,1467.7717,0.0
2023,13,PIT,2023_13_ARI_PIT,1467.2356,0.0
2023,13,DEN,2023_13_DEN_HOU,1462.093,0.0
2023,13,OAK,2023_12_KC_OAK,1460.5546,-76.4559
2023,13,NYJ,2023_13_ATL_NYJ,1458.8275,-135.8724
2023,13,CHI,2023_12_CHI_MIN,1443.9193,0.0
2023,13,NE,2023_13_LAC_NE,1441.4506,-4.6347
2023,13,WAS,2023_13_MIA_WAS,1398.3259,0.0
2023,13,CAR,2023_13_CAR_TB,1353.8846,0.0
2023,13,NYG,2023_12_NE_NYG,1351.7466,-58.8843
2023,13,ARI,2023_13_ARI_PIT,1346.7503,64.762
2023,14,SF,2023_14_SEA_SF,1776.8271,0.0
2023,14,DAL,2023_14_PHI_DAL,1760.2607,0.0
2023,14,BAL,2023_14_LAR_BAL,1727.7424,0.0
2023,14,BUF,2023_14_BUF_KC,1701.6344,0.0
2023,14,MIA,2023_14_TEN_MIA,1691.5242,0.0
2023,14,KC,2023_14_BUF_KC,1653.8646,0.0
2023,14,PHI,2023_14_PHI_DAL,1650.7344,0.0
2023,14,DET,2023_14_DET_CHI,1590.9036,0.0
2023,14,CIN,2023_14_IND_CIN,1561.7391,-88.2474
2023,14,MIN,2023_14_MIN_OAK,1552.957,-77.6899
2023,14,GB,2023_14_GB_NYG,1552.5264,0.0
2023,14,JAX,2023_14_JAX_CLE,1551.2172,0.0
2023,14,SEA,2023_14_SEA_SF,1537.117,7.7101
2023,14,LAR,2023_14_LAR_BAL,1525.8092,0.0
2023,14,CLE,2023_14_JAX_CLE,1516.8721,-20.7585
2023,14,IND,2023_14_IND_CIN,1511.129,-0.0437
2023,14,LAC,2023_14_DEN_LAC,1509.7486,0.0
2023,14,NO,2023_14_CAR_NO,1508.4215,0.0
2023,14,HOU,2023_14_HOU_NYJ,1508.2073,0.0
2023,14,TEN,2023_14_TEN_MIA,1490.1807,-48.7316
2023,14,TB,2023_14_TB_ATL,1481.8839,0.0
2023,14,ATL,2023_14_TB_ATL,1468.1902,0.0
2023,14,DEN,2023_14_DEN_LAC,1455.9308,0.0
2023,14,CHI,2023_14_DET_CHI,1455.1332,0.0
2023,14,NYJ,2023_14_HOU_NYJ,1453.521,-143.5095
2023,14,OAK,2023_14_MIN_OAK,1451.9907,-62.1014
2023,14,PIT,2023_14_NE_PIT,1446.449,38.3847
2023,14,NE,2023_14_NE_PIT,1434.4609,-18.4545
2023,14,WAS,2023_13_MIA_WAS,1398.3259,0.0
2023,14,NYG,2023_14_GB_NYG,1353.926,-60.8747
2023,14,CAR,2023_14_CAR_NO,1346.88,0.0
2023,14,ARI,2023_13_ARI_PIT,1346.7503,64.762
2023,15,SF,2023_15_SF_ARI,1789.0706,0.0
2023,15,DAL,2023_15_DAL_BUF,1775.0481,0.0
2023,15,BAL,2023_15_BAL_JAX,1724.4723,0.0
2023,15,BUF,2023_15_DAL_BUF,1699.0818,0.0
2023,15,MIA,2023_15_NYJ_MIA,1674.3188,0.0
2023,15,KC,2023_15_KC_NE,1645.2786,0.0
2023,15,PHI,2023_15_PHI_SEA,1638.0216,0.0
2023,15,CIN,2023_15_MIN_CIN,1585.8888,-70.2947
2023,15,DET,2023_15_DEN_DET,1570.4255,0.0
2023,15,MIN,2023_15_MIN_CIN,1547.2988,-75.0706
2023,15,JAX,2023_15_BAL_JAX,1545.9266,0.0
2023,15,GB,2023_15_TB_GB,1545.8799,0.0
2023,15,LAR,2023_15_WAS_LAR,1537.2079,0.0
2023,15,SEA,2023_15_PHI_SEA,1530.8986,5.1764
2023,15,CLE,2023_15_CHI_CLE,1518.1105,-16.0125
2023,15,NO,2023_15_NYG_NO,1516.4177,0.0
2023,15,TEN,2023_15_HOU_TEN,1509.7092,-37.4902
2023,15,IND,2023_15_PIT_IND,1492.8942,-2.9524
2023,15,NYJ,2023_15_NYJ_MIA,1492.6353,-128.1778
2023,15,TB,2023_15_TB_GB,1482.8437,0.0
2023,15,DEN,2023_15_DEN_DET,1478.5642,0.0
2023,15,CHI,2023_15_CHI_CLE,1473.2829,0.0
2023,15,HOU,2023_15_HOU_TEN,1470.1142,-44.6518
2023,15,LAC,2023_15_LAC_OAK,1469.7316,-115.5172
2023,15,ATL,2023_15_ATL_CAR,1465.7771,0.0
2023,15,NE,2023_15_KC_NE,1442.7857,-6.1564
2023,15,OAK,2023_15_LAC_OAK,1440.2001,-71.9084
2023,15,PIT,2023_15_PIT_IND,1430.4372,41.4692
2023,15,WAS,2023_15_WAS_LAR,1377.8442,0.0
2023,15,ARI,2023_15_SF_ARI,1367.2098,58.2427
2023,15,NYG,2023_15_NYG_NO,1366.5607,-38.7227
2023,15,CAR,2023_15_ATL_CAR,1322.7115,0.0
2023,16,SF,2023_16_BAL_SF,1801.1861,0.0
2023,16,DAL,2023_16_DAL_MIA,1755.6619,0.0
2023,16,BAL,2023_16_BAL_SF,1736.1244,0.0
2023,16,BUF,2023_16_BUF_LAC,1717.1658,0.0
2023,16,MIA,2023_16_DAL_MIA,1692.9261,0.0
2023,16,KC,2023_16_OAK_KC,1649.0097,0.0
2023,16,PHI,2023_16_NYG_PHI,1634.4007,0.0
2023,16,DET,2023_16_DET_MIN,1604.2371,0.0
2023,16,CIN,2023_16_CIN_PIT,1587.3272,-67.1999
2023,16,MIN,2023_16_DET_MIN,1554.9199,-70.9615
2023,16,LAR,2023_16_NO_LAR,1544.2389,0.0
2023,16,SEA,2023_16_SEA_TEN,1537.8777,0.0
2023,16,NO,2023_16_NO_LAR,1531.5594,0.0
2023,16,JAX,2023_16_JAX_TB,1528.7036,0.0
2023,16,GB,2023_16_GB_CAR,1524.7446,0.0
2023,16,TB,2023_16_JAX_TB,1516.7136,0.0
2023,16,CLE,2023_16_CLE_HOU,1514.5498,-19.2912
2023,16,IND,2023_16_IND_ATL,1511.1886,2.4573
2023,16,TEN,2023_16_SEA_TEN,1494.7052,0.0
2023,16,OAK,2023_16_OAK_KC,1494.2105,-54.0146
2023,16,HOU,2023_16_CLE_HOU,1483.0366,-50.3175
2023,16,NYJ,2023_16_WAS_NYJ,1468.5724,-113.8027
2023,16,CHI,2023_16_ARI_CHI,1467.8762,0.0
2023,16,DEN,2023_16_NE_DEN,1452.544,0.0
2023,16,ATL,2023_16_IND_ATL,1450.1342,9.0883
2023,16,NE,2023_16_NE_DEN,1426.0582,-9.0079
2023,16,LAC,2023_16_BUF_LAC,1424.5967,-104.8616
2023,16,PIT,2023_16_CIN_PIT,1403.6994,12.395
2023,16,WAS,2023_16_WAS_NYJ,1368.1648,0.0
2023,16,ARI,2023_16_ARI_CHI,1366.7492,54.828
2023,16,NYG,2023_16_NYG_PHI,1350.7156,-45.8172
2023,16,CAR,2023_16_GB_CAR,1327.7409,0.0
2023,17,SF,2023_17_SF_WAS,1786.5342,0.0
2023,17,DAL,2023_17_DET_DAL,1766.5785,0.0
2023,17,BAL,2023_17_MIA_BAL,1757.0874,0.0
2023,17,BUF,2023_17_NE_BUF,1704.6479,0.0
2023,17,MIA,2023_17_MIA_BAL,1692.2604,0.0
2023,17,PHI,2023_17_ARI_PHI,1630.8239,0.0
2023,17,KC,2023_17_CIN_KC,1626.8611,0.0
2023,17,DET,2023_17_DET_DAL,1619.4933,0.0
2023,17,LAR,2023_17_LAR_NYG,1563.6581,0.0
2023,17,CIN,2023_17_CIN_KC,1557.8485,-70.6965
2023,17,MIN,2023_17_GB_MIN,1548.2781,-123.9641
2023,17,SEA,2023_17_PIT_SEA,1540.817,0.0
2023,17,TB,2023_17_NO_TB,1540.3311,0.0
2023,17,GB,2023_17_GB_MIN,1530.3361,0.0
2023,17,CLE,2023_17_NYJ_CLE,1529.2986,-7.4358
2023,17,NO,2023_17_NO_TB,1517.5661,0.0
2023,17,JAX,2023_17_CAR_JAX,1511.8672,-82.3265
2023,17,OAK,2023_17_OAK_IND,1507.0828,-66.6529
2023,17,TEN,2023_17_TEN_HOU,1498.6588,-30.0667
2023,17,IND,2023_17_OAK_IND,1483.0152,-16.135
2023,17,ATL,2023_17_ATL_CHI,1481.9774,17.576
2023,17,CHI,2023_17_ATL_CHI,1479.9109,0.0
2023,17,HOU,2023_17_TEN_HOU,1473.691,0.0
2023,17,NYJ,2023_17_NYJ_CLE,1463.1998,-113.5549
2023,17,DEN,2023_17_LAC_DEN,1442.2473,-49.0915
2023,17,LAC,2023_17_LAC_DEN,1437.4388,-99.6611
2023,17,PIT,2023_17_PIT_SEA,1433.3296,23.9806
2023,17,NE,2023_17_NE_BUF,1430.0886,5.4172
2023,17,WAS,2023_17_SF_WAS,1369.6003,0.0
2023,17,ARI,2023_17_ARI_PHI,1354.3379,59.6595
2023,17,NYG,2023_17_LAR_NYG,1350.424,-17.257
2023,17,CAR,2023_17_CAR_JAX,1334.6269,0.0
2023,18,BAL,2023_18_PIT_BAL,1799.4231,-83.5126
2023,18,SF,2023_18_LAR_SF,1792.4846,-68.107
2023,18,DAL,2023_18_DAL_WAS,1764.586,0.0
2023,18,BUF,2023_18_BUF_MIA,1693.6061,0.0
2023,18,MIA,2023_18_BUF_MIA,1661.9693,0.0
2023,18,KC,2023_18_KC_LAC,1632.8632,-153.4518
2023,18,DET,2023_18_MIN_DET,1624.092,0.0
2023,18,PHI,2023_18_PHI_NYG,1619.0782,0.0
2023,18,LAR,2023_18_LAR_SF,1563.838,-62.635
2023,18,GB,2023_18_CHI_GB,1562.4609,0.0
2023,18,CIN,2023_18_CLE_CIN,1554.0209,-70.7664
2023,18,JAX,2023_18_JAX_TEN,1539.7589,0.0
2023,18,CLE,2023_18_CLE_CIN,1537.8834,-74.3538
2023,18,TB,2023_18_TB_CAR,1535.7116,0.0
2023,18,SEA,2023_18_SEA_ARI,1533.4871,0.0
2023,18,NO,2023_18_ATL_NO,1528.2329,0.0
2023,18,MIN,2023_18_MIN_DET,1519.8652,-80.4772
2023,18,OAK,2023_18_DEN_OAK,1514.6708,-52.775
2023,18,HOU,2023_18_HOU_IND,1502.5977,0.0
2023,18,CHI,2023_18_CHI_GB,1500.9316,0.0
2023,18,IND,2023_18_HOU_IND,1486.9435,-13.1576
2023,18,TEN,2023_18_JAX_TEN,1464.5239,0.0
2023,18,ATL,2023_18_ATL_NO,1461.5077,0.0
2023,18,NYJ,2023_18_NYJ_NE,1451.1419,-101.2023
2023,18,PIT,2023_18_PIT_BAL,1448.3633,29.1714
2023,18,DEN,2023_18_DEN_OAK,1447.4329,-47.5558
2023,18,NE,2023_18_NYJ_NE,1435.2432,0.1886
2023,18,LAC,2023_18_KC_LAC,1433.3162,-92.7193
2023,18,ARI,2023_18_SEA_ARI,1371.5069,69.821
2023,18,WAS,2023_18_DAL_WAS,1363.2109,0.0
2023,18,NYG,2023_18_PHI_NYG,1347.3689,-14.0929
2023,18,CAR,2023_18_TB_CAR,1297.516,0.0
2024,1,BAL,2024_01_BAL_KC,1688.5713,0.0
2024,1,DAL,2024_01_DAL_CLE,1673.0865,0.0
2024,1,SF,2024_01_NYJ_SF,1665.3029,0.0
2024,1,BUF,2024_01_ARI_BUF,1652.1682,0.0
2024,1,KC,2024_01_BAL_KC,1611.0563,0.0
2024,1,MIA,2024_01_JAX_MIA,1595.5279,0.0
2024,1,DET,2024_01_LAR_DET,1590.4734,0.0
2024,1,PHI,2024_01_GB_PHI,1569.5366,0.0
2024,1,GB,2024_01_GB_PHI,1564.6039,0.0
2024,1,CIN,2024_01_NE_CIN,1552.7432,0.0
2024,1,LAR,2024_01_LAR_DET,1545.9936,0.0
2024,1,NO,2024_01_CAR_NO,1543.2844,0.0
2024,1,SEA,2024_01_DEN_SEA,1531.6296,0.0
2024,1,CLE,2024_01_DAL_CLE,1530.0487,0.0
2024,1,HOU,2024_01_HOU_IND,1522.6098,0.0
2024,1,JAX,2024_01_JAX_MIA,1521.83,0.0
2024,1,NYJ,2024_01_NYJ_SF,1518.144,0.0
2024,1,OAK,2024_01_OAK_LAC,1513.7564,0.0
2024,1,TB,2024_01_WAS_TB,1506.7702,0.0
2024,1,MIN,2024_01_MIN_NYG,1488.713,0.0
2024,1,CHI,2024_01_TEN_CHI,1485.9986,0.0
2024,1,IND,2024_01_HOU_IND,1485.1506,0.0
2024,1,PIT,2024_01_PIT_ATL,1481.2193,0.0
2024,1,ATL,2024_01_PIT_ATL,1477.6397,0.0
2024,1,LAC,2024_01_OAK_LAC,1475.8378,0.0
2024,1,ARI,2024_01_ARI_BUF,1471.4027,0.0
2024,1,TEN,2024_01_TEN_CHI,1466.9597,0.0
2024,1,NE,2024_01_NE_CIN,1456.9632,0.0
2024,1,DEN,2024_01_DEN_SEA,1447.0319,0.0
2024,1,NYG,2024_01_MIN_NYG,1427.6551,0.0
2024,1,WAS,2024_01_WAS_TB,1407.5564,0.0
2024,1,CAR,2024_01_CAR_NO,1368.0034,0.0
2024,2,BAL,2024_02_OAK_BAL,1683.1568,0.0
2024,2,DAL,2024_02_NO_DAL,1676.2028,0.0
2024,2,SF,2024_02_SF_MIN,1670.6093,0.0
2024,2,BUF,2024_02_BUF_MIA,1657.5725,0.0
2024,2,KC,2024_02_CIN_KC,1620.0734,0.0
2024,2,DET,2024_02_TB_DET,1597.7334,0.0
2024,2,MIA,2024_02_BUF_MIA,1592.0741,0.0
2024,2,NO,2024_02_NO_DAL,1581.0108,0.0
2024,2,GB,2024_02_IND_GB,1570.8025,-129.5485
2024,2,PHI,2024_02_ATL_PHI,1567.5986,0.0
2024,2,LAR,2024_02_LAR_ARI,1545.9189,0.0
2024,2,SEA,2024_02_SEA_NE,1538.9555,0.0
2024,2,CIN,2024_02_CIN_KC,1538.5198,0.0
2024,2,HOU,2024_02_CHI_HOU,1531.9939,0.0
2024,2,TB,2024_02_TB_DET,1528.5741,0.0
2024,2,JAX,2024_02_CLE_JAX,1525.904,0.0
2024,2,NYJ,2024_02_NYJ_TEN,1519.768,0.0
2024,2,CLE,2024_02_CLE_JAX,1518.845,0.0
2024,2,MIN,2024_02_SF_MIN,1516.0203,0.0
2024,2,OAK,2024_02_OAK_BAL,1491.2279,0.0
2024,2,LAC,2024_02_LAC_CAR,1490.6799,0.0
2024,2,PIT,2024_02_PIT_DEN,1486.225,0.0
2024,2,IND,2024_02_IND_GB,1481.9452,0.0
2024,2,CHI,2024_02_CHI_HOU,1480.8601,0.0
2024,2,ARI,2024_02_LAR_ARI,1478.8031,0.0
2024,2,NE,2024_02_SEA_NE,1473.1148,0.0
2024,2,ATL,2024_02_ATL_PHI,1467.1072,0.0
2024,2,TEN,2024_02_NYJ_TEN,1458.808,0.0
2024,2,DEN,2024_02_PIT_DEN,1433.4429,0.0
2024,2,WAS,2024_02_NYG_WAS,1400.7396,0.0
2024,2,NYG,2024_02_NYG_WAS,1396.8134,0.0
2024,2,CAR,2024_02_LAC_CAR,1332.1254,0.0
2024,3,BUF,2024_03_JAX_BUF,1678.3102,0.0
2024,3,BAL,2024_03_BAL_DAL,1674.6994,0.0
2024,3,SF,2024_03_SF_LAR,1647.6482,0.0
2024,3,DAL,2024_03_BAL_DAL,1641.9744,0.0
2024,3,NO,2024_03_PHI_NO,1618.5143,0.0
2024,3,KC,2024_03_KC_ATL,1611.5531,0.0
2024,3,DET,2024_03_DET_ARI,1594.3299,0.0
2024,3,GB,2024_03_GB_TEN,1585.6853,-117.1276
2024,3,MIA,2024_03_MIA_SEA,1561.9832,-115.8183
2024,3,PHI,2024_03_PHI_NO,1558.0528,0.0
2024,3,CIN,2024_03_WAS_CIN,1543.7155,0.0
2024,3,SEA,2024_03_MIA_SEA,1542.1089,0.0
2024,3,HOU,2024_03_HOU_MIN,1537.3706,0.0
2024,3,MIN,2024_03_HOU_MIN,1535.3898,0.0
2024,3,NYJ,2024_03_NE_NYJ,1529.6689,0.0
2024,3,TB,2024_03_DEN_TB,1528.6066,0.0
2024,3,ARI,2024_03_DET_ARI,1524.4465,0.0
2024,3,CLE,2024_03_NYG_CLE,1523.0938,0.0
2024,3,JAX,2024_03_JAX_BUF,1522.3329,0.0
2024,3,LAC,2024_03_LAC_PIT,1510.9493,0.0
2024,3,LAR,2024_03_SF_LAR,1508.0742,0.0
2024,3,OAK,2024_03_CAR_OAK,1500.7804,0.0
2024,3,PIT,2024_03_LAC_PIT,1490.2774,0.0
2024,3,ATL,2024_03_KC_ATL,1481.8089,0.0
2024,3,CHI,2024_03_CHI_IND,1476.398,0.0
2024,3,NE,2024_03_NE_NYJ,1473.8118,0.0
2024,3,IND,2024_03_CHI_IND,1468.5862,0.0
2024,3,TEN,2024_03_GB_TEN,1451.0034,0.0
2024,3,DEN,2024_03_DEN_TB,1424.812,0.0
2024,3,WAS,2024_03_WAS_CIN,1413.0878,0.0
2024,3,NYG,2024_03_NYG_CLE,1395.0667,0.0
2024,3,CAR,2024_03_CAR_OAK,1303.4348,72.435
2024,4,BUF,2024_04_BUF_BAL,1711.626,0.0
2024,4,BAL,2024_04_BUF_BAL,1683.503,0.0
2024,4,SF,2024_04_NE_SF,1644.4858,0.0
2024,4,DAL,2024_04_DAL_NYG,1639.4817,0.0
2024,4,KC,2024_04_KC_LAC,1616.8275,0.0
2024,4,GB,2024_04_MIN_GB,1605.8527,0.0
2024,4,DET,2024_04_SEA_DET,1605.5047,0.0
2024,4,NO,2024_04_NO_ATL,1601.7833,0.0
2024,4,PHI,2024_04_PHI_TB,1567.8088,0.0
2024,4,MIN,2024_04_MIN_GB,1563.3832,0.0
2024,4,SEA,2024_04_SEA_DET,1559.9604,0.0
2024,4,NYJ,2024_04_DEN_NYJ,1556.0057,0.0
2024,4,CIN,2024_04_CIN_CAR,1539.9408,0.0
2024,4,MIA,2024_04_TEN_MIA,1532.7812,-64.8192
2024,4,LAR,2024_04_LAR_CHI,1520.9264,0.0
2024,4,PIT,2024_04_PIT_IND,1514.6904,0.0
2024,4,ARI,2024_04_WAS_ARI,1511.7377,0.0
2024,4,HOU,2024_04_JAX_HOU,1507.591,0.0
2024,4,CLE,2024_04_CLE_OAK,1493.5736,0.0
2024,4,TB,2024_04_PHI_TB,1492.847,0.0
2024,4,JAX,2024_04_JAX_HOU,1490.6715,0.0
2024,4,LAC,2024_04_KC_LAC,1490.29,0.0
2024,4,ATL,2024_04_NO_ATL,1475.7646,0.0
2024,4,CHI,2024_04_LAR_CHI,1471.5451,0.0
2024,4,OAK,2024_04_CLE_OAK,1470.9241,0.0
2024,4,IND,2024_04_PIT_IND,1470.3995,0.0
2024,4,DEN,2024_04_DEN_NYJ,1457.8927,0.0
2024,4,NE,2024_04_NE_SF,1452.1718,0.0
2024,4,WAS,2024_04_WAS_ARI,1441.4516,0.0
2024,4,TEN,2024_04_TEN_MIA,1425.8008,0.0
2024,4,NYG,2024_04_DAL_NYG,1416.5596,0.0
2024,4,CAR,2024_04_CIN_CAR,1337.0076,87.1995
2024,5,BAL,2024_05_BAL_CIN,1716.7276,0.0
2024,5,BUF,2024_05_BUF_HOU,1679.2702,0.0
2024,5,SF,2024_05_ARI_SF,1656.4405,0.0
2024,5,DAL,2024_05_DAL_PIT,1637.7292,0.0
2024,5,KC,2024_05_NO_KC,1624.6707,0.0
2024,5,DET,2024_04_SEA_DET,1605.5047,0.0
2024,5,NO,2024_05_NO_KC,1602.1265,0.0
2024,5,GB,2024_05_GB_LAR,1597.5897,0.0
2024,5,MIN,2024_05_NYJ_MIN,1575.5887,0.0
2024,5,PHI,2024_04_PHI_TB,1567.8088,0.0
2024,5,SEA,2024_05_NYG_SEA,1556.2401,0.0
2024,5,CIN,2024_05_BAL_CIN,1546.1711,0.0
2024,5,NYJ,2024_05_NYJ_MIN,1544.0376,0.0
2024,5,TB,2024_05_TB_ATL,1523.334,0.0
2024,5,LAR,2024_05_GB_LAR,1517.6276,0.0
2024,5,PIT,2024_05_DAL_PIT,1512.7401,0.0
2024,5,HOU,2024_05_BUF_HOU,1508.1761,0.0
2024,5,MIA,2024_05_MIA_NE,1502.4898,-64.6555
2024,5,JAX,2024_05_IND_JAX,1496.2151,0.0
2024,5,LAC,2024_04_KC_LAC,1490.29,0.0
2024,5,WAS,2024_05_CLE_WAS,1482.2017,0.0
2024,5,CLE,2024_05_CLE_WAS,1481.9388,0.0
2024,5,CHI,2024_05_CAR_CHI,1480.2723,0.0
2024,5,OAK,2024_05_OAK_DEN,1479.5885,0.0
2024,5,IND,2024_05_IND_JAX,1478.6169,21.0503
2024,5,ATL,2024_05_TB_ATL,1478.5385,0.0
2024,5,ARI,2024_05_ARI_SF,1471.2545,0.0
2024,5,DEN,2024_05_OAK_DEN,1459.267,0.0
2024,5,NE,2024_05_MIA_NE,1434.0808,0.0
2024,5,TEN,2024_04_TEN_MIA,1425.8008,0.0
2024,5,NYG,2024_05_NYG_SEA,1420.7217,0.0
2024,5,CAR,2024_05_CAR_CHI,1335.2557,91.0608
2024,6,BAL,2024_06_WAS_BAL,1731.6475,0.0
2024,6,BUF,2024_06_BUF_NYJ,1672.7727,0.0
2024,6,DAL,2024_06_DET_DAL,1642.7405,0.0
2024,6,SF,2024_06_SF_SEA,1640.3009,0.0
2024,6,KC,2024_05_NO_KC,1624.6707,0.0
2024,6,DET,2024_06_DET_DAL,1621.4523,0.0
2024,6,GB,2024_06_ARI_GB,1594.1858,0.0
2024,6,NO,2024_06_TB_NO,1586.4851,-90.5193
2024,6,MIN,2024_05_NYJ_MIN,1575.5887,0.0
2024,6,CIN,2024_06_CIN_NYG,1546.9472,0.0
2024,6,PHI,2024_06_CLE_PHI,1537.8825,0.0
2024,6,NYJ,2024_06_BUF_NYJ,1535.2093,0.0
2024,6,SEA,2024_06_SF_SEA,1532.6603,0.0
2024,6,TB,2024_06_TB_NO,1531.7203,0.0
2024,6,LAR,2024_05_GB_LAR,1517.6276,0.0
2024,6,HOU,2024_06_HOU_NE,1513.4672,0.0
2024,6,PIT,2024_06_PIT_OAK,1512.568,0.0
2024,6,WAS,2024_06_WAS_BAL,1512.5337,0.0
2024,6,CHI,2024_06_JAX_CHI,1503.9322,0.0
2024,6,JAX,2024_06_JAX_CHI,1503.7343,0.0
2024,6,MIA,2024_05_MIA_NE,1502.4898,-64.6555
2024,6,ARI,2024_06_ARI_GB,1484.8802,0.0
2024,6,IND,2024_06_IND_TEN,1482.8045,37.0687
2024,6,DEN,2024_06_LAC_DEN,1480.6443,0.0
2024,6,ATL,2024_06_ATL_CAR,1475.2321,0.0
2024,6,LAC,2024_06_LAC_DEN,1473.6997,0.0
2024,6,OAK,2024_06_PIT_OAK,1456.0602,-7.5696
2024,6,TEN,2024_06_IND_TEN,1449.5601,0.0
2024,6,CLE,2024_06_CLE_PHI,1449.0789,0.0
2024,6,NYG,2024_06_CIN_NYG,1444.5923,0.0
2024,6,NE,2024_06_HOU_NE,1425.2787,9.7278
2024,6,CAR,2024_06_ATL_CAR,1313.4643,77.1192
2024,7,BAL,2024_07_BAL_TB,1736.076,0.0
2024,7,BUF,2024_07_TEN_BUF,1679.3246,0.0
2024,7,DET,2024_07_DET_MIN,1673.0083,0.0
2024,7,SF,2024_07_KC_SF,1659.7905,0.0
2024,7,DAL,2024_06_DET_DAL,1642.7405,0.0
2024,7,KC,2024_07_KC_SF,1640.3513,0.0
2024,7,GB,2024_07_HOU_GB,1611.8849,0.0
2024,7,MIN,2024_07_DET_MIN,1586.0143,0.0
2024,7,TB,2024_07_BAL_TB,1559.3541,0.0
2024,7,CIN,2024_07_CIN_CLE,1553.4466,0.0
2024,7,NO,2024_07_DEN_NO,1551.8446,-100.5788
2024,7,PHI,2024_07_PHI_NYG,1545.2977,0.0
2024,7,HOU,2024_07_HOU_GB,1539.0928,0.0
2024,7,NYJ,2024_07_NYJ_PIT,1537.6373,0.0
2024,7,PIT,2024_07_NYJ_PIT,1534.6591,18.8801
2024,7,WAS,2024_07_CAR_WAS,1520.8975,0.0
2024,7,SEA,2024_07_SEA_ATL,1519.7928,0.0
2024,7,LAR,2024_07_OAK_LAR,1518.1732,0.0
2024,7,MIA,2024_07_MIA_IND,1504.9727,-112.3617
2024,7,CHI,2024_06_JAX_CHI,1503.9322,0.0
2024,7,ATL,2024_07_SEA_ATL,1497.8146,0.0
2024,7,JAX,2024_07_NE_JAX,1492.0102,0.0
2024,7,LAC,2024_07_LAC_ARI,1482.938,0.0
2024,7,IND,2024_07_MIA_IND,1479.3799,0.0
2024,7,DEN,2024_07_DEN_NO,1476.4257,0.0
2024,7,ARI,2024_07_LAC_ARI,1473.804,0.0
2024,7,TEN,2024_07_TEN_BUF,1453.3405,69.7204
2024,7,CLE,2024_07_CIN_CLE,1440.0537,0.0
2024,7,NYG,2024_07_PHI_NYG,1435.5231,0.0
2024,7,OAK,2024_07_OAK_LAR,1433.9282,-2.896
2024,7,NE,2024_07_NE_JAX,1397.1566,11.1169
2024,7,CAR,2024_07_CAR_WAS,1289.7842,80.7403
2024,8,BAL,2024_08_BAL_CLE,1749.9494,0.0
2024,8,BUF,2024_08_BUF_SEA,1700.8131,0.0
2024,8,DET,2024_08_TEN_DET,1680.8907,0.0
2024,8,KC,2024_08_KC_OAK,1654.9512,0.0
2024,8,SF,2024_08_DAL_SF,1644.2208,0.0
2024,8,GB,2024_08_GB_JAX,1609.5916,0.0
2024,8,DAL,2024_08_DAL_SF,1589.4987,0.0
2024,8,MIN,2024_08_MIN_LAR,1582.5381,0.0
2024,8,PHI,2024_08_PHI_CIN,1567.3517,0.0
2024,8,PIT,2024_08_NYG_PIT,1560.1804,29.067
2024,8,TB,2024_08_ATL_TB,1559.3781,0.0
2024,8,WAS,2024_08_CHI_WAS,1554.0537,0.0
2024,8,CIN,2024_08_PHI_CIN,1551.2883,0.0
2024,8,HOU,2024_08_IND_HOU,1541.6231,0.0
2024,8,SEA,2024_08_BUF_SEA,1539.9123,0.0
2024,8,CHI,2024_08_CHI_WAS,1527.9386,0.0
2024,8,NYJ,2024_08_NYJ_NE,1518.1591,0.0
2024,8,DEN,2024_08_CAR_DEN,1513.2843,0.0
2024,8,NO,2024_08_NO_LAC,1509.8001,-100.7146
2024,8,LAR,2024_08_MIN_LAR,1507.6699,0.0
2024,8,MIA,2024_08_ARI_MIA,1502.569,0.0
2024,8,JAX,2024_08_GB_JAX,1499.9678,0.0
2024,8,LAC,2024_08_NO_LAC,1483.7199,0.0
2024,8,ARI,2024_08_ARI_MIA,1479.7929,0.0
2024,8,ATL,2024_08_ATL_TB,1475.9999,0.0
2024,8,IND,2024_08_IND_HOU,1475.9577,0.0
2024,8,CLE,2024_08_BAL_CLE,1433.2395,39.0845
2024,8,TEN,2024_08_TEN_DET,1431.8869,65.5897
2024,8,OAK,2024_08_KC_OAK,1425.4593,0.0
2024,8,NYG,2024_08_NYG_PIT,1401.7275,0.0
2024,8,NE,2024_08_NYJ_NE,1392.9068,21.5279
2024,8,CAR,2024_08_CAR_DEN,1257.7346,0.0
2024,9,BAL,2024_09_DEN_BAL,1739.8747,0.0
2024,9,BUF,2024_09_MIA_BUF,1728.1221,0.0
2024,9,DET,2024_09_DET_GB,1702.2085,0.0
2024,9,KC,2024_09_TB_KC,1659.0289,0.0
2024,9,SF,2024_08_DAL_SF,1644.2208,0.0
2024,9,GB,2024_09_DET_GB,1612.7082,0.0
2024,9,PHI,2024_09_JAX_PHI,1592.6748,0.0
2024,9,DAL,2024_09_DAL_ATL,1579.5224,0.0
2024,9,MIN,2024_09_IND_MIN,1572.212,0.0
2024,9,PIT,2024_08_NYG_PIT,1560.1804,29.067
2024,9,TB,2024_09_TB_KC,1556.4522,0.0
2024,9,WAS,2024_09_WAS_NYG,1554.9845,0.0
2024,9,HOU,2024_09_HOU_NYJ,1537.8617,0.0
2024,9,CIN,2024_09_OAK_CIN,1531.7132,0.0
2024,9,LAR,2024_09_LAR_SEA,1529.0818,0.0
2024,9,CHI,2024_09_CHI_ARI,1528.6046,0.0
2024,9,DEN,2024_09_DEN_BAL,1525.2949,0.0
2024,9,NYJ,2024_09_HOU_NYJ,1518.6823,0.0
2024,9,SEA,2024_09_LAR_SEA,1513.6126,0.0
2024,9,JAX,2024_09_JAX_PHI,1501.9579,0.0
2024,9,MIA,2024_09_MIA_BUF,1500.9241,0.0
2024,9,LAC,2024_09_LAC_CLE,1499.3879,0.0
2024,9,ARI,2024_09_CHI_ARI,1492.2873,0.0
2024,9,NO,2024_09_NO_CAR,1489.0545,0.0
2024,9,ATL,2024_09_DAL_ATL,1486.8567,0.0
2024,9,IND,2024_09_IND_MIN,1477.7733,39.004
2024,9,CLE,2024_09_LAC_CLE,1452.3286,54.3884
2024,9,OAK,2024_09_OAK_CIN,1425.9781,0.0
2024,9,NYG,2024_09_WAS_NYG,1408.2053,0.0
2024,9,TEN,2024_09_NE_TEN,1400.1673,68.0883
2024,9,NE,2024_09_NE_TEN,1392.6513,23.3515
2024,9,CAR,2024_09_NO_CAR,1249.0374,0.0
2024,10,BAL,2024_10_CIN_BAL,1773.7829,0.0
2024,10,BUF,2024_10_BUF_IND,1716.6151,0.0
2024,10,DET,2024_10_DET_HOU,1711.4595,0.0
2024,10,KC,2024_10_DEN_KC,1660.4467,0.0
2024,10,SF,2024_10_SF_TB,1655.5934,0.0
2024,10,GB,2024_09_DET_GB,1612.7082,0.0
2024,10,PHI,2024_10_PHI_DAL,1606.0379,0.0
2024,10,MIN,2024_10_MIN_JAX,1575.257,0.0
2024,10,DAL,2024_10_PHI_DAL,1566.3618,-72.7748
2024,10,WAS,2024_10_PIT_WAS,1562.752,0.0
2024,10,TB,2024_10_SF_TB,1560.7072,0.0
2024,10,PIT,2024_10_PIT_WAS,1556.3414,26.7042
2024,10,CIN,2024_10_CIN_BAL,1540.7664,0.0
2024,10,LAR,2024_10_MIA_LAR,1536.4643,0.0
2024,10,NYJ,2024_10_NYJ_ARI,1533.922,0.0
2024,10,HOU,2024_10_DET_HOU,1528.1563,0.0
2024,10,MIA,2024_10_MIA_LAR,1522.3262,0.0
2024,10,LAC,2024_10_TEN_LAC,1515.135,0.0
2024,10,SEA,2024_09_LAR_SEA,1513.6126,0.0
2024,10,ARI,2024_10_NYJ_ARI,1511.2112,0.0
2024,10,CHI,2024_10_NE_CHI,1504.2777,0.0
2024,10,DEN,2024_10_DEN_KC,1498.7596,0.0
2024,10,ATL,2024_10_ATL_NO,1497.0935,0.0
2024,10,JAX,2024_10_MIN_JAX,1486.2669,-71.2803
2024,10,NO,2024_10_ATL_NO,1480.9069,0.0
2024,10,IND,2024_10_BUF_IND,1467.103,23.7631
2024,10,CLE,2024_09_LAC_CLE,1452.3286,54.3884
2024,10,OAK,2024_09_OAK_CIN,1425.9781,0.0
2024,10,NYG,2024_10_NYG_CAR,1409.3088,0.0
2024,10,TEN,2024_10_TEN_LAC,1400.6312,0.0
2024,10,NE,2024_10_NE_CHI,1391.0681,28.2473
2024,10,CAR,2024_10_NYG_CAR,1260.5825,0.0
2024,11,BAL,2024_11_BAL_PIT,1772.6679,0.0
2024,11,BUF,2024_11_KC_BUF,1720.4499,0.0
2024,11,DET,2024_11_JAX_DET,1707.0819,0.0
2024,11,SF,2024_11_SEA_SF,1662.6511,0.0
2024,11,KC,2024_11_KC_BUF,1655.9139,0.0
2024,11,PHI,2024_11_WAS_PHI,1624.0518,0.0
2024,11,GB,2024_11_GB_CHI,1604.6078,0.0
2024,11,MIN,2024_11_MIN_TEN,1576.572,0.0
2024,11,PIT,2024_11_BAL_PIT,1566.0683,15.4834
2024,11,TB,2024_10_SF_TB,1560.7072,0.0
2024,11,WAS,2024_11_WAS_PHI,1556.5693,0.0
2024,11,CIN,2024_11_CIN_LAC,1550.9289,0.0
2024,11,DAL,2024_11_HOU_DAL,1533.4679,-82.5803
2024,11,MIA,2024_11_OAK_MIA,1532.2139,0.0
2024,11,LAC,2024_11_CIN_LAC,1523.309,0.0
2024,11,HOU,2024_11_HOU_DAL,1521.4081,0.0
2024,11,LAR,2024_11_LAR_NE,1520.606,0.0
2024,11,ARI,2024_10_NYJ_ARI,1511.2112,0.0
2024,11,NYJ,2024_11_IND_NYJ,1507.3193,0.0
2024,11,SEA,2024_11_SEA_SF,1504.9052,0.0
2024,11,DEN,2024_11_ATL_DEN,1504.3266,0.0
2024,11,ATL,2024_11_ATL_DEN,1496.7928,0.0
2024,11,JAX,2024_11_JAX_DET,1482.2996,-83.7671
2024,11,NO,2024_11_CLE_NO,1478.5057,0.0
2024,11,CHI,2024_11_GB_CHI,1471.1524,0.0
2024,11,IND,2024_11_IND_NYJ,1457.5426,0.0
2024,11,CLE,2024_11_CLE_NO,1423.2864,33.6907
2024,11,OAK,2024_11_OAK_MIA,1416.3999,0.0
2024,11,NE,2024_11_LAR_NE,1412.8731,27.9113
2024,11,NYG,2024_10_NYG_CAR,1409.3088,0.0
2024,11,TEN,2024_11_MIN_TEN,1399.5031,0.0
2024,11,CAR,2024_10_NYG_CAR,1260.5825,0.0
2024,12,BAL,2024_12_BAL_LAC,1771.8663,0.0
2024,12,DET,2024_12_DET_IND,1764.4168,0.0
2024,12,BUF,2024_11_KC_BUF,1720.4499,0.0
2024,12,KC,2024_12_KC_CAR,1653.3942,0.0
2024,12,SF,2024_12_SF_GB,1650.2088,-109.5419
2024,12,PHI,2024_12_PHI_LAR,1635.382,0.0
2024,12,GB,2024_12_SF_GB,1601.6726,0.0
2024,12,MIN,2024_12_MIN_CHI,1586.4845,0.0
2024,12,PIT,2024_12_PIT_CLE,1560.4942,-0.0465
2024,12,TB,2024_12_TB_NYG,1557.6863,0.0
2024,12,DEN,2024_12_DEN_OAK,1551.0935,0.0
2024,12,CIN,2024_11_CIN_LAC,1550.9289,0.0
2024,12,MIA,2024_12_NE_MIA,1549.9421,0.0
2024,12,ARI,2024_12_ARI_SEA,1549.5166,0.0
2024,12,HOU,2024_12_TEN_HOU,1545.698,0.0
2024,12,WAS,2024_12_DAL_WAS,1544.8394,0.0
2024,12,LAR,2024_12_PHI_LAR,1529.6225,0.0
2024,12,LAC,2024_12_BAL_LAC,1525.8863,0.0
2024,12,SEA,2024_12_ARI_SEA,1515.4886,0.0
2024,12,NYJ,2024_11_IND_NYJ,1507.3193,0.0
2024,12,ATL,2024_11_ATL_DEN,1496.7928,0.0
2024,12,DAL,2024_12_DAL_WAS,1495.522,-82.592
2024,12,CHI,2024_12_MIN_CHI,1482.4883,0.0
2024,12,JAX,2024_11_JAX_DET,1482.2996,-83.7671
2024,12,NO,2024_11_CLE_NO,1478.5057,0.0
2024,12,IND,2024_12_DET_IND,1468.5773,0.0
2024,12,NE,2024_12_NE_MIA,1413.3917,37.6048
2024,12,OAK,2024_12_DEN_OAK,1411.8108,0.0
2024,12,CLE,2024_12_PIT_CLE,1403.9052,48.1809
2024,12,NYG,2024_12_TB_NYG,1394.602,-29.4526
2024,12,TEN,2024_12_TEN_HOU,1392.7602,0.0
2024,12,CAR,2024_12_KC_CAR,1270.3375,0.0
2024,13,DET,2024_13_CHI_DET,1782.4118,0.0
2024,13,BAL,2024_13_PHI_BAL,1779.992,0.0
2024,13,BUF,2024_13_SF_BUF,1727.2848,0.0
2024,13,PHI,2024_13_PHI_BAL,1653.9557,0.0
2024,13,KC,2024_13_OAK_KC,1648.1781,0.0
2024,13,GB,2024_13_MIA_GB,1627.3335,0.0
2024,13,SF,2024_13_SF_BUF,1624.7143,0.0
2024,13,MIN,2024_13_ARI_MIN,1598.9484,0.0
2024,13,TB,2024_13_TB_CAR,1588.3071,0.0
2024,13,MIA,2024_13_MIA_GB,1565.0505,0.0
2024,13,DEN,2024_13_CLE_DEN,1557.7129,0.0
2024,13,PIT,2024_13_PIT_CIN,1550.6578,4.1225
2024,13,CIN,2024_13_PIT_CIN,1549.5919,0.0
2024,13,ARI,2024_13_ARI_MIN,1541.0815,0.0
2024,13,WAS,2024_13_TEN_WAS,1536.8791,0.0
2024,13,LAC,2024_13_LAC_ATL,1525.4749,0.0
2024,13,HOU,2024_13_HOU_JAX,1524.0148,0.0
2024,13,SEA,2024_13_SEA_NYJ,1519.0061,0.0
2024,13,LAR,2024_13_LAR_NO,1517.4006,0.0
2024,13,NO,2024_13_LAR_NO,1505.8548,0.0
2024,13,NYJ,2024_13_SEA_NYJ,1501.6691,0.0
2024,13,DAL,2024_13_NYG_DAL,1501.4146,-69.6877
2024,13,CHI,2024_13_CHI_DET,1479.713,0.0
2024,13,ATL,2024_13_LAC_ATL,1460.0938,0.0
2024,13,IND,2024_13_IND_NE,1450.702,0.0
2024,13,JAX,2024_13_HOU_JAX,1437.5114,0.0
2024,13,CLE,2024_13_CLE_DEN,1412.7735,51.8841
2024,13,TEN,2024_13_TEN_WAS,1412.4339,0.0
2024,13,OAK,2024_13_OAK_KC,1406.4551,-11.569
2024,13,NE,2024_13_IND_NE,1396.3488,30.4027
2024,13,NYG,2024_13_NYG_DAL,1368.7623,21.1379
2024,13,CAR,2024_13_TB_CAR,1288.1959,0.0
2024,14,BAL,2024_13_PHI_BAL,1779.992,0.0
2024,14,DET,2024_14_GB_DET,1776.7069,0.0
2024,14,BUF,2024_14_BUF_LAR,1742.2756,0.0
2024,14,PHI,2024_14_CAR_PHI,1665.7688,0.0
2024,14,GB,2024_14_GB_DET,1643.4297,0.0
2024,14,KC,2024_14_LAC_KC,1635.9083,0.0
2024,14,SF,2024_14_CHI_SF,1606.1907,0.0
2024,14,MIN,2024_14_ATL_MIN,1594.4874,0.0
2024,14,TB,2024_14_OAK_TB,1573.716,0.0
2024,14,PIT,2024_14_CLE_PIT,1569.8587,19.5679
2024,14,MIA,2024_14_NYJ_MIA,1559.5659,0.0
2024,14,DEN,2024_13_CLE_DEN,1557.7129,0.0
2024,14,ARI,2024_14_SEA_ARI,1547.8719,0.0
2024,14,CIN,2024_14_CIN_DAL,1539.1687,0.0
2024,14,WAS,2024_13_TEN_WAS,1536.8791,0.0
2024,14,LAR,2024_14_BUF_LAR,1530.6393,0.0
2024,14,SEA,2024_14_SEA_ARI,1527.1362,0.0
2024,14,HOU,2024_13_HOU_JAX,1524.0148,0.0
2024,14,LAC,2024_14_LAC_KC,1522.6223,0.0
2024,14,DAL,2024_14_CIN_DAL,1499.4441,-67.6584
2024,14,NO,2024_14_NO_NYG,1491.5405,0.0
2024,14,NYJ,2024_14_NYJ_MIA,1488.1334,0.0
2024,14,CHI,2024_14_CHI_SF,1487.903,0.0
2024,14,ATL,2024_14_ATL_MIN,1453.5692,0.0
2024,14,IND,2024_13_IND_NE,1450.702,0.0
2024,14,JAX,2024_14_JAX_TEN,1433.5577,-78.061
2024,14,OAK,2024_14_OAK_TB,1415.463,-0.2409
2024,14,CLE,2024_14_CLE_PIT,1407.1412,62.6179
2024,14,TEN,2024_14_JAX_TEN,1402.2937,0.0
2024,14,NE,2024_13_IND_NE,1396.3488,30.4027
2024,14,NYG,2024_14_NO_NYG,1360.8886,15.9524
2024,14,CAR,2024_14_CAR_PHI,1299.3111,0.0
2024,15,BAL,2024_15_BAL_NYG,1766.0779,0.0
2024,15,DET,2024_15_BUF_DET,1765.9888,0.0
2024,15,BUF,2024_15_BUF_DET,1745.0154,0.0
2024,15,PHI,2024_15_PIT_PHI,1654.9797,0.0
2024,15,GB,2024_15_GB_SEA,1653.3921,0.0
2024,15,KC,2024_15_KC_CLE,1636.8945,0.0
2024,15,SF,2024_15_LAR_SF,1636.7692,0.0
2024,15,MIN,2024_15_CHI_MIN,1624.6491,0.0
2024,15,TB,2024_15_TB_LAC,1585.4083,0.0
2024,15,PIT,2024_15_PIT_PHI,1580.8226,20.5018
2024,15,DEN,2024_15_IND_DEN,1569.0006,0.0
2024,15,MIA,2024_15_MIA_HOU,1559.7319,0.0
2024,15,LAR,2024_15_LAR_SF,1549.4355,0.0
2024,15,WAS,2024_15_WAS_NO,1548.6343,0.0
2024,15,SEA,2024_15_GB_SEA,1543.5352,0.0
2024,15,CIN,2024_15_CIN_TEN,1540.1214,0.0
2024,15,ARI,2024_15_NE_ARI,1526.7655,0.0
2024,15,HOU,2024_15_MIA_HOU,1526.2489,0.0
2024,15,LAC,2024_15_TB_LAC,1525.653,0.0
2024,15,NYJ,2024_15_NYJ_JAX,1502.4524,0.0
2024,15,DAL,2024_15_DAL_CAR,1496.3297,-76.229
2024,15,NO,2024_15_WAS_NO,1487.6463,-104.044
2024,15,CHI,2024_15_CHI_MIN,1465.2148,0.0
2024,15,IND,2024_15_IND_DEN,1453.2969,0.0
2024,15,JAX,2024_15_NYJ_JAX,1442.1771,-80.5655
2024,15,ATL,2024_15_ATL_OAK,1437.6638,0.0
2024,15,OAK,2024_15_ATL_OAK,1402.1848,6.8852
2024,15,NE,2024_15_NE_ARI,1399.3151,35.3734
2024,15,CLE,2024_15_KC_CLE,1392.1688,58.0299
2024,15,TEN,2024_15_CIN_TEN,1387.3571,0.0
2024,15,NYG,2024_15_BAL_NYG,1356.0892,-32.141
2024,15,CAR,2024_15_DAL_CAR,1310.7393,0.0
2024,16,BAL,2024_16_PIT_BAL,1787.5748,0.0
2024,16,BUF,2024_16_NE_BUF,1775.1378,0.0
2024,16,DET,2024_16_DET_CHI,1757.0021,0.0
2024,16,GB,2024_16_NO_GB,1676.9754,0.0
2024,16,PHI,2024_16_PHI_WAS,1671.6088,0.0
2024,16,KC,2024_16_HOU_KC,1643.3458,0.0
2024,16,MIN,2024_16_MIN_SEA,1641.6134,0.0
2024,16,TB,2024_16_TB_DAL,1620.9138,0.0
2024,16,SF,2024_16_SF_MIA,1616.2004,0.0
2024,16,PIT,2024_16_PIT_BAL,1568.2575,13.4357
2024,16,DEN,2024_16_DEN_LAC,1565.9874,0.0
2024,16,LAR,2024_16_LAR_NYJ,1560.2125,0.0
2024,16,CIN,2024_16_CLE_CIN,1549.3567,0.0
2024,16,WAS,2024_16_PHI_WAS,1545.725,0.0
2024,16,MIA,2024_16_SF_MIA,1545.6899,0.0
2024,16,ARI,2024_16_ARI_CAR,1543.9899,0.0
2024,16,HOU,2024_16_HOU_KC,1530.6548,0.0
2024,16,SEA,2024_16_MIN_SEA,1514.064,0.0
2024,16,NYJ,2024_16_LAR_NYJ,1513.0714,0.0
2024,16,DAL,2024_16_TB_DAL,1504.5159,-65.661
2024,16,NO,2024_16_NO_GB,1493.8859,-123.5514
2024,16,LAC,2024_16_DEN_LAC,1489.2071,0.0
2024,16,CHI,2024_16_DET_CHI,1448.55,0.0
2024,16,IND,2024_16_TEN_IND,1445.2049,0.0
2024,16,JAX,2024_16_JAX_OAK,1440.9838,-68.4592
2024,16,ATL,2024_16_NYG_ATL,1438.3871,-30.5541
2024,16,NE,2024_16_NE_BUF,1387.2345,39.0968
2024,16,OAK,2024_16_JAX_OAK,1385.7184,-11.4692
2024,16,TEN,2024_16_TEN_IND,1378.249,80.4139
2024,16,CLE,2024_16_CLE_CIN,1370.8141,-39.7539
2024,16,NYG,2024_16_NYG_ATL,1343.9514,9.3355
2024,16,CAR,2024_16_ARI_CAR,1302.5932,0.0
2024,17,BAL,2024_17_BAL_HOU,1801.1263,0.0
2024,17,DET,2024_17_DET_SF,1769.3765,0.0
2024,17,BUF,2024_17_NYJ_BUF,1756.1894,0.0
2024,17,GB,2024_17_GB_MIN,1705.5727,0.0
2024,17,PHI,2024_17_DAL_PHI,1669.4822,-106.8839
2024,17,KC,2024_17_KC_PIT,1649.3796,0.0
2024,17,MIN,2024_17_GB_MIN,1646.1135,0.0
2024,17,TB,2024_17_CAR_TB,1621.9141,0.0
2024,17,SF,2024_17_DET_SF,1602.5655,0.0
2024,17,LAR,2024_17_ARI_LAR,1577.3981,0.0
2024,17,DEN,2024_17_DEN_CIN,1564.9136,0.0
2024,17,MIA,2024_17_MIA_CLE,1561.1817,-105.911
2024,17,WAS,2024_17_ATL_WAS,1559.9988,0.0
2024,17,CIN,2024_17_DEN_CIN,1559.0684,0.0
2024,17,PIT,2024_17_KC_PIT,1556.9222,15.953
2024,17,ARI,2024_17_ARI_LAR,1538.9955,0.0
2024,17,HOU,2024_17_BAL_HOU,1530.0893,0.0
2024,17,SEA,2024_17_SEA_CHI,1516.2498,0.0
2024,17,DAL,2024_17_DAL_PHI,1505.8756,-56.8842
2024,17,LAC,2024_17_LAC_NE,1504.9379,0.0
2024,17,NYJ,2024_17_NYJ_BUF,1496.4033,0.0
2024,17,NO,2024_17_OAK_NO,1472.1795,-130.1539
2024,17,ATL,2024_17_ATL_WAS,1463.5951,-33.5376
2024,17,CHI,2024_17_SEA_CHI,1452.9398,0.0
2024,17,IND,2024_17_IND_NYG,1446.7668,17.6082
2024,17,JAX,2024_17_TEN_JAX,1428.2481,-60.7799
2024,17,NE,2024_17_LAC_NE,1412.5706,46.9836
2024,17,OAK,2024_17_OAK_NO,1386.43,-14.3357
2024,17,TEN,2024_17_TEN_JAX,1375.5778,74.3023
2024,17,CLE,2024_17_MIA_CLE,1356.8735,-51.8015
2024,17,CAR,2024_17_CAR_TB,1316.6578,0.0
2024,17,NYG,2024_17_IND_NYG,1310.2006,-5.8599
2024,18,BAL,2024_18_CLE_BAL,1830.065,0.0
2024,18,DET,2024_18_MIN_DET,1785.0909,0.0
2024,18,BUF,2024_18_BUF_NE,1769.3218,-145.5313
2024,18,GB,2024_18_CHI_GB,1701.3385,0.0
2024,18,PHI,2024_18_NYG_PHI,1699.0191,-137.0266
2024,18,KC,2024_18_KC_DEN,1672.6281,-84.8351
2024,18,TB,2024_18_NO_TB,1657.1953,0.0
2024,18,MIN,2024_18_MIN_DET,1652.0641,0.0
2024,18,SF,2024_18_SF_ARI,1600.2838,-60.8885
2024,18,LAR,2024_18_SEA_LAR,1576.0961,-43.6996
2024,18,DEN,2024_18_KC_DEN,1567.7824,0.0
2024,18,MIA,2024_18_MIA_NYJ,1566.6207,-87.5796
2024,18,CIN,2024_18_CIN_PIT,1564.8716,0.0
2024,18,WAS,2024_18_WAS_DAL,1562.885,0.0
2024,18,LAC,2024_18_LAC_OAK,1544.9217,0.0
2024,18,PIT,2024_18_CIN_PIT,1539.6154,10.502
2024,18,ARI,2024_18_SF_ARI,1537.8647,0.0
2024,18,SEA,2024_18_SEA_LAR,1516.4035,0.0
2024,18,HOU,2024_18_HOU_TEN,1496.7999,2.9906
2024,18,NYJ,2024_18_MIA_NYJ,1488.2783,0.0
2024,18,DAL,2024_18_WAS_DAL,1475.9969,-49.2994
2024,18,ATL,2024_18_CAR_ATL,1464.8694,-38.3672
2024,18,IND,2024_18_JAX_IND,1445.2613,20.4878
2024,18,CHI,2024_18_CHI_GB,1444.1622,0.0
2024,18,NO,2024_18_NO_TB,1443.5156,-129.6097
2024,18,JAX,2024_18_JAX_IND,1440.2673,-54.0756
2024,18,OAK,2024_18_LAC_OAK,1410.37,-7.2098
2024,18,NE,2024_18_BUF_NE,1373.1847,-53.1784
2024,18,TEN,2024_18_HOU_TEN,1365.1018,65.3187
2024,18,CLE,2024_18_CLE_BAL,1340.9518,-2.253
2024,18,NYG,2024_18_NYG_PHI,1323.5262,19.0186
2024,18,CAR,2024_18_CAR_ATL,1289.5552,0.0
2025,1,BAL,2025_01_BAL_BUF,1723.4682,0.0
2025,1,DET,2025_01_DET_GB,1678.5072,0.0
2025,1,BUF,2025_01_BAL_BUF,1670.7195,0.0
2025,1,PHI,2025_01_DAL_PHI,1616.0669,0.0
2025,1,GB,2025_01_DET_GB,1599.9207,0.0
2025,1,KC,2025_01_KC_LAC,1599.4966,0.0
2025,1,TB,2025_01_TB_ATL,1593.7844,0.0
2025,1,DEN,2025_01_TEN_DEN,1573.1695,0.0
2025,1,CIN,2025_01_CIN_CLE,1570.6626,0.0
2025,1,ARI,2025_01_ARI_NO,1561.6921,0.0
2025,1,WAS,2025_01_NYG_WAS,1549.2469,0.0
2025,1,MIN,2025_01_MIN_CHI,1548.0046,0.0
2025,1,SF,2025_01_SF_SEA,1547.8861,0.0
2025,1,MIA,2025_01_MIA_IND,1543.8605,0.0
2025,1,PIT,2025_01_PIT_NYJ,1542.5775,0.0
2025,1,LAC,2025_01_KC_LAC,1541.9827,0.0
2025,1,LAR,2025_01_HOU_LAR,1539.505,0.0
2025,1,DAL,2025_01_DAL_PHI,1516.7673,0.0
2025,1,SEA,2025_01_SF_SEA,1513.6477,0.0
2025,1,NYJ,2025_01_PIT_NYJ,1502.1322,0.0
2025,1,HOU,2025_01_HOU_LAR,1495.9644,0.0
2025,1,JAX,2025_01_CAR_JAX,1476.2466,0.0
2025,1,CHI,2025_01_MIN_CHI,1468.6174,0.0
2025,1,ATL,2025_01_TB_ATL,1453.5586,0.0
2025,1,IND,2025_01_MIA_IND,1453.4581,0.0
2025,1,OAK,2025_01_OAK_NE,1451.9678,0.0
2025,1,NE,2025_01_OAK_NE,1451.128,0.0
2025,1,NO,2025_01_ARI_NO,1449.662,0.0
2025,1,NYG,2025_01_NYG_WAS,1432.8375,0.0
2025,1,CLE,2025_01_CIN_CLE,1415.6092,0.0
2025,1,TEN,2025_01_TEN_DEN,1408.4082,0.0
2025,1,CAR,2025_01_CAR_JAX,1404.4701,0.0
2025,2,BAL,2025_02_CLE_BAL,1733.4591,0.0
2025,2,BUF,2025_02_BUF_NYJ,1672.4947,0.0
2025,2,DET,2025_02_CHI_DET,1659.4899,0.0
2025,2,GB,2025_02_WAS_GB,1622.6031,0.0
2025,2,PHI,2025_02_PHI_KC,1615.5778,0.0
2025,2,TB,2025_02_TB_HOU,1597.1877,0.0
2025,2,KC,2025_02_PHI_KC,1593.2904,0.0
2025,2,DEN,2025_02_DEN_IND,1575.0485,0.0
2025,2,WAS,2025_02_WAS_GB,1565.249,0.0
2025,2,ARI,2025_02_CAR_ARI,1565.1276,0.0
2025,2,CIN,2025_02_JAX_CIN,1560.6971,0.0
2025,2,LAC,2025_02_LAC_OAK,1558.4902,0.0
2025,2,SF,2025_02_SF_NO,1556.5715,-62.2322
2025,2,PIT,2025_02_SEA_PIT,1546.6059,0.0
2025,2,MIN,2025_02_ATL_MIN,1546.3961,0.0
2025,2,LAR,2025_02_LAR_TEN,1541.3486,0.0
2025,2,DAL,2025_02_NYG_DAL,1523.3408,0.0
2025,2,NYJ,2025_02_BUF_NYJ,1509.3705,0.0
2025,2,SEA,2025_02_SEA_PIT,1505.9876,0.0
2025,2,MIA,2025_02_NE_MIA,1502.8584,0.0
2025,2,IND,2025_02_DEN_IND,1497.8366,0.0
2025,2,JAX,2025_02_JAX_CIN,1492.4505,0.0
2025,2,HOU,2025_02_TB_HOU,1492.4363,0.0
2025,2,CHI,2025_02_CHI_DET,1467.5847,0.0
2025,2,OAK,2025_02_LAC_OAK,1462.8635,0.0
2025,2,ATL,2025_02_ATL_MIN,1453.448,0.0
2025,2,NE,2025_02_NE_MIA,1443.5587,0.0
2025,2,NO,2025_02_SF_NO,1443.5488,0.0
2025,2,CLE,2025_02_CLE_BAL,1421.7409,0.0
2025,2,NYG,2025_02_NYG_DAL,1415.5159,0.0
2025,2,TEN,2025_02_LAR_TEN,1398.3327,0.0
2025,2,CAR,2025_02_CAR_ARI,1383.3141,0.0
2025,3,BAL,2025_03_DET_BAL,1741.9047,0.0
2025,3,BUF,2025_03_MIA_BUF,1691.6032,0.0
2025,3,DET,2025_03_DET_BAL,1688.1852,0.0
2025,3,GB,2025_03_GB_CLE,1634.1141,0.0
2025,3,PHI,2025_03_LAR_PHI,1624.5004,0.0
2025,3,TB,2025_03_NYJ_TB,1600.8779,0.0
2025,3,KC,2025_03_KC_NYG,1582.7083,0.0
2025,3,DEN,2025_03_DEN_LAC,1578.03,0.0
2025,3,LAC,2025_03_DEN_LAC,1569.2117,0.0
2025,3,LAR,2025_03_LAR_PHI,1568.7439,0.0
2025,3,SF,2025_03_ARI_SF,1564.7542,-52.0695
2025,3,ARI,2025_03_ARI_SF,1558.504,0.0
2025,3,CIN,2025_03_CIN_MIN,1553.4766,-72.6619
2025,3,WAS,2025_03_OAK_WAS,1552.4784,-65.1801
2025,3,SEA,2025_03_NO_SEA,1524.1132,0.0
2025,3,DAL,2025_03_DAL_CHI,1523.6357,0.0
2025,3,PIT,2025_03_PIT_NE,1519.818,0.0
2025,3,MIN,2025_03_CIN_MIN,1516.7798,-16.8309
2025,3,IND,2025_03_IND_TEN,1506.6277,0.0
2025,3,JAX,2025_03_HOU_JAX,1500.497,0.0
2025,3,MIA,2025_03_MIA_BUF,1492.0765,0.0
2025,3,NYJ,2025_03_NYJ_TB,1486.7903,-50.7572
2025,3,HOU,2025_03_HOU_JAX,1486.7649,0.0
2025,3,ATL,2025_03_ATL_CAR,1474.2147,0.0
2025,3,NE,2025_03_PIT_NE,1460.9262,0.0
2025,3,OAK,2025_03_OAK_WAS,1446.8283,0.0
2025,3,CHI,2025_03_DAL_CHI,1445.4197,0.0
2025,3,NO,2025_03_NO_SEA,1437.5909,0.0
2025,3,NYG,2025_03_KC_NYG,1427.0217,0.0
2025,3,CLE,2025_03_GB_CLE,1408.2579,0.0
2025,3,CAR,2025_03_ATL_CAR,1389.8212,0.0
2025,3,TEN,2025_03_IND_TEN,1374.6831,0.0
2025,4,BAL,2025_04_BAL_KC,1737.6982,0.0
2025,4,DET,2025_04_CLE_DET,1704.4718,0.0
2025,4,BUF,2025_04_NO_BUF,1696.5121,0.0
2025,4,GB,2025_04_GB_DAL,1625.6595,0.0
2025,4,PHI,2025_04_PHI_TB,1625.199,0.0
2025,4,TB,2025_04_PHI_TB,1600.8648,0.0
2025,4,KC,2025_04_BAL_KC,1591.1179,0.0
2025,4,WAS,2025_04_WAS_ATL,1575.9807,-52.9429
2025,4,LAC,2025_04_LAC_NYG,1571.4899,0.0
2025,4,DEN,2025_04_CIN_DEN,1569.9556,0.0
2025,4,LAR,2025_04_IND_LAR,1563.913,0.0
2025,4,ARI,2025_04_SEA_ARI,1562.3207,0.0
2025,4,SF,2025_04_JAX_SF,1559.575,0.0
2025,4,SEA,2025_04_SEA_ARI,1556.7525,0.0
2025,4,MIN,2025_04_MIN_PIT,1547.8615,-15.7418
2025,4,IND,2025_04_IND_LAR,1535.3128,0.0
2025,4,PIT,2025_04_MIN_PIT,1518.0881,0.0
2025,4,CIN,2025_04_CIN_DEN,1512.8034,-85.0499
2025,4,DAL,2025_04_GB_DAL,1507.5541,0.0
2025,4,JAX,2025_04_JAX_SF,1496.052,0.0
2025,4,MIA,2025_04_NYJ_MIA,1489.1898,0.0
2025,4,NYJ,2025_04_NYJ_MIA,1487.9087,0.0
2025,4,HOU,2025_04_TEN_HOU,1481.5723,0.0
2025,4,CHI,2025_04_CHI_OAK,1467.5191,0.0
2025,4,NE,2025_04_CAR_NE,1466.2071,0.0
2025,4,ATL,2025_04_WAS_ATL,1434.0162,0.0
2025,4,OAK,2025_04_CHI_OAK,1432.2277,0.0
2025,4,CAR,2025_04_CAR_NE,1420.5218,0.0
2025,4,NYG,2025_04_LAC_NYG,1413.4805,-79.1532
2025,4,CLE,2025_04_CLE_DET,1412.4104,0.0
2025,4,NO,2025_04_NO_BUF,1412.289,0.0
2025,4,TEN,2025_04_TEN_HOU,1350.1236,0.0
2025,5,BAL,2025_05_HOU_BAL,1706.6702,-135.8331
2025,5,DET,2025_05_DET_CIN,1705.738,0.0
2025,5,BUF,2025_05_NE_BUF,1699.4645,0.0
2025,5,GB,2025_04_GB_DAL,1625.6595,0.0
2025,5,PHI,2025_05_DEN_PHI,1621.3477,0.0
2025,5,KC,2025_05_KC_JAX,1620.7243,0.0
2025,5,TB,2025_05_TB_SEA,1595.8448,0.0
2025,5,DEN,2025_05_DEN_PHI,1592.7187,0.0
2025,5,LAR,2025_05_SF_LAR,1573.8033,0.0
2025,5,WAS,2025_05_WAS_LAC,1573.6134,0.0
2025,5,SEA,2025_05_TB_SEA,1569.7065,0.0
2025,5,ARI,2025_05_TEN_ARI,1554.3031,0.0
2025,5,LAC,2025_05_WAS_LAC,1552.2731,0.0
2025,5,SF,2025_05_SF_LAR,1546.0464,-52.8892
2025,5,MIN,2025_05_MIN_CLE,1538.1546,-17.0083
2025,5,IND,2025_05_OAK_IND,1526.3906,0.0
2025,5,DAL,2025_05_DAL_NYJ,1520.004,0.0
2025,5,PIT,2025_04_MIN_PIT,1518.0881,0.0
2025,5,HOU,2025_05_HOU_BAL,1509.1614,0.0
2025,5,JAX,2025_05_KC_JAX,1507.1952,0.0
2025,5,NE,2025_05_NE_BUF,1495.7179,0.0
2025,5,NYJ,2025_05_DAL_NYJ,1493.7232,0.0
2025,5,MIA,2025_05_MIA_CAR,1490.2542,0.0
2025,5,CIN,2025_05_DET_CIN,1489.55,-95.2541
2025,5,CHI,2025_04_CHI_OAK,1467.5191,0.0
2025,5,ATL,2025_04_WAS_ATL,1434.0162,0.0
2025,5,OAK,2025_05_OAK_IND,1432.6531,0.0
2025,5,NYG,2025_05_NYG_NO,1430.781,-77.8654
2025,5,NO,2025_05_NYG_NO,1409.6115,0.0
2025,5,CLE,2025_05_MIN_CLE,1396.5301,-45.6044
2025,5,CAR,2025_05_MIA_CAR,1393.8495,0.0
2025,5,TEN,2025_05_TEN_ARI,1318.2277,0.0
2025,6,DET,2025_06_DET_KC,1714.9253,0.0
2025,6,BUF,2025_06_BUF_ATL,1686.5988,0.0
2025,6,BAL,2025_06_LAR_BAL,1660.0238,-146.2587
2025,6,GB,2025_06_CIN_GB,1632.4278,0.0
2025,6,KC,2025_06_DET_KC,1617.1011,0.0
2025,6,PHI,2025_06_PHI_NYG,1616.4753,0.0
2025,6,TB,2025_06_SF_TB,1602.5566,0.0
2025,6,WAS,2025_06_CHI_WAS,1601.7295,0.0
2025,6,DEN,2025_06_DEN_NYJ,1596.6187,0.0
2025,6,SEA,2025_06_SEA_JAX,1583.0056,0.0
2025,6,LAR,2025_06_LAR_BAL,1579.6154,0.0
2025,6,IND,2025_06_ARI_IND,1569.6591,0.0
2025,6,SF,2025_06_SF_TB,1550.0092,-37.2418
2025,6,DAL,2025_06_DAL_CAR,1544.8584,0.0
2025,6,ARI,2025_06_ARI_IND,1540.2932,-66.7302
2025,6,MIN,2025_05_MIN_CLE,1538.1546,-17.0083
2025,6,PIT,2025_06_CLE_PIT,1532.4772,0.0
2025,6,LAC,2025_06_LAC_MIA,1524.5478,0.0
2025,6,JAX,2025_06_SEA_JAX,1516.82,0.0
2025,6,NE,2025_06_NE_NO,1513.0272,0.0
2025,6,HOU,2025_05_HOU_BAL,1509.1614,0.0
2025,6,MIA,2025_06_LAC_MIA,1483.9953,0.0
2025,6,CIN,2025_06_CIN_GB,1483.5238,-113.0743
2025,6,NYJ,2025_06_DEN_NYJ,1475.8112,0.0
2025,6,CHI,2025_06_CHI_WAS,1462.208,0.0
2025,6,ATL,2025_06_BUF_ATL,1448.2122,0.0
2025,6,NYG,2025_06_PHI_NYG,1427.594,-70.4371
2025,6,NO,2025_06_NE_NO,1412.4579,0.0
2025,6,CAR,2025_06_DAL_CAR,1404.2095,0.0
2025,6,OAK,2025_06_TEN_OAK,1394.7841,0.0
2025,6,CLE,2025_06_CLE_PIT,1394.4039,-37.7866
2025,6,TEN,2025_06_TEN_OAK,1330.1471,0.0
2025,7,DET,2025_07_TB_DET,1698.1991,0.0
2025,7,BUF,2025_06_BUF_ATL,1686.5988,0.0
2025,7,BAL,2025_06_LAR_BAL,1660.0238,-146.2587
2025,7,KC,2025_07_OAK_KC,1640.3964,0.0
2025,7,GB,2025_07_GB_ARI,1636.6947,0.0
2025,7,TB,2025_07_TB_DET,1614.8519,0.0
2025,7,DEN,2025_07_NYG_DEN,1595.5834,0.0
2025,7,WAS,2025_07_WAS_DAL,1593.7501,0.0
2025,7,SEA,2025_07_HOU_SEA,1590.5852,0.0
2025,7,LAR,2025_07_LAR_JAX,1587.4721,0.0
2025,7,PHI,2025_07_PHI_MIN,1584.7771,0.0
2025,7,IND,2025_07_IND_LAC,1576.7098,0.0
2025,7,HOU,2025_07_HOU_SEA,1560.2122,0.0
2025,7,DAL,2025_07_WAS_DAL,1547.6347,0.0
2025,7,MIN,2025_07_PHI_MIN,1545.0248,-7.7678
2025,7,PIT,2025_07_PIT_CIN,1541.4239,0.0
2025,7,ARI,2025_07_GB_ARI,1541.3382,-58.1485
2025,7,SF,2025_07_ATL_SF,1540.2731,-50.6352
2025,7,LAC,2025_07_IND_LAC,1531.0691,0.0
2025,7,NE,2025_07_NE_TEN,1518.878,0.0
2025,7,JAX,2025_07_LAR_JAX,1511.5471,0.0
2025,7,CIN,2025_07_PIT_CIN,1485.3994,-101.6971
2025,7,MIA,2025_07_MIA_CLE,1478.427,0.0
2025,7,ATL,2025_07_ATL_SF,1473.6844,0.0
2025,7,CHI,2025_07_NO_CHI,1473.4823,0.0
2025,7,NYG,2025_07_NYG_DEN,1466.9078,-56.8866
2025,7,NYJ,2025_07_CAR_NYJ,1466.7284,0.0
2025,7,NO,2025_07_NO_CHI,1415.8868,0.0
2025,7,CAR,2025_07_CAR_NYJ,1411.4773,0.0
2025,7,OAK,2025_07_OAK_KC,1402.4203,0.0
2025,7,CLE,2025_07_MIA_CLE,1387.9021,-48.1669
2025,7,TEN,2025_07_NE_TEN,1318.5867,0.0
2025,8,DET,2025_07_TB_DET,1698.1991,0.0
2025,8,KC,2025_08_WAS_KC,1668.9085,0.0
2025,8,BUF,2025_08_BUF_CAR,1660.096,0.0
2025,8,BAL,2025_08_CHI_BAL,1641.0299,-138.694
2025,8,GB,2025_08_GB_PIT,1639.0875,0.0
2025,8,IND,2025_08_TEN_IND,1604.9558,0.0
2025,8,TB,2025_08_TB_NO,1599.9963,0.0
2025,8,PHI,2025_08_NYG_PHI,1595.0965,0.0
2025,8,SEA,2025_07_HOU_SEA,1590.5852,0.0
2025,8,LAR,2025_07_LAR_JAX,1587.4721,0.0
2025,8,DEN,2025_08_DAL_DEN,1578.2737,0.0
2025,8,DAL,2025_08_DAL_DEN,1572.391,0.0
2025,8,WAS,2025_08_WAS_KC,1570.8003,-54.712
2025,8,HOU,2025_08_SF_HOU,1551.647,0.0
2025,8,SF,2025_08_SF_HOU,1549.0322,-59.1243
2025,8,NE,2025_08_CLE_NE,1542.5001,0.0
2025,8,ARI,2025_07_GB_ARI,1541.3382,-58.1485
2025,8,PIT,2025_08_GB_PIT,1538.0016,0.0
2025,8,MIN,2025_08_MIN_LAC,1534.5807,-7.9174
2025,8,JAX,2025_07_LAR_JAX,1511.5471,0.0
2025,8,LAC,2025_08_MIN_LAC,1508.8871,0.0
2025,8,CIN,2025_08_NYJ_CIN,1500.2757,-84.4634
2025,8,NYG,2025_08_NYG_PHI,1492.2688,-52.5388
2025,8,CHI,2025_08_CHI_BAL,1484.5224,0.0
2025,8,ATL,2025_08_MIA_ATL,1463.2693,55.4843
2025,8,NYJ,2025_08_NYJ_CIN,1444.8089,0.0
2025,8,MIA,2025_08_MIA_ATL,1433.8913,0.0
2025,8,CLE,2025_08_CLE_NE,1422.8646,-49.7718
2025,8,CAR,2025_08_BUF_CAR,1422.2718,2.6934
2025,8,OAK,2025_07_OAK_KC,1402.4203,0.0
2025,8,NO,2025_08_TB_NO,1400.0073,0.0
2025,8,TEN,2025_08_TEN_IND,1295.8556,0.0
2025,9,DET,2025_09_MIN_DET,1701.3508,0.0
2025,9,KC,2025_09_KC_BUF,1689.9843,0.0
2025,9,BUF,2025_09_KC_BUF,1682.146,0.0
2025,9,BAL,2025_09_BAL_MIA,1655.4627,0.0
2025,9,GB,2025_09_CAR_GB,1652.5896,0.0
2025,9,IND,2025_09_IND_PIT,1617.2493,0.0
2025,9,LAR,2025_09_NO_LAR,1616.243,0.0
2025,9,DEN,2025_09_DEN_HOU,1604.1714,0.0
2025,9,TB,2025_08_TB_NO,1599.9963,0.0
2025,9,PHI,2025_08_NYG_PHI,1595.0965,0.0
2025,9,SEA,2025_09_SEA_WAS,1594.8391,0.0
2025,9,HOU,2025_09_DEN_HOU,1576.8678,0.0
2025,9,NE,2025_09_ATL_NE,1567.3735,0.0
2025,9,DAL,2025_09_ARI_DAL,1557.4339,0.0
2025,9,WAS,2025_09_SEA_WAS,1549.8218,0.0
2025,9,ARI,2025_09_ARI_DAL,1542.4929,-54.6154
2025,9,LAC,2025_09_LAC_TEN,1541.0036,0.0
2025,9,SF,2025_09_SF_NYG,1535.0372,-54.9767
2025,9,PIT,2025_09_IND_PIT,1529.3125,0.0
2025,9,MIN,2025_09_MIN_DET,1500.8127,0.0
2025,9,CIN,2025_09_CHI_CIN,1499.3714,-71.0933
2025,9,JAX,2025_09_JAX_OAK,1484.6472,0.0
2025,9,NYG,2025_09_SF_NYG,1476.1162,-55.3376
2025,9,CHI,2025_09_CHI_CIN,1475.4878,0.0
2025,9,MIA,2025_09_BAL_MIA,1456.7909,0.0
2025,9,NYJ,2025_08_NYJ_CIN,1444.8089,0.0
2025,9,ATL,2025_09_ATL_NE,1435.45,0.0
2025,9,CLE,2025_08_CLE_NE,1422.8646,-49.7718
2025,9,CAR,2025_09_CAR_GB,1390.596,0.0
2025,9,NO,2025_09_NO_LAR,1389.8202,-14.0977
2025,9,OAK,2025_09_JAX_OAK,1378.3221,0.0
2025,9,TEN,2025_09_LAC_TEN,1284.5484,0.0
2025,10,BUF,2025_10_BUF_MIA,1692.1362,0.0
2025,10,KC,2025_09_KC_BUF,1689.9843,0.0
2025,10,DET,2025_10_DET_WAS,1683.1731,0.0
2025,10,BAL,2025_10_BAL_MIN,1664.9561,0.0
2025,10,GB,2025_10_PHI_GB,1643.527,0.0
2025,10,SEA,2025_10_ARI_SEA,1627.6163,0.0
2025,10,LAR,2025_10_LAR_SF,1627.1205,0.0
2025,10,PHI,2025_10_PHI_GB,1623.6303,0.0
2025,10,IND,2025_10_ATL_IND,1616.381,0.0
2025,10,TB,2025_10_NE_TB,1605.2927,0.0
2025,10,DEN,2025_10_OAK_DEN,1600.8153,0.0
2025,10,HOU,2025_10_JAX_HOU,1572.6805,-38.641
2025,10,NE,2025_10_NE_TB,1567.5275,0.0
2025,10,ARI,2025_10_ARI_SEA,1560.2274,-51.9677
2025,10,DAL,2025_09_ARI_DAL,1557.4339,0.0
2025,10,SF,2025_10_LAR_SF,1551.1327,-48.4782
2025,10,LAC,2025_10_PIT_LAC,1544.449,0.0
2025,10,PIT,2025_10_PIT_LAC,1536.7487,0.0
2025,10,WAS,2025_10_DET_WAS,1520.4205,-53.1019
2025,10,MIN,2025_10_BAL_MIN,1517.1137,0.0
2025,10,CIN,2025_09_CHI_CIN,1499.3714,-71.0933
2025,10,CHI,2025_10_NYG_CHI,1494.4238,0.0
2025,10,JAX,2025_10_JAX_HOU,1479.1562,0.0
2025,10,NYG,2025_10_NYG_CHI,1471.1845,-38.8853
2025,10,NYJ,2025_10_CLE_NYJ,1453.6151,0.0
2025,10,MIA,2025_10_BUF_MIA,1440.3769,0.0
2025,10,ATL,2025_10_ATL_IND,1437.3449,0.0
2025,10,CAR,2025_10_NO_CAR,1402.641,0.0
2025,10,CLE,2025_10_CLE_NYJ,1398.6776,-49.0619
2025,10,OAK,2025_10_OAK_DEN,1389.4922,0.0
2025,10,NO,2025_10_NO_CAR,1379.1611,-14.7806
2025,10,TEN,2025_09_LAC_TEN,1284.5484,0.0
2025,11,DET,2025_11_DET_PHI,1705.9708,0.0
2025,11,KC,2025_11_KC_DEN,1680.7989,0.0
2025,11,BUF,2025_11_TB_BUF,1661.7551,0.0
2025,11,BAL,2025_11_BAL_CLE,1660.4709,0.0
2025,11,SEA,2025_11_SEA_LAR,1652.8569,0.0
2025,11,LAR,2025_11_SEA_LAR,1649.2583,0.0
2025,11,GB,2025_11_GB_NYG,1632.1412,0.0
2025,11,PHI,2025_11_DET_PHI,1628.8606,0.0
2025,11,IND,2025_10_ATL_IND,1616.381,0.0
2025,11,TB,2025_11_TB_BUF,1591.1858,0.0
2025,11,DEN,2025_11_KC_DEN,1587.8213,0.0
2025,11,HOU,2025_11_HOU_TEN,1584.3682,-29.7928
2025,11,NE,2025_11_NYJ_NE,1583.1879,0.0
2025,11,LAC,2025_11_LAC_JAX,1552.5987,0.0
2025,11,SF,2025_11_SF_ARI,1545.9289,0.0
2025,11,ARI,2025_11_SF_ARI,1535.3203,-52.7292
2025,11,DAL,2025_11_DAL_OAK,1534.7174,0.0
2025,11,PIT,2025_11_CIN_PIT,1515.9749,0.0
2025,11,MIN,2025_11_CHI_MIN,1512.2317,0.0
2025,11,WAS,2025_11_WAS_MIA,1510.8137,-45.1819
2025,11,CHI,2025_11_CHI_MIN,1500.9946,0.0
2025,11,CIN,2025_11_CIN_PIT,1494.3134,-56.3139
2025,11,NYG,2025_11_GB_NYG,1468.7292,-40.425
2025,11,MIA,2025_11_WAS_MIA,1468.6281,0.0
2025,11,JAX,2025_11_LAC_JAX,1468.1678,0.0
2025,11,NYJ,2025_11_NYJ_NE,1451.7219,0.0
2025,11,ATL,2025_11_CAR_ATL,1435.0817,0.0
2025,11,CLE,2025_11_BAL_CLE,1398.7174,-46.6981
2025,11,OAK,2025_11_DAL_OAK,1381.4524,0.0
2025,11,CAR,2025_11_CAR_ATL,1379.2258,0.0
2025,11,NO,2025_10_NO_CAR,1379.1611,-14.7806
2025,11,TEN,2025_11_HOU_TEN,1275.5621,0.0
2025,12,DET,2025_12_NYG_DET,1684.6458,0.0
2025,12,KC,2025_12_IND_KC,1678.3311,0.0
2025,12,BUF,2025_12_BUF_HOU,1676.55,0.0
2025,12,BAL,2025_12_NYJ_BAL,1659.8167,0.0
2025,12,LAR,2025_12_TB_LAR,1649.9953,0.0
2025,12,SEA,2025_12_SEA_TEN,1647.028,0.0
2025,12,PHI,2025_12_PHI_DAL,1639.9539,0.0
2025,12,GB,2025_12_MIN_GB,1637.646,0.0
2025,12,IND,2025_12_IND_KC,1618.6755,0.0
2025,12,NE,2025_12_NE_CIN,1591.4105,0.0
2025,12,DEN,2025_11_KC_DEN,1587.8213,0.0
2025,12,TB,2025_12_TB_LAR,1587.7486,0.0
2025,12,HOU,2025_12_BUF_HOU,1572.6518,-29.0852
2025,12,SF,2025_12_CAR_SF,1566.3509,0.0
2025,12,DAL,2025_12_PHI_DAL,1556.6516,0.0
2025,12,LAC,2025_11_LAC_JAX,1552.5987,0.0
2025,12,PIT,2025_12_PIT_CHI,1526.5378,-35.8229
2025,12,ARI,2025_12_JAX_ARI,1518.2551,-29.4339
2025,12,WAS,2025_11_WAS_MIA,1510.8137,-45.1819
2025,12,MIN,2025_12_MIN_GB,1502.9516,0.0
2025,12,CHI,2025_12_PIT_CHI,1502.7324,0.0
2025,12,JAX,2025_12_JAX_ARI,1500.5766,0.0
2025,12,CIN,2025_12_NE_CIN,1480.3228,-61.3749
2025,12,NYG,2025_12_NYG_DET,1471.2459,-41.4165
2025,12,MIA,2025_11_WAS_MIA,1468.6281,0.0
2025,12,NYJ,2025_12_NYJ_BAL,1447.0252,-2.0402
2025,12,ATL,2025_12_ATL_NO,1433.3784,48.4496
2025,12,NO,2025_12_ATL_NO,1401.9084,-3.5494
2025,12,CLE,2025_12_CLE_OAK,1389.5755,-52.4392
2025,12,CAR,2025_12_CAR_SF,1386.3931,0.0
2025,12,OAK,2025_12_CLE_OAK,1358.0354,0.0
2025,12,TEN,2025_12_SEA_TEN,1289.0614,0.0
2025,13,KC,2025_13_KC_DAL,1683.2206,0.0
2025,13,LAR,2025_13_LAR_CAR,1679.1036,0.0
2025,13,DET,2025_13_GB_DET,1670.6661,0.0
2025,13,BUF,2025_13_BUF_PIT,1663.38,0.0
2025,13,BAL,2025_13_CIN_BAL,1663.3772,0.0
2025,13,GB,2025_13_GB_DET,1658.0099,0.0
2025,13,SEA,2025_13_MIN_SEA,1652.4256,0.0
2025,13,PHI,2025_13_CHI_PHI,1636.9278,0.0
2025,13,IND,2025_13_HOU_IND,1618.8787,0.0
2025,13,NE,2025_13_NYG_NE,1597.2997,0.0
2025,13,DEN,2025_13_DEN_WAS,1592.1075,0.0
2025,13,HOU,2025_13_HOU_IND,1581.6631,0.0
2025,13,SF,2025_13_SF_CLE,1570.2448,0.0
2025,13,DAL,2025_13_KC_DAL,1562.3085,0.0
2025,13,TB,2025_13_ARI_TB,1549.454,0.0
2025,13,PIT,2025_13_BUF_PIT,1519.7376,0.0
2025,13,LAC,2025_13_OAK_LAC,1511.6222,0.0
2025,13,CHI,2025_13_CHI_PHI,1508.3068,0.0
2025,13,WAS,2025_13_DEN_WAS,1507.9652,-41.2266
2025,13,ARI,2025_13_ARI_TB,1507.2846,-30.9953
2025,13,JAX,2025_13_JAX_TEN,1501.2939,0.0
2025,13,MIN,2025_13_MIN_SEA,1483.6481,-12.0081
2025,13,NYG,2025_13_NYG_NE,1482.8451,-22.4779
2025,13,CIN,2025_13_CIN_BAL,1471.9731,0.0
2025,13,MIA,2025_13_NO_MIA,1467.0386,0.0
2025,13,NYJ,2025_13_ATL_NYJ,1438.1311,-6.3145
2025,13,ATL,2025_13_ATL_NYJ,1434.4847,42.5653
2025,13,CLE,2025_13_SF_CLE,1398.6447,-52.5253
2025,13,NO,2025_13_NO_MIA,1390.9897,-9.5924
2025,13,CAR,2025_13_LAR_CAR,1375.271,0.0
2025,13,OAK,2025_13_OAK_LAC,1333.3331,0.0
2025,13,TEN,2025_13_JAX_TEN,1284.6512,0.0
2025,14,BUF,2025_14_CIN_BUF,1680.03,0.0
2025,14,GB,2025_14_CHI_GB,1678.5611,0.0
2025,14,LAR,2025_14_LAR_ARI,1676.5813,0.0
2025,14,KC,2025_14_HOU_KC,1674.0713,0.0
2025,14,SEA,2025_14_SEA_ATL,1667.8964,0.0
2025,14,DET,2025_14_DAL_DET,1654.0834,0.0
2025,14,PHI,2025_14_PHI_LAC,1629.6373,0.0
2025,14,BAL,2025_14_PIT_BAL,1624.6714,0.0
2025,14,IND,2025_14_IND_JAX,1607.7839,0.0
2025,14,HOU,2025_14_HOU_KC,1598.4089,0.0
2025,14,NE,2025_13_NYG_NE,1597.2997,0.0
2025,14,DEN,2025_14_DEN_OAK,1590.1441,0.0
2025,14,DAL,2025_14_DAL_DET,1583.7636,0.0
2025,14,SF,2025_13_SF_CLE,1570.2448,0.0
2025,14,TB,2025_14_NO_TB,1546.4191,0.0
2025,14,LAC,2025_14_PHI_LAC,1525.3443,0.0
2025,14,CHI,2025_14_CHI_GB,1515.2164,0.0
2025,14,WAS,2025_14_WAS_MIN,1512.2335,-29.7977
2025,14,JAX,2025_14_IND_JAX,1507.972,0.0
2025,14,ARI,2025_14_LAR_ARI,1506.1819,-24.2476
2025,14,CIN,2025_14_CIN_BUF,1500.1237,0.0
2025,14,PIT,2025_14_PIT_BAL,1496.9297,0.0
2025,14,NYG,2025_13_NYG_NE,1482.8451,-22.4779
2025,14,MIA,2025_14_MIA_NYJ,1459.2795,0.0
2025,14,MIN,2025_14_WAS_MIN,1454.4527,0.0
2025,14,NYJ,2025_14_MIA_NYJ,1442.1892,-0.0128
2025,14,ATL,2025_14_SEA_ATL,1434.9897,41.6499
2025,14,NO,2025_14_NO_TB,1387.7322,-8.943
2025,14,CLE,2025_14_TEN_CLE,1383.9025,-52.1162
2025,14,CAR,2025_13_LAR_CAR,1375.271,0.0
2025,14,OAK,2025_14_DEN_OAK,1317.5722,0.0
2025,14,TEN,2025_14_TEN_CLE,1264.6857,0.0
2025,15,LAR,2025_15_DET_LAR,1705.3032,0.0
2025,15,SEA,2025_15_IND_SEA,1691.2426,0.0
2025,15,GB,2025_15_GB_DEN,1681.7988,0.0
2025,15,BUF,2025_15_BUF_NE,1680.7955,0.0
2025,15,DET,2025_15_DET_LAR,1663.6433,0.0
2025,15,KC,2025_15_LAC_KC,1649.172,0.0
2025,15,PHI,2025_15_OAK_PHI,1625.234,0.0
2025,15,HOU,2025_15_ARI_HOU,1614.1283,0.0
2025,15,NE,2025_15_BUF_NE,1611.9846,0.0
2025,15,BAL,2025_15_BAL_CIN,1606.361,0.0
2025,15,DEN,2025_15_GB_DEN,1591.8192,0.0
2025,15,IND,2025_15_IND_SEA,1590.8553,-2.4837
2025,15,SF,2025_15_TEN_SF,1584.1836,0.0
2025,15,DAL,2025_15_MIN_DAL,1575.0494,0.0
2025,15,JAX,2025_15_NYJ_JAX,1529.6384,0.0
2025,15,TB,2025_15_ATL_TB,1527.5497,0.0
2025,15,CHI,2025_15_CLE_CHI,1521.2002,0.0
2025,15,LAC,2025_15_LAC_KC,1515.3512,0.0
2025,15,PIT,2025_15_MIA_PIT,1513.3113,0.0
2025,15,CIN,2025_15_BAL_CIN,1506.4527,0.0
2025,15,MIN,2025_15_MIN_DAL,1492.5944,0.0
2025,15,ARI,2025_15_ARI_HOU,1479.5643,-25.1224
2025,15,MIA,2025_15_MIA_PIT,1477.767,0.0
2025,15,NYG,2025_15_WAS_NYG,1469.148,-25.3727
2025,15,WAS,2025_15_WAS_NYG,1464.9353,-46.8026
2025,15,ATL,2025_15_ATL_TB,1409.8304,24.6739
2025,15,NYJ,2025_15_NYJ_JAX,1408.2553,-58.41
2025,15,NO,2025_15_CAR_NO,1402.4325,-6.3936
2025,15,CAR,2025_15_CAR_NO,1388.998,0.0
2025,15,CLE,2025_15_CLE_CHI,1387.8443,-31.5712
2025,15,OAK,2025_15_OAK_PHI,1316.5863,20.8912
2025,15,TEN,2025_15_TEN_SF,1261.4616,0.0
2025,16,LAR,2025_16_LAR_SEA,1717.58,0.0
2025,16,SEA,2025_16_LAR_SEA,1689.0065,0.0
2025,16,BUF,2025_16_BUF_CLE,1686.8499,0.0
2025,16,GB,2025_16_GB_CHI,1673.894,0.0
2025,16,DET,2025_16_PIT_DET,1662.3174,0.0
2025,16,PHI,2025_16_PHI_WAS,1658.5341,0.0
2025,16,KC,2025_16_KC_TEN,1634.7431,-81.5751
2025,16,HOU,2025_16_OAK_HOU,1633.1877,0.0
2025,16,BAL,2025_16_NE_BAL,1630.5133,0.0
2025,16,NE,2025_16_NE_BAL,1617.9145,0.0
2025,16,DEN,2025_16_JAX_DEN,1612.5092,0.0
2025,16,IND,2025_16_SF_IND,1598.5464,-9.8003
2025,16,SF,2025_16_SF_IND,1588.8406,0.0
2025,16,DAL,2025_16_LAC_DAL,1565.4958,0.0
2025,16,JAX,2025_16_JAX_DEN,1562.9977,0.0
2025,16,CHI,2025_16_GB_CHI,1543.8103,0.0
2025,16,LAC,2025_16_LAC_DAL,1524.9109,0.0
2025,16,PIT,2025_16_PIT_DET,1524.6499,0.0
2025,16,TB,2025_16_TB_CAR,1515.5923,0.0
2025,16,MIN,2025_16_MIN_NYG,1501.8487,0.0
2025,16,WAS,2025_16_PHI_WAS,1474.9978,-45.7952
2025,16,MIA,2025_16_CIN_MIA,1471.5876,-49.4197
2025,16,ARI,2025_16_ATL_ARI,1468.4501,-15.3436
2025,16,CIN,2025_16_CIN_MIA,1467.1959,0.0
2025,16,NYG,2025_16_MIN_NYG,1454.2485,-18.478
2025,16,ATL,2025_16_ATL_ARI,1425.8727,41.294
2025,16,NO,2025_16_NYJ_NO,1409.0705,-0.8814
2025,16,CAR,2025_16_TB_CAR,1389.4519,0.0
2025,16,NYJ,2025_16_NYJ_NO,1383.3717,-64.023
2025,16,CLE,2025_16_BUF_CLE,1361.5202,-48.7081
2025,16,OAK,2025_16_OAK_HOU,1287.2897,0.0
2025,16,TEN,2025_16_KC_TEN,1265.6261,0.0
2025,17,LAR,2025_17_LAR_ATL,1722.6202,0.0
2025,17,SEA,2025_17_SEA_CAR,1687.5423,0.0
2025,17,BUF,2025_17_PHI_BUF,1680.445,0.0
2025,17,GB,2025_17_BAL_GB,1676.2969,-84.7476
2025,17,PHI,2025_17_PHI_BUF,1673.9326,0.0
2025,17,DET,2025_17_DET_MIN,1644.8213,0.0
2025,17,BAL,2025_17_BAL_GB,1627.3783,-47.094
2025,17,NE,2025_17_NE_NYJ,1626.2754,0.0
2025,17,SF,2025_17_CHI_SF,1626.2633,0.0
2025,17,HOU,2025_17_HOU_LAC,1617.9132,0.0
2025,17,KC,2025_17_DEN_KC,1601.728,-130.3215
2025,17,DEN,2025_17_DEN_KC,1596.6892,0.0
2025,17,JAX,2025_17_JAX_IND,1580.4076,0.0
2025,17,IND,2025_17_JAX_IND,1567.2481,-11.3539
2025,17,LAC,2025_17_HOU_LAC,1557.7974,0.0
2025,17,CHI,2025_17_CHI_SF,1551.6264,0.0
2025,17,PIT,2025_17_PIT_CLE,1544.8613,0.0
2025,17,DAL,2025_17_DAL_WAS,1541.1956,0.0
2025,17,TB,2025_17_TB_MIA,1510.6218,0.0
2025,17,MIN,2025_17_DET_MIN,1505.6743,-34.3652
2025,17,CIN,2025_17_ARI_CIN,1495.6893,0.0
2025,17,ARI,2025_17_ARI_CIN,1458.7098,-26.3652
2025,17,WAS,2025_17_DAL_WAS,1455.8595,-122.1688
2025,17,NYG,2025_17_NYG_OAK,1446.4801,-42.3486
2025,17,MIA,2025_17_TB_MIA,1441.0834,-48.4569
2025,17,ATL,2025_17_LAR_ATL,1436.1518,39.0029
2025,17,NO,2025_17_NO_TEN,1428.2549,5.8074
2025,17,CAR,2025_17_SEA_CAR,1395.6398,0.0
2025,17,CLE,2025_17_PIT_CLE,1367.0269,-40.9546
2025,17,NYJ,2025_17_NE_NYJ,1352.5105,-79.3938
2025,17,OAK,2025_17_NYG_OAK,1304.3662,0.0
2025,17,TEN,2025_17_NO_TEN,1296.3449,0.0
2025,18,LAR,2025_18_ARI_LAR,1705.3645,0.0
2025,18,SEA,2025_18_SEA_SF,1692.6825,0.0
2025,18,GB,2025_18_GB_MIN,1680.5647,-125.9863
2025,18,BUF,2025_18_NYJ_BUF,1674.4027,-105.2689
2025,18,PHI,2025_18_WAS_PHI,1671.4306,-107.9702
2025,18,NE,2025_18_MIA_NE,1659.059,0.0
2025,18,BAL,2025_18_BAL_PIT,1634.4025,0.0
2025,18,SF,2025_18_SEA_SF,1632.0102,0.0
2025,18,HOU,2025_18_IND_HOU,1625.4504,0.0
2025,18,DET,2025_18_DET_CHI,1620.8847,0.0
2025,18,DEN,2025_18_LAC_DEN,1599.6013,0.0
2025,18,KC,2025_18_KC_OAK,1598.5681,-127.4842
2025,18,JAX,2025_18_TEN_JAX,1592.5518,0.0
2025,18,CHI,2025_18_DET_CHI,1560.1167,0.0
2025,18,IND,2025_18_IND_HOU,1552.6164,-98.284
2025,18,LAC,2025_18_LAC_DEN,1546.5753,-19.5894
2025,18,DAL,2025_18_DAL_NYG,1540.1184,0.0
2025,18,PIT,2025_18_BAL_PIT,1526.7614,0.0
2025,18,CIN,2025_18_CLE_CIN,1522.0927,0.0
2025,18,MIN,2025_18_GB_MIN,1516.144,0.0
2025,18,TB,2025_18_CAR_TB,1501.6611,0.0
2025,18,NYG,2025_18_DAL_NYG,1476.9834,-30.2733
2025,18,WAS,2025_18_WAS_PHI,1460.2352,-121.2193
2025,18,ATL,2025_18_NO_ATL,1452.963,36.4084
2025,18,MIA,2025_18_MIA_NE,1447.5996,-46.4847
2025,18,NO,2025_18_NO_ATL,1445.659,20.8647
2025,18,ARI,2025_18_ARI_LAR,1434.3461,-33.301
2025,18,CAR,2025_18_CAR_TB,1379.5646,0.0
2025,18,CLE,2025_18_CLE_CIN,1377.5336,-40.171
2025,18,NYJ,2025_18_NYJ_BUF,1326.1701,-82.4915
2025,18,TEN,2025_18_TEN_JAX,1286.2932,0.0
2025,18,OAK,2025_18_KC_OAK,1274.7761,1.7814
2026,1,BUF,2026_01_BUF_HOU,1648.6554,0.0
2026,1,LAR,2026_01_SF_LAR,1624.0466,0.0
2026,1,SEA,2026_01_NE_SEA,1614.9108,0.0
2026,1,NE,2026_01_NE_SEA,1609.138,0.0
2026,1,BAL,2026_01_BAL_IND,1604.4287,0.0
2026,1,DET,2026_01_NO_DET,1592.1314,0.0
2026,1,GB,2026_01_GB_MIN,1589.3497,0.0
2026,1,PHI,2026_01_WAS_PHI,1588.0434,0.0
2026,1,JAX,2026_01_CLE_JAX,1577.3495,0.0
2026,1,SF,2026_01_SF_LAR,1577.3274,0.0
2026,1,KC,2026_01_DEN_KC,1572.8308,0.0
2026,1,DEN,2026_01_DEN_KC,1569.7325,0.0
2026,1,HOU,2026_01_BUF_HOU,1557.9438,0.0
2026,1,PIT,2026_01_ATL_PIT,1547.4914,0.0
2026,1,CHI,2026_01_CHI_CAR,1547.4519,0.0
2026,1,CIN,2026_01_TB_CIN,1544.5849,0.0
2026,1,MIN,2026_01_GB_MIN,1539.6398,0.0
2026,1,DAL,2026_01_DAL_NYG,1539.0731,0.0
2026,1,IND,2026_01_BAL_IND,1538.7431,0.0
2026,1,LAC,2026_01_ARI_LAC,1523.3289,0.0
2026,1,WAS,2026_01_WAS_PHI,1515.4378,0.0
2026,1,TB,2026_01_TB_CIN,1509.7796,0.0
2026,1,NYG,2026_01_DAL_NYG,1508.0535,0.0
2026,1,NO,2026_01_NO_DET,1464.847,0.0
2026,1,ARI,2026_01_ARI_LAC,1462.3534,0.0
2026,1,MIA,2026_01_MIA_OAK,1455.9406,0.0
2026,1,ATL,2026_01_ATL_PIT,1452.7423,0.0
2026,1,CAR,2026_01_CHI_CAR,1443.8068,0.0
2026,1,CLE,2026_01_CLE_JAX,1432.0441,0.0
2026,1,NYJ,2026_01_NYJ_TEN,1396.2912,0.0
2026,1,OAK,2026_01_MIA_OAK,1392.367,0.0
2026,1,TEN,2026_01_NYJ_TEN,1368.2545,0.0
2026,2,BUF,2026_02_DET_BUF,1658.4445,0.0
2026,2,BAL,2026_02_NO_BAL,1626.4126,0.0
2026,2,SEA,2026_02_SEA_ARI,1624.5252,-3.035
2026,2,SF,2026_02_MIA_SF,1605.1647,0.0
2026,2,NE,2026_02_PIT_NE,1600.5751,0.0
2026,2,JAX,2026_02_JAX_DEN,1596.4129,0.0
2026,2,KC,2026_02_IND_KC,1595.3773,0.0
2026,2,LAR,2026_02_NYG_LAR,1590.6481,0.0
2026,2,DET,2026_02_DET_BUF,1587.0436,0.0
2026,2,PHI,2026_02_PHI_TEN,1579.7601,0.0
2026,2,CHI,2026_02_MIN_CHI,1574.7648,0.0
2026,2,GB,2026_02_GB_NYJ,1572.1837,0.0
2026,2,MIN,2026_02_MIN_CHI,1557.0125,-70.3789
2026,2,HOU,2026_02_CIN_HOU,1557.005,0.0
2026,2,PIT,2026_02_PIT_NE,1546.2214,0.0
2026,2,CIN,2026_02_CIN_HOU,1543.2826,0.0
2026,2,DEN,2026_02_JAX_DEN,1542.3402,0.0
2026,2,DAL,2026_02_WAS_DAL,1532.3357,0.0
2026,2,NYG,2026_02_NYG_LAR,1529.0064,0.0
2026,2,WAS,2026_02_WAS_DAL,1522.7841,0.0
2026,2,IND,2026_02_IND_KC,1514.9675,0.0
2026,2,TB,2026_02_CLE_TB,1509.2598,0.0
2026,2,LAC,2026_02_OAK_LAC,1502.1948,0.0
2026,2,ARI,2026_02_SEA_ARI,1481.1714,0.0
2026,2,NO,2026_02_NO_BAL,1469.6337,0.0
2026,2,ATL,2026_02_CAR_ATL,1440.338,0.0
2026,2,MIA,2026_02_MIA_SF,1436.4919,0.0
2026,2,CAR,2026_02_CAR_ATL,1428.8454,0.0
2026,2,CLE,2026_02_CLE_TB,1421.0547,0.0
2026,2,NYJ,2026_02_GB_NYJ,1418.5763,0.0
2026,2,OAK,2026_02_OAK_LAC,1408.3459,0.0
2026,2,TEN,2026_02_PHI_TEN,1344.3017,0.0
2026,3,BUF,2026_03_LAC_BUF,1679.1693,0.0
2026,3,SEA,2026_03_SEA_WAS,1656.0112,0.0
2026,3,LAR,2026_03_LAR_DEN,1627.3652,0.0
2026,3,SF,2026_03_ARI_SF,1624.1625,0.0
2026,3,NE,2026_03_NE_JAX,1616.8616,0.0
2026,3,BAL,2026_03_BAL_DAL,1615.022,0.0
2026,3,KC,2026_03_KC_MIA,1593.7775,0.0
2026,3,JAX,2026_03_NE_JAX,1584.8574,0.0
2026,3,DET,2026_03_NYJ_DET,1580.6737,0.0
2026,3,PHI,2026_03_PHI_CHI,1576.4276,0.0
2026,3,GB,2026_03_ATL_GB,1572.5034,0.0
2026,3,CHI,2026_03_PHI_CHI,1567.7499,-79.9864
2026,3,MIN,2026_03_MIN_TB,1563.4868,0.0
2026,3,DEN,2026_03_LAR_DEN,1555.7759,0.0
2026,3,CIN,2026_03_CIN_PIT,1551.9385,0.0
2026,3,DAL,2026_03_BAL_DAL,1548.2788,0.0
2026,3,HOU,2026_03_HOU_IND,1542.4396,0.0
2026,3,IND,2026_03_HOU_IND,1524.2408,0.0
2026,3,PIT,2026_03_CIN_PIT,1518.0202,0.0
2026,3,WAS,2026_03_SEA_WAS,1511.4376,-41.5836
2026,3,TB,2026_03_MIN_TB,1497.8946,0.0
2026,3,NYG,2026_03_TEN_NYG,1490.1067,-23.2608
2026,3,LAC,2026_03_LAC_BUF,1488.0227,0.0
2026,3,NO,2026_03_OAK_NO,1486.4962,0.0
2026,3,CAR,2026_03_CAR_CLE,1464.2926,0.0
2026,3,ARI,2026_03_ARI_SF,1448.5922,0.0
2026,3,CLE,2026_03_CAR_CLE,1433.6963,0.0
2026,3,MIA,2026_03_KC_MIA,1424.7429,0.0
2026,3,OAK,2026_03_OAK_NO,1422.2385,0.0
2026,3,NYJ,2026_03_NYJ_DET,1416.0649,0.0
2026,3,ATL,2026_03_ATL_GB,1391.4397,43.4014
2026,3,TEN,2026_03_TEN_NYG,1352.7785,0.0
2026,4,BUF,2026_04_NE_BUF,1679.9805,0.0
2026,4,SEA,2026_04_LAC_SEA,1657.0245,0.0
2026,4,SF,2026_04_DEN_SF,1634.6587,0.0
2026,4,LAR,2026_04_LAR_PHI,1624.5393,0.0
2026,4,JAX,2026_04_JAX_CIN,1617.7052,0.0
2026,4,BAL,2026_04_TEN_BAL,1617.2704,0.0
2026,4,KC,2026_04_KC_OAK,1601.6453,0.0
2026,4,CHI,2026_04_NYJ_CHI,1597.2767,-97.7135
2026,4,DET,2026_04_DET_CAR,1585.3667,0.0
2026,4,NE,2026_04_NE_BUF,1580.2626,0.0
2026,4,MIN,2026_04_MIA_MIN,1559.7,0.0
2026,4,DEN,2026_04_DEN_SF,1557.0608,0.0
2026,4,CIN,2026_04_JAX_CIN,1553.9743,0.0
2026,4,GB,2026_04_GB_TB,1553.6492,0.0
2026,4,DAL,2026_04_DAL_HOU,1551.2632,0.0
2026,4,PHI,2026_04_LAR_PHI,1548.0739,0.0
2026,4,HOU,2026_04_DAL_HOU,1536.0874,0.0
2026,4,PIT,2026_04_PIT_CLE,1527.2054,0.0
2026,4,IND,2026_04_IND_WAS,1527.1657,0.0
2026,4,WAS,2026_04_IND_WAS,1515.2418,-33.4662
2026,4,NYG,2026_04_ARI_NYG,1489.2991,-35.0014
2026,4,TB,2026_04_GB_TB,1487.2786,-101.654
2026,4,LAC,2026_04_LAC_SEA,1483.3336,0.0
2026,4,NO,2026_04_ATL_NO,1471.205,0.0
2026,4,CAR,2026_04_DET_CAR,1462.4991,0.0
2026,4,ARI,2026_04_ARI_NYG,1451.0987,0.0
2026,4,OAK,2026_04_KC_OAK,1439.6656,0.0
2026,4,CLE,2026_04_PIT_CLE,1438.0913,0.0
2026,4,NYJ,2026_04_NYJ_CHI,1420.0009,0.0
2026,4,MIA,2026_04_MIA_MIN,1415.4196,0.0
2026,4,ATL,2026_04_ATL_NO,1414.2587,47.798
2026,4,TEN,2026_04_TEN_BAL,1346.907,0.0
2026,5,BUF,2026_05_BUF_LAR,1672.8157,0.0
2026,5,SEA,2026_05_SF_SEA,1654.5353,0.0
2026,5,SF,2026_05_SF_SEA,1645.2619,0.0
2026,5,LAR,2026_05_BUF_LAR,1630.5646,0.0
2026,5,JAX,2026_05_PHI_JAX,1625.6614,0.0
2026,5,BAL,2026_05_BAL_ATL,1615.6171,0.0
2026,5,CHI,2026_05_CHI_GB,1611.1499,-97.7135
2026,5,KC,2026_04_KC_OAK,1601.6453,0.0
2026,5,NE,2026_05_OAK_NE,1590.5615,0.0
2026,5,DET,2026_05_DET_ARI,1577.5823,0.0
2026,5,DAL,2026_05_TB_DAL,1563.4513,0.0
2026,5,MIN,2026_05_MIN_NO,1562.4547,0.0
2026,5,GB,2026_05_CHI_GB,1552.9099,0.0
2026,5,DEN,2026_05_DEN_LAC,1551.9436,0.0
2026,5,CIN,2026_05_CIN_MIA,1549.4844,0.0
2026,5,IND,2026_05_IND_PIT,1540.2805,0.0
2026,5,HOU,2026_05_HOU_TEN,1533.0971,0.0
2026,5,PHI,2026_05_PHI_JAX,1530.8296,0.0
2026,5,PIT,2026_05_IND_PIT,1522.3633,0.0
2026,5,NYG,2026_05_NYG_WAS,1501.9235,-35.0014
2026,5,WAS,2026_05_NYG_WAS,1491.4138,-33.4662
2026,5,LAC,2026_05_DEN_LAC,1486.5047,0.0
2026,5,TB,2026_05_TB_DAL,1486.4884,-101.654
2026,5,CAR,2026_04_DET_CAR,1462.4991,0.0
2026,5,CLE,2026_05_CLE_NYJ,1452.6378,0.0
2026,5,NO,2026_05_MIN_NO,1449.9415,0.0
2026,5,ATL,2026_05_BAL_ATL,1446.3244,47.798
2026,5,OAK,2026_05_OAK_NE,1437.1293,0.0
2026,5,ARI,2026_05_DET_ARI,1435.1566,0.0
2026,5,NYJ,2026_05_CLE_NYJ,1411.0711,0.0
2026,5,MIA,2026_05_CIN_MIA,1409.2682,0.0
2026,5,TEN,2026_05_HOU_TEN,1351.3025,0.0
